Workbook

Sheet Tabelas
C1: BABY ROO COMERCIO DE ALIMENTOS EIRELI
C2: CNPJ: 34.282.307.0001-44
C3: INSC. ESTADUAL: 90821939-25
C4: ENDEREÇO: Rua Grã Nicco, 113 - sala 501, bloco 2 - Mossunguê, Curitiba - PR, 81200-200
B6: Nome / Razão Social: | J6: Nr. pedido | L6: E-mail XML:
B7: Endereço: | L7: Municipio: | Q7: UF: | R7: PR
B8: CNPJ: | G8: Inscrição Estadual: | J8: Regime SIMPLES? | K8: NÃO | L8: Fone contato com (DDD) | Q8: CEP:
B9: =PREÇOS!A1 -> 0325E
B10: Descrição | D10: Código | E10: Embalagem | F10: Validade | G10: PSC | H10: NCM | I10: Ean 13 | J10: Dun 14 | K10: Crédito ICMS (%) | L10: Valor Unit. | M10: Valor Caixa | N10: SUBSTITUIÇÃO TRIBUTÁRIA UN | O10: IPI | P10: Valor Caixa + ST | Q10: TOTAL Caixas | R10: Valor TOTAL | S10: Valor TOTAL + ST (*)
B11: Papinha Papapa Carne Arroz Legumes 120g | D11: 5313 | E11: 12 x 120g | F11: 12 meses | G11: =VLOOKUP($R$7,'PSC PAPAPA'!$A$2:$L$31,9,FALSE) -> 13.49 | H11: 2104.20.00 | I11: 7898969895316 | J11: 17898969895313 | K11: =VLOOKUP($R$7,'ST BISCOITINHOS'!A:B,2,FALSE) -> 0.12 | L11: =VLOOKUP($R$7,PREÇOS!$A$2:$L$31,9,FALSE)*90% -> 8.0091 | M11: =L11*12 -> 96.1092 | N11: 0 | O11: 0 | P11: =(L11+N11)*12 -> 96.1092 | R11: =Q11*M11 -> 0 | S11: =Q11*P11 -> 0
B12: Papinha Papapa Frango Grão Vegetais 120g | D12: 5320 | E12: 12 x 120g | F12: 12 meses | G12: =VLOOKUP($R$7,'PSC PAPAPA'!$A$2:$L$31,9,FALSE) -> 13.49 | H12: 2104.20.00 | I12: 7898969895323 | J12: 17898969895320 | K12: =VLOOKUP($R$7,'ST BISCOITINHOS'!A:B,2,FALSE) -> 0.12 | L12: =VLOOKUP($R$7,PREÇOS!$A$2:$L$31,9,FALSE)*90% -> 8.0091 | M12: =L12*12 -> 96.1092 | N12: 0 | O12: 0 | P12: =(L12+N12)*12 -> 96.1092 | R12: =Q12*M12 -> 0 | S12: =Q12*P12 -> 0
B14: Papinha Papapa Iogurte Frutas Amarelas e Banana 100g | D14: 5563 | E14: 16 x 100g | F14: 15 meses | G14: =VLOOKUP($R$7,'PSC PAPAPA'!$A$2:$M$31,13,FALSE) -> 9.49 | H14: 2104.20.00 | I14: 7898969895569 | J14: 27898969895563 | K14: =VLOOKUP($R$7,'ST BISCOITINHOS'!A:B,2,FALSE) -> 0.12 | L14: =VLOOKUP($R$7,PREÇOS!$A$2:$M$31,13,FALSE)*90% -> 5.103 | M14: =L14*16 -> 81.648 | N14: 0 | O14: 0 | P14: =M14 -> 81.648 | R14: =Q14*M14 -> 0 | S14: =Q14*P14 -> 0
B15: Papinha Papapa Iogurte Frutas Vermelhas e Banana 100g | D15: 5570 | E15: 16 x 100g | F15: 15 meses | G15: =VLOOKUP($R$7,'PSC PAPAPA'!$A$2:$M$31,13,FALSE) -> 9.49 | H15: 2104.20.00 | I15: 7898969895576 | J15: 27898969895570 | K15: =VLOOKUP($R$7,'ST BISCOITINHOS'!A:B,2,FALSE) -> 0.12 | L15: =VLOOKUP($R$7,PREÇOS!$A$2:$M$31,13,FALSE)*90% -> 5.103 | M15: =L15*16 -> 81.648 | N15: 0 | O15: 0 | P15: =M15 -> 81.648 | R15: =Q15*M15 -> 0 | S15: =Q15*P15 -> 0
B17: Papinha Papapá Org Maçã Ameixa 100g | D17: 17898994908729 | E17: 12 x 100g | F17: 16 meses | G17: =VLOOKUP($R$7,'PSC PAPAPA'!$A$2:$L$31,2,FALSE) -> 9.49 | H17: 2104.20.00 | I17: 7898994908722 | J17: 17898994908729 | K17: =VLOOKUP($R$7,'ST BISCOITINHOS'!A:B,2,FALSE) -> 0.12 | L17: =VLOOKUP($R$7,PREÇOS!$A$2:$L$31,2,FALSE)*90% -> 5.616 | M17: =L17*12 -> 67.392 | N17: 0 | O17: 0 | P17: =M17 -> 67.392 | R17: =Q17*M17 -> 0 | S17: =Q17*P17 -> 0
B18: Papinha Papapá Org Banana Mirtilo Quinoa 100g | D18: 17898994908736 | E18: 12 x 100g | F18: 16 meses | G18: =VLOOKUP($R$7,'PSC PAPAPA'!$A$2:$L$31,2,FALSE) -> 9.49 | H18: 2104.20.00 | I18: 7898994908739 | J18: 17898994908736 | K18: =VLOOKUP($R$7,'ST BISCOITINHOS'!A:B,2,FALSE) -> 0.12 | L18: =VLOOKUP($R$7,PREÇOS!$A$2:$L$31,2,FALSE)*90% -> 5.616 | M18: =L18*12 -> 67.392 | N18: 0 | O18: 0 | P18: =M18 -> 67.392 | R18: =Q18*M18 -> 0 | S18: =Q18*P18 -> 0
B19: Papinha Papapá Org Manga 100g | D19: 17898994908712 | E19: 12 x 100g | F19: 16 meses | G19: =VLOOKUP($R$7,'PSC PAPAPA'!$A$2:$L$31,2,FALSE) -> 9.49 | H19: 2104.20.00 | I19: 7898994908715 | J19: 17898994908712 | K19: =VLOOKUP($R$7,'ST BISCOITINHOS'!A:B,2,FALSE) -> 0.12 | L19: =VLOOKUP($R$7,PREÇOS!$A$2:$L$31,2,FALSE)*90% -> 5.616 | M19: =L19*12 -> 67.392 | N19: 0 | O19: 0 | P19: =M19 -> 67.392 | R19: =Q19*M19 -> 0 | S19: =Q19*P19 -> 0
B20: Papinha Papapá Org Pera Espinafre Abobrinha 100g | D20: 17898994908750 | E20: 12 x 100g | F20: 16 meses | G20: =VLOOKUP($R$7,'PSC PAPAPA'!$A$2:$L$31,2,FALSE) -> 9.49 | H20: 2104.20.00 | I20: 7898994908753 | J20: 17898994908750 | K20: =VLOOKUP($R$7,'ST BISCOITINHOS'!A:B,2,FALSE) -> 0.12 | L20: =VLOOKUP($R$7,PREÇOS!$A$2:$L$31,2,FALSE)*90% -> 5.616 | M20: =L20*12 -> 67.392 | N20: 0 | O20: 0 | P20: =M20 -> 67.392 | R20: =Q20*M20 -> 0 | S20: =Q20*P20 -> 0
B21: Papinha Papapá Org Maçã B. Doce Cenoura 100g | D21: 27898994908757 | E21: 12 x 100g | F21: 16 meses | G21: =VLOOKUP($R$7,'PSC PAPAPA'!$A$2:$L$31,2,FALSE) -> 9.49 | H21: 2104.20.00 | I21: 7898994908746 | J21: 27898994908757 | K21: =VLOOKUP($R$7,'ST BISCOITINHOS'!A:B,2,FALSE) -> 0.12 | L21: =VLOOKUP($R$7,PREÇOS!$A$2:$L$31,2,FALSE)*90% -> 5.616 | M21: =L21*12 -> 67.392 | N21: 0 | O21: 0 | P21: =M21 -> 67.392 | R21: =Q21*M21 -> 0 | S21: =Q21*P21 -> 0
B22: Papinha Papapá Org Morango Maçã 100g | D22: 5306 | E22: 12 x 100g | F22: 16 meses | G22: =VLOOKUP($R$7,'PSC PAPAPA'!$A$2:$L$31,2,FALSE) -> 9.49 | H22: 2104.20.00 | I22: 7898969895309 | J22: 17898969895306 | K22: =VLOOKUP($R$7,'ST BISCOITINHOS'!A:B,2,FALSE) -> 0.12 | L22: =VLOOKUP($R$7,PREÇOS!$A$2:$L$31,2,FALSE)*90% -> 5.616 | M22: =L22*12 -> 67.392 | N22: 0 | O22: 0 | P22: =M22 -> 67.392 | R22: =Q22*M22 -> 0 | S22: =Q22*P22 -> 0
B24: Biscoito inf Papapá org. Beterraba 20g | D24: 5085 | E24: 16 x 20g | F24: 9 meses | G24: =VLOOKUP($R$7,'PSC PAPAPA'!$A$2:$L$31,3,FALSE) -> 5.79 | H24: 1904.10.00 | I24: 7898969895088 | J24: 17898969895085 | K24: =VLOOKUP($R$7,'ST PALITINHOS'!A:B,2,FALSE) -> 0.12 | L24: =VLOOKUP($R$7,PREÇOS!$A$2:$L$31,3,FALSE)*90% -> 3.402 | M24: =L24*16 -> 54.432 | N24: =IF($K$8="SIM",VLOOKUP($R$7,'ST PALITINHOS'!$A$1:$J$31,10,FALSE),VLOOKUP($R$7,'ST PALITINHOS'!$A$1:$J$31,9,FALSE)) -> 0.7898877 | O24: 0 | P24: =(L24+N24)*16 -> 67.070203 | R24: =Q24*M24 -> 0 | S24: =Q24*P24 -> 0
B25: Biscoito inf Papapá org. Cenoura 20g | D25: 5078 | E25: 16 x 20g | F25: 9 meses | G25: =VLOOKUP($R$7,'PSC PAPAPA'!$A$2:$L$31,3,FALSE) -> 5.79 | H25: 1904.10.00 | I25: 7898969895071 | J25: 17898969895078 | K25: =VLOOKUP($R$7,'ST PALITINHOS'!A:B,2,FALSE) -> 0.12 | L25: =VLOOKUP($R$7,PREÇOS!$A$2:$L$31,3,FALSE)*90% -> 3.402 | M25: =L25*16 -> 54.432 | N25: =IF($K$8="SIM",VLOOKUP($R$7,'ST PALITINHOS'!$A$1:$J$31,10,FALSE),VLOOKUP($R$7,'ST PALITINHOS'!$A$1:$J$31,9,FALSE)) -> 0.7898877 | O25: 0 | P25: =(L25+N25)*16 -> 67.070203 | R25: =Q25*M25 -> 0 | S25: =Q25*P25 -> 0
B26: Biscoito inf Papapá org. Tomate/Manjericão 20g | D26: 5061 | E26: 16 x 20g | F26: 9 meses | G26: =VLOOKUP($R$7,'PSC PAPAPA'!$A$2:$L$31,3,FALSE) -> 5.79 | H26: 1904.10.00 | I26: 7898969895064 | J26: 17898969895061 | K26: =VLOOKUP($R$7,'ST PALITINHOS'!A:B,2,FALSE) -> 0.12 | L26: =VLOOKUP($R$7,PREÇOS!$A$2:$L$31,3,FALSE)*90% -> 3.402 | M26: =L26*16 -> 54.432 | N26: =IF($K$8="SIM",VLOOKUP($R$7,'ST PALITINHOS'!$A$1:$J$31,10,FALSE),VLOOKUP($R$7,'ST PALITINHOS'!$A$1:$J$31,9,FALSE)) -> 0.7898877 | O26: 0 | P26: =(L26+N26)*16 -> 67.070203 | R26: =Q26*M26 -> 0 | S26: =Q26*P26 -> 0
B28: Biscoito Inf Papapá dent. Maçã e Abóbora 36g | D28: 8774 | E28: 12 x 36g | F28: 15 meses | G28: =VLOOKUP($R$7,'PSC PAPAPA'!$A$2:$L$31,4,FALSE) -> 19.99 | H28: 1905.90.20 | I28: 7898994908777 | J28: 17898994908774 | K28: =VLOOKUP($R$7,'ST BISCOITINHOS'!A:B,2,FALSE) -> 0.12 | L28: =VLOOKUP($R$7,PREÇOS!$A$2:$L$31,4,FALSE)*90% -> 11.66166 | M28: =L28*12 -> 139.93992 | N28: =IF($K$8="SIM",VLOOKUP($R$7,'ST BISCOITINHOS'!$A$1:$J$31,10,FALSE),VLOOKUP($R$7,'ST BISCOITINHOS'!$A$1:$J$31,9,FALSE)) -> 0 | O28: 0 | P28: =(L28+N28)*12 -> 139.93992 | R28: =Q28*M28 -> 0 | S28: =Q28*P28 -> 0
B29: Biscoito Inf Papapá dent Vegetais 36g | D29: 8767 | E29: 12 x 36g | F29: 15 meses | G29: =VLOOKUP($R$7,'PSC PAPAPA'!$A$2:$L$31,4,FALSE) -> 19.99 | H29: 1905.90.20 | I29: 7898994908760 | J29: 17898994908767 | K29: =VLOOKUP($R$7,'ST BISCOITINHOS'!A:B,2,FALSE) -> 0.12 | L29: =VLOOKUP($R$7,PREÇOS!$A$2:$L$31,4,FALSE)*90% -> 11.66166 | M29: =L29*12 -> 139.93992 | N29: =IF($K$8="SIM",VLOOKUP($R$7,'ST BISCOITINHOS'!$A$1:$J$31,10,FALSE),VLOOKUP($R$7,'ST BISCOITINHOS'!$A$1:$J$31,9,FALSE)) -> 0 | O29: 0 | P29: =(L29+N29)*12 -> 139.93992 | R29: =Q29*M29 -> 0 | S29: =Q29*P29 -> 0
B31: Macarrao Inf Papapá m. Elbow Quinoa 200g | D31: 5290 | E31: 12 x 200g | F31: 14 meses | G31: =VLOOKUP($R$7,'PSC PAPAPA'!$A$2:$L$31,5,FALSE) -> 13.69 | H31: 19.02.19.00 | I31: 7898969895293 | J31: 17898969895293 | K31: =VLOOKUP($R$7,'ST PAPAPASTA'!A:B,2,FALSE) -> 0.12 | L31: =VLOOKUP($R$7,PREÇOS!$A$2:$L$31,5,FALSE)*90% -> 7.605 | M31: =L31*12 -> 91.26 | N31: =IF($K$8="SIM",VLOOKUP($R$7,'ST PAPAPASTA'!$A$1:$J$31,10,FALSE),VLOOKUP($R$7,'ST PAPAPASTA'!$A$1:$J$31,9,FALSE)) -> 0 | O31: 0 | P31: =(L31+N31)*12 -> 91.26 | R31: =Q31*M31 -> 0 | S31: =Q31*P31 -> 0
B32: Macarrao Inf Papapá m. Fusilli Vegetais 200g | D32: 5283 | E32: 12 x 200g | F32: 14 meses | G32: =VLOOKUP($R$7,'PSC PAPAPA'!$A$2:$L$31,5,FALSE) -> 13.69 | H32: 19.02.19.00 | I32: 7898969895286 | J32: 17898969895286 | K32: =VLOOKUP($R$7,'ST PAPAPASTA'!A:B,2,FALSE) -> 0.12 | L32: =VLOOKUP($R$7,PREÇOS!$A$2:$L$31,5,FALSE)*90% -> 7.605 | M32: =L32*12 -> 91.26 | N32: =IF($K$8="SIM",VLOOKUP($R$7,'ST PAPAPASTA'!$A$1:$J$31,10,FALSE),VLOOKUP($R$7,'ST PAPAPASTA'!$A$1:$J$31,9,FALSE)) -> 0 | O32: 0 | P32: =(L32+N32)*12 -> 91.26 | R32: =Q32*M32 -> 0 | S32: =Q32*P32 -> 0
B34: Sopinha Papapá org Lentinha Carne Legumes 180g | D34: 5276 | E34: 6 x 180g | F34: 16 meses | G34: =VLOOKUP($R$7,'PSC PAPAPA'!$A$2:$L$31,6,FALSE) -> 17.99 | H34: 2104.20.00 | I34: 7898969895279 | J34: 17898969895276 | K34: =VLOOKUP($R$7,'ST PAPAPASTA'!A:B,2,FALSE) -> 0.12 | L34: =VLOOKUP($R$7,PREÇOS!$A$2:$L$31,6,FALSE)*90% -> 10.62 | M34: =L34*6 -> 63.72 | N34: 0 | O34: 0 | P34: =(L34+N34)*6 -> 63.72 | R34: =Q34*M34 -> 0 | S34: =Q34*P34 -> 0
B35: Risotinho Papapá org Arroz quinoa frango 180g | D35: 5269 | E35: 6 x 180g | F35: 16 meses | G35: =VLOOKUP($R$7,'PSC PAPAPA'!$A$2:$L$31,6,FALSE) -> 17.99 | H35: 2104.20.00 | I35: 7898969895262 | J35: 17898969895269 | K35: =VLOOKUP($R$7,'ST PAPAPASTA'!A:B,2,FALSE) -> 0.12 | L35: =VLOOKUP($R$7,PREÇOS!$A$2:$L$31,6,FALSE)*90% -> 10.62 | M35: =L35*6 -> 63.72 | N35: 0 | O35: 0 | P35: =(L35+N35)*6 -> 63.72 | R35: =Q35*M35 -> 0 | S35: =Q35*P35 -> 0
B36: Caseirinho Papapá org Arroz feijão carne leg. 180g | D36: 5252 | E36: 6 x 180g | F36: 16 meses | G36: =VLOOKUP($R$7,'PSC PAPAPA'!$A$2:$L$31,6,FALSE) -> 17.99 | H36: 2104.20.00 | I36: 7898969895255 | J36: 17898969895252 | K36: =VLOOKUP($R$7,'ST PAPAPASTA'!A:B,2,FALSE) -> 0.12 | L36: =VLOOKUP($R$7,PREÇOS!$A$2:$L$31,6,FALSE)*90% -> 10.62 | M36: =L36*6 -> 63.72 | N36: 0 | O36: 0 | P36: =(L36+N36)*6 -> 63.72 | R36: =Q36*M36 -> 0 | S36: =Q36*P36 -> 0
B38: Cereal Infantil Papapá Aveia - Morango e Beterraba sache 170g | D38: 5402 | E38: 12 x 170g | F38: 12 meses | G38: =VLOOKUP($R$7,'PSC PAPAPA'!$A$2:$L$31,10,FALSE) -> 9.99 | H38: 19.01.10.30 | I38: 7898969895408 | J38: 27898969895402 | K38: =VLOOKUP($R$7,'ST CEREAL SABOR POUCH 170'!A:B,2,FALSE) -> 0.12 | L38: =VLOOKUP($R$7,PREÇOS!$A$2:$L$31,10,FALSE)*90% -> 5.535 | M38: =L38*12 -> 66.42 | N38: =IF($K$8="SIM",VLOOKUP($R$7,'ST CEREAL SABOR POUCH 170'!$A$1:$J$31,10,FALSE),VLOOKUP($R$7,'ST CEREAL SABOR POUCH 170'!$A$1:$J$31,9,FALSE)) -> 1.190394 | O38: 0 | P38: =(L38+N38)*12 -> 80.704728 | R38: =Q38*M38 -> 0 | S38: =Q38*P38 -> 0
B39: Cereal Infantil Papapá Aveia - Banana e Ameixa sache 170g | D39: 5419 | E39: 12 x 170g | F39: 12 meses | G39: =VLOOKUP($R$7,'PSC PAPAPA'!$A$2:$L$31,10,FALSE) -> 9.99 | H39: 19.01.10.30 | I39: 7898969895415 | J39: 27898969895419 | K39: =VLOOKUP($R$7,'ST CEREAL SABOR POUCH 170'!A:B,2,FALSE) -> 0.12 | L39: =VLOOKUP($R$7,PREÇOS!$A$2:$L$31,10,FALSE)*90% -> 5.535 | M39: =L39*12 -> 66.42 | N39: =IF($K$8="SIM",VLOOKUP($R$7,'ST CEREAL SABOR POUCH 170'!$A$1:$J$31,10,FALSE),VLOOKUP($R$7,'ST CEREAL SABOR POUCH 170'!$A$1:$J$31,9,FALSE)) -> 1.190394 | O39: 0 | P39: =(L39+N39)*12 -> 80.704728 | R39: =Q39*M39 -> 0 | S39: =Q39*P39 -> 0
B40: Cereal Infantil Papapá Aveia - Multicereais sache 170g | D40: 5429 | E40: 12 x 170g | F40: 12 meses | G40: =VLOOKUP($R$7,'PSC PAPAPA'!$A$2:$L$31,11,FALSE) -> 9.99 | H40: 19.01.10.30 | I40: 7898969895422 | J40: 17898969895429 | K40: =VLOOKUP($R$7,'ST MULTI 170 POUCH'!A:B,2,FALSE) -> 0.12 | L40: =VLOOKUP($R$7,PREÇOS!$A$2:$L$31,11,FALSE)*90% -> 5.535 | M40: =L40*12 -> 66.42 | N40: =IF($K$8="SIM",VLOOKUP($R$7,'ST MULTI 170 POUCH'!$A$1:$J$31,10,FALSE),VLOOKUP($R$7,'ST MULTI 170 POUCH'!$A$1:$J$31,9,FALSE)) -> 1.190394 | O40: 0 | P40: =(L40+N40)*12 -> 80.704728 | R40: =Q40*M40 -> 0 | S40: =Q40*P40 -> 0
B41: Cereal Infantil Papapá Aveia - Multicereais sache 500g | D41: 5399 | E41: 12 x 500g | F41: 12 meses | G41: =VLOOKUP($R$7,'PSC PAPAPA'!$A$2:$L$31,12,FALSE) -> 24.99 | H41: 19.01.10.30 | I41: 7898969895392 | J41: 17898969895399 | K41: =VLOOKUP($R$7,'ST MULTI 500 POUCH'!A:B,2,FALSE) -> 0.12 | L41: =VLOOKUP($R$7,PREÇOS!$A$2:$L$31,12,FALSE)*90% -> 13.491 | M41: =L41*12 -> 161.892 | N41: =IF($K$8="SIM",VLOOKUP($R$7,'ST MULTI 500 POUCH'!$A$1:$J$31,10,FALSE),VLOOKUP($R$7,'ST MULTI 500 POUCH'!$A$1:$J$31,9,FALSE)) -> 2.9014644 | O41: 0 | P41: =(L41+N41)*12 -> 196.70957 | R41: =Q41*M41 -> 0 | S41: =Q41*P41 -> 0
B43: Biscoito Infantil Papapá Biscotti com Laranja e Cenoura 60g | D43: 5375 | E43: 12 x 60g | F43: 10 meses | G43: =VLOOKUP($R$7,'PSC PAPAPA'!$A$2:$L$31,8,FALSE) -> 13.49 | H43: 1905.90.20 | I43: 7898969895378 | J43: 17898969895375 | K43: =VLOOKUP($R$7,'ST BISCOTTI'!A:B,2,FALSE) -> 0.12 | L43: =VLOOKUP($R$7,PREÇOS!$A$2:$L$31,8,FALSE)*90% -> 7.56 | M43: =L43*12 -> 90.72 | N43: =IF($K$8="SIM",VLOOKUP($R$7,'ST BISCOTTI'!$A$1:$J$31,10,FALSE),VLOOKUP($R$7,'ST BISCOTTI'!$A$1:$J$31,9,FALSE)) -> 0 | O43: 0 | P43: =(L43+N43)*12 -> 90.72 | R43: =Q43*M43 -> 0 | S43: =Q43*P43 -> 0
B44: Biscoito Infantil Papapá Biscotti com Maçã e Canela 60g | D44: 5351 | E44: 12 x 60g | F44: 10 meses | G44: =VLOOKUP($R$7,'PSC PAPAPA'!$A$2:$L$31,8,FALSE) -> 13.49 | H44: 1905.90.20 | I44: 7898969895354 | J44: 17898969895351 | K44: =VLOOKUP($R$7,'ST BISCOTTI'!A:B,2,FALSE) -> 0.12 | L44: =VLOOKUP($R$7,PREÇOS!$A$2:$L$31,8,FALSE)*90% -> 7.56 | M44: =L44*12 -> 90.72 | N44: =IF($K$8="SIM",VLOOKUP($R$7,'ST BISCOTTI'!$A$1:$J$31,10,FALSE),VLOOKUP($R$7,'ST BISCOTTI'!$A$1:$J$31,9,FALSE)) -> 0 | O44: 0 | P44: =(L44+N44)*12 -> 90.72 | R44: =Q44*M44 -> 0 | S44: =Q44*P44 -> 0
B45: Biscoito Infantil Papapá Biscotti com Banana e Cacau 60g | D45: 5368 | E45: 12 x 60g | F45: 10 meses | G45: =VLOOKUP($R$7,'PSC PAPAPA'!$A$2:$L$31,8,FALSE) -> 13.49 | H45: 1905.90.20 | I45: 7898969895361 | J45: 17898969895368 | K45: =VLOOKUP($R$7,'ST BISCOTTI'!A:B,2,FALSE) -> 0.12 | L45: =VLOOKUP($R$7,PREÇOS!$A$2:$L$31,8,FALSE)*90% -> 7.56 | M45: =L45*12 -> 90.72 | N45: =IF($K$8="SIM",VLOOKUP($R$7,'ST BISCOTTI'!$A$1:$J$31,10,FALSE),VLOOKUP($R$7,'ST BISCOTTI'!$A$1:$J$31,9,FALSE)) -> 0 | O45: 0 | P45: =(L45+N45)*12 -> 90.72 | R45: =Q45*M45 -> 0 | S45: =Q45*P45 -> 0
B46: Biscoito Infantil Papapá Biscotti Goiaba 60g | D46: 5597 | E46: 12 x 60g | F46: 10 meses | G46: =VLOOKUP($R$7,'PSC PAPAPA'!$A$2:$L$31,8,FALSE) -> 13.49 | H46: 1905.90.20 | I46: 7898969895590 | J46: 17898969895597 | K46: =VLOOKUP($R$7,'ST BISCOTTI'!A:B,2,FALSE) -> 0.12 | L46: =VLOOKUP($R$7,PREÇOS!$A$2:$L$31,8,FALSE)*90% -> 7.56 | M46: =L46*12 -> 90.72 | N46: =IF($K$8="SIM",VLOOKUP($R$7,'ST BISCOTTI'!$A$1:$J$31,10,FALSE),VLOOKUP($R$7,'ST BISCOTTI'!$A$1:$J$31,9,FALSE)) -> 0 | O46: 0 | P46: =(L46+N46)*12 -> 90.72 | R46: =Q46*M46 -> 0 | S46: =Q46*P46 -> 0
B47: Biscoito Infantil Papapá Biscotti com Maracujá e Camomila 60g | D47: 5580 | E47: 12 x 60g | F47: 10 meses | G47: =VLOOKUP($R$7,'PSC PAPAPA'!$A$2:$L$31,8,FALSE) -> 13.49 | H47: 1905.90.20 | I47: 7898969895583 | J47: 17898969895580 | K47: =VLOOKUP($R$7,'ST BISCOTTI'!A:B,2,FALSE) -> 0.12 | L47: =VLOOKUP($R$7,PREÇOS!$A$2:$L$31,8,FALSE)*90% -> 7.56 | M47: =L47*12 -> 90.72 | N47: =IF($K$8="SIM",VLOOKUP($R$7,'ST BISCOTTI'!$A$1:$J$31,10,FALSE),VLOOKUP($R$7,'ST BISCOTTI'!$A$1:$J$31,9,FALSE)) -> 0 | O47: 0 | P47: =(L47+N47)*12 -> 90.72 | R47: =Q47*M47 -> 0 | S47: =Q47*P47 -> 0
B49: Sopinha Papapá Frango Arroz Legumes 240g (2x 120g) | D49: 5610 | E49: 6 x 240g | F49: 12 meses | G49: 18.99 | H49: 2104.20.00 | I49: 7898969895613 | J49: 17898969895610 | K49: =VLOOKUP($R$7,'ST PAPAPASTA'!A:B,2,FALSE) -> 0.12 | L49: =VLOOKUP($R$7,PREÇOS!$A$2:$N$31,14,FALSE)*90% -> 11.6424 | M49: =L49*6 -> 69.8544 | N49: 0 | O49: 0 | P49: =(L49+N49)*6 -> 69.8544 | R49: =Q49*M49 -> 0 | S49: =Q49*P49 -> 0
B50: Sopinha Papapá Carne Macarrao Legumes 240g (2x 120g) | D50: 5634 | E50: 6 x 240g | F50: 12 meses | G50: 18.99 | H50: 2104.20.00 | I50: 7898969895637 | J50: 17898969895634 | K50: =VLOOKUP($R$7,'ST PAPAPASTA'!A:B,2,FALSE) -> 0.12 | L50: =VLOOKUP($R$7,PREÇOS!$A$2:$N$31,14,FALSE)*90% -> 11.6424 | M50: =L50*6 -> 69.8544 | N50: 0 | O50: 0 | P50: =(L50+N50)*6 -> 69.8544 | R50: =Q50*M50 -> 0 | S50: =Q50*P50 -> 0
B51: Sopinha Papapá Carne Mandioq Leg 240g (2x 120g) | D51: 5627 | E51: 6 x 240g | F51: 12 meses | G51: 18.99 | H51: 2104.20.00 | I51: 7898969895620 | J51: 17898969895627 | K51: =VLOOKUP($R$7,'ST PAPAPASTA'!A:B,2,FALSE) -> 0.12 | L51: =VLOOKUP($R$7,PREÇOS!$A$2:$N$31,14,FALSE)*90% -> 11.6424 | M51: =L51*6 -> 69.8544 | N51: 0 | O51: 0 | P51: =(L51+N51)*6 -> 69.8544 | R51: =Q51*M51 -> 0 | S51: =Q51*P51 -> 0
B52: Sopinha Papapá Feijão Carne Leg 240g (2x 120g) | D52: 5603 | E52: 6 x 240g | F52: 12 meses | G52: 18.99 | H52: 2104.20.00 | I52: 7898969895606 | J52: 17898969895603 | K52: =VLOOKUP($R$7,'ST PAPAPASTA'!A:B,2,FALSE) -> 0.12 | L52: =VLOOKUP($R$7,PREÇOS!$A$2:$N$31,14,FALSE)*90% -> 11.6424 | M52: =L52*6 -> 69.8544 | N52: 0 | O52: 0 | P52: =(L52+N52)*6 -> 69.8544 | R52: =Q52*M52 -> 0 | S52: =Q52*P52 -> 0
B54: Salgadinho Integral Orgânico Queijo Papapa Era Uma Vez 40g | D54: 5670 | E54: 18 x 40g | F54: 9 meses | G54: =VLOOKUP($R$7,PSC!$A$2:$Q$31,15,FALSE) -> 7.99 | H54: 1904.10.00 | I54: 7898969895811 | J54: 17898969895818 | K54: =VLOOKUP($R$7,'[1]ST EXTRUSADOS'!A:B,2,FALSE) -> 0.12 | L54: =VLOOKUP($R$7,[1]PREÇOS!$A$2:$Q$31,15,FALSE) -> 5.55 | M54: =L54*18 -> 99.9 | N54: =IF($K$8="SIM",VLOOKUP($R$7,'[1]ST EXTRUSADOS'!$A$1:$J$31,10,FALSE),VLOOKUP($R$7,'[1]ST EXTRUSADOS'!$A$1:$J$31,9,FALSE)) -> 1.1597558 | O54: 0 | P54: =(L54+N54)*18 -> 120.7756 | R54: =Q54*M54 -> 0 | S54: =Q54*P54 -> 0
B55: Salgadinho Integral Orgânico Cebola & Salsa Papapa Era Uma Vez 40g | D55: 5671 | E55: 18 x 40g | F55: 9 meses | G55: =VLOOKUP($R$7,PSC!$A$2:$Q$31,15,FALSE) -> 7.99 | H55: 1904.10.00 | I55: 7898969895804 | J55: 17898969895801 | K55: =VLOOKUP($R$7,'[1]ST EXTRUSADOS'!A:B,2,FALSE) -> 0.12 | L55: =VLOOKUP($R$7,[1]PREÇOS!$A$2:$Q$31,15,FALSE) -> 5.55 | M55: =L55*18 -> 99.9 | N55: =IF($K$8="SIM",VLOOKUP($R$7,'[1]ST EXTRUSADOS'!$A$1:$J$31,10,FALSE),VLOOKUP($R$7,'[1]ST EXTRUSADOS'!$A$1:$J$31,9,FALSE)) -> 1.1597558 | O55: 0 | P55: =(L55+N55)*18 -> 120.7756 | R55: =Q55*M55 -> 0 | S55: =Q55*P55 -> 0
B56: Salgadinho Integral Orgânico Churrasco Papapa Era Uma Vez 40g | D56: 5673 | E56: 18 x 40g | F56: 9 meses | G56: =VLOOKUP($R$7,PSC!$A$2:$Q$31,15,FALSE) -> 7.99 | H56: 1904.10.00 | I56: 7898969895798 | J56: 17898969895795 | K56: =VLOOKUP($R$7,'[1]ST EXTRUSADOS'!A:B,2,FALSE) -> 0.12 | L56: =VLOOKUP($R$7,[1]PREÇOS!$A$2:$Q$31,15,FALSE) -> 5.55 | M56: =L56*18 -> 99.9 | N56: =IF($K$8="SIM",VLOOKUP($R$7,'[1]ST EXTRUSADOS'!$A$1:$J$31,10,FALSE),VLOOKUP($R$7,'[1]ST EXTRUSADOS'!$A$1:$J$31,9,FALSE)) -> 1.1597558 | O56: 0 | P56: =(L56+N56)*18 -> 120.7756 | R56: =Q56*M56 -> 0 | S56: =Q56*P56 -> 0
B58: Biscoito Recheado de Frutas Amarelas Papapa Era Uma Vez 30g | D58: 5677 | E58: 8x30g | F58: 10 meses | G58: =VLOOKUP($R$7,[1]PSC!$A$2:$Q$31,16,FALSE) -> 8.6 | H58: 1905.90.20 | I58: 7898969895828 | J58: 17898969895917 | K58: =VLOOKUP($R$7,'[1]ST RECHEADOS'!A:B,2,FALSE) -> 0.12 | L58: =VLOOKUP($R$7,[1]PREÇOS!$A$2:$Q$31,16,FALSE) -> 6.2 | M58: =L58*8 -> 49.6 | N58: =IF($K$8="SIM",VLOOKUP($R$7,'[1]ST RECHEADOS'!$A$1:$J$31,10,FALSE),VLOOKUP($R$7,'[1]ST RECHEADOS'!$A$1:$J$31,9,FALSE)) -> 0 | O58: 0 | P58: =(L58+N58)*8 -> 49.6 | R58: =Q58*M58 -> 0 | S58: =Q58*P58 -> 0
B59: Biscoito Recheado de Morango Papapa Era Uma Vez 30g | D59: 5678 | E59: 8x30g | F59: 10 meses | G59: =VLOOKUP($R$7,[1]PSC!$A$2:$Q$31,16,FALSE) -> 8.6 | H59: 1905.90.20 | I59: 7898969895835 | J59: 17898969895900 | K59: =VLOOKUP($R$7,'[1]ST RECHEADOS'!A:B,2,FALSE) -> 0.12 | L59: =VLOOKUP($R$7,[1]PREÇOS!$A$2:$Q$31,16,FALSE) -> 6.2 | M59: =L59*8 -> 49.6 | N59: =IF($K$8="SIM",VLOOKUP($R$7,'[1]ST RECHEADOS'!$A$1:$J$31,10,FALSE),VLOOKUP($R$7,'[1]ST RECHEADOS'!$A$1:$J$31,9,FALSE)) -> 0 | O59: 0 | P59: =(L59+N59)*8 -> 49.6 | R59: =Q59*M59 -> 0 | S59: =Q59*P59 -> 0
B61: Bebida de Laranja Papapa Era Uma Vez 200ml | D61: 5680 | E61: 27 x 200 ml | F61: 8 meses | G61: =VLOOKUP($R$7,[1]PSC!$A$2:$Q$31,17,FALSE) -> 4.99 | H61: 2202.99.00 | I61: 7898969895880 | J61: 17898969895887 | K61: =VLOOKUP($R$7,'[1]ST BISCOTTI'!A:B,2,FALSE) -> 0.12 | L61: =VLOOKUP($R$7,[1]PREÇOS!$A$2:$Q$31,17,FALSE) -> 3.55 | M61: =L61*27 -> 95.85 | N61: 0 | O61: 0 | P61: =(L61+N61)*27 -> 95.85 | R61: =Q61*M61 -> 0 | S61: =Q61*P61 -> 0
B62: Bebida de Uva Papapa Era Uma Vez 200ml | D62: 5681 | E62: 27 x 200 ml | F62: 8 meses | G62: =VLOOKUP($R$7,[1]PSC!$A$2:$Q$31,17,FALSE) -> 4.99 | H62: 2202.99.00 | I62: 7898969895859 | J62: 17898969895856 | K62: =VLOOKUP($R$7,'[1]ST BISCOTTI'!A:B,2,FALSE) -> 0.12 | L62: =VLOOKUP($R$7,[1]PREÇOS!$A$2:$Q$31,17,FALSE) -> 3.55 | M62: =L62*27 -> 95.85 | N62: 0 | O62: 0 | P62: =(L62+N62)*27 -> 95.85 | R62: =Q62*M62 -> 0 | S62: =Q62*P62 -> 0
B63: Bebida de Morango Papapa Era Uma Vez 200ml | D63: 5682 | E63: 27 x 200 ml | F63: 8 meses | G63: =VLOOKUP($R$7,[1]PSC!$A$2:$Q$31,17,FALSE) -> 4.99 | H63: 2202.99.00 | I63: 7898969895866 | J63: 17898969895863 | K63: =VLOOKUP($R$7,'[1]ST BISCOTTI'!A:B,2,FALSE) -> 0.12 | L63: =VLOOKUP($R$7,[1]PREÇOS!$A$2:$Q$31,17,FALSE) -> 3.55 | M63: =L63*27 -> 95.85 | N63: 0 | O63: 0 | P63: =(L63+N63)*27 -> 95.85 | R63: =Q63*M63 -> 0 | S63: =Q63*P63 -> 0
B64: Bebida de Maçã Papapa Era Uma Vez 200ml | D64: 5683 | E64: 27 x 200 ml | F64: 8 meses | G64: =VLOOKUP($R$7,[1]PSC!$A$2:$Q$31,17,FALSE) -> 4.99 | H64: 2202.99.00 | I64: 7898969895873 | J64: 17898969895870 | K64: =VLOOKUP($R$7,'[1]ST BISCOTTI'!A:B,2,FALSE) -> 0.12 | L64: =VLOOKUP($R$7,[1]PREÇOS!$A$2:$Q$31,17,FALSE) -> 3.55 | M64: =L64*27 -> 95.85 | N64: 0 | O64: 0 | P64: =(L64+N64)*27 -> 95.85 | R64: =Q64*M64 -> 0 | S64: =Q64*P64 -> 0
B66: Bebida Láctea UHT Chocolate Papapa Era Uma Vez 200ml | D66: 5310 | E66: 27 x 200 ml | F66: 6 meses | G66: =VLOOKUP($R$7,[1]PSC!$A$2:$T$31,18,FALSE) -> 5.99 | H66: 2202.99.00 | I66: 7898969895897 | J66: 17898969895894 | K66: =VLOOKUP($R$7,'[1]ST BISCOTTI'!A:B,2,FALSE) -> 0.12 | L66: =VLOOKUP($R$7,[1]PREÇOS!$A$2:$T$31,18,FALSE) -> 4.15 | M66: =L66*27 -> 112.05 | N66: 0 | O66: 0 | P66: =(L66+N66)*27 -> 112.05 | R66: =Q66*M66 -> 0 | S66: =Q66*P66 -> 0
B68: Kit De Talheres Infantil - Azul | D68: 5641 | E68: 1un | F68: Indeterminado | G68: =VLOOKUP($R$7,[1]PSC!$A$2:$V$31,19,FALSE) -> 36 | H68: 3924.10.00 | I68: 7898969895644 | J68: 17898969895641 | K68: =VLOOKUP($R$7,'[1]ST BISCOITINHOS'!A:B,2,FALSE) -> 0.12 | L68: =VLOOKUP($R$7,[1]PREÇOS!$A$2:$V$31,19,FALSE) -> 17.090909 | M68: =L68 -> 17.090909 | N68: 0 | O68: =L68*6.5% -> 1.1109091 | P68: =(L68+N68+O68) -> 18.201818 | R68: =Q68*M68 -> 0 | S68: =Q68*P68 -> 0
B69: Kit De Talheres Infantil - Verde | D69: 5658 | E69: 1un | F69: Indeterminado | G69: =VLOOKUP($R$7,[1]PSC!$A$2:$V$31,19,FALSE) -> 36 | H69: 3924.10.00 | I69: 7898969895651 | J69: 17898969895658 | K69: =VLOOKUP($R$7,'[1]ST BISCOITINHOS'!A:B,2,FALSE) -> 0.12 | L69: =VLOOKUP($R$7,[1]PREÇOS!$A$2:$V$31,19,FALSE) -> 17.090909 | M69: =L69 -> 17.090909 | N69: 0 | O69: =L69*6.5% -> 1.1109091 | P69: =(L69+N69+O69) -> 18.201818 | R69: =Q69*M69 -> 0 | S69: =Q69*P69 -> 0
B70: Kit De Talheres Infantil - Rosa | D70: 5665 | E70: 1un | F70: Indeterminado | G70: =VLOOKUP($R$7,[1]PSC!$A$2:$V$31,19,FALSE) -> 36 | H70: 3924.10.00 | I70: 7898969895668 | J70: 17898969895665 | K70: =VLOOKUP($R$7,'[1]ST BISCOITINHOS'!A:B,2,FALSE) -> 0.12 | L70: =VLOOKUP($R$7,[1]PREÇOS!$A$2:$V$31,19,FALSE) -> 17.090909 | M70: =L70 -> 17.090909 | N70: 0 | O70: =L70*6.5% -> 1.1109091 | P70: =(L70+N70+O70) -> 18.201818 | R70: =Q70*M70 -> 0 | S70: =Q70*P70 -> 0
B71: Babador Infantil Com Bolso - Azul | D71: 5733 | E71: 1un | F71: Indeterminado | G71: =VLOOKUP($R$7,[1]PSC!$A$2:$V$31,21,FALSE) -> 27 | H71: 3924.10.00 | I71: 7898969895736 | J71: 17898969895733 | K71: =VLOOKUP($R$7,'[1]ST BISCOITINHOS'!A:B,2,FALSE) -> 0.12 | L71: =VLOOKUP($R$7,[1]PREÇOS!$A$2:$V$31,20,FALSE) -> 14.954545 | M71: =L71 -> 14.954545 | N71: 0 | O71: =L71*6.5% -> 0.97204545 | P71: =(L71+N71+O71) -> 15.926591 | R71: =Q71*M71 -> 0 | S71: =Q71*P71 -> 0
B72: Babador Infantil Com Bolso - Verde | D72: 5740 | E72: 1un | F72: Indeterminado | G72: =VLOOKUP($R$7,[1]PSC!$A$2:$V$31,21,FALSE) -> 27 | H72: 3924.10.00 | I72: 7898969895743 | J72: 17898969895740 | K72: =VLOOKUP($R$7,'[1]ST BISCOITINHOS'!A:B,2,FALSE) -> 0.12 | L72: =VLOOKUP($R$7,[1]PREÇOS!$A$2:$V$31,20,FALSE) -> 14.954545 | M72: =L72 -> 14.954545 | N72: 0 | O72: =L72*6.5% -> 0.97204545 | P72: =(L72+N72+O72) -> 15.926591 | R72: =Q72*M72 -> 0 | S72: =Q72*P72 -> 0
B73: Babador Infantil Com Bolso - Rosa | D73: 5757 | E73: 1un | F73: Indeterminado | G73: =VLOOKUP($R$7,[1]PSC!$A$2:$V$31,21,FALSE) -> 27 | H73: 3924.10.00 | I73: 7898969895750 | J73: 17898969895757 | K73: =VLOOKUP($R$7,'[1]ST BISCOITINHOS'!A:B,2,FALSE) -> 0.12 | L73: =VLOOKUP($R$7,[1]PREÇOS!$A$2:$V$31,20,FALSE) -> 14.954545 | M73: =L73 -> 14.954545 | N73: 0 | O73: =L73*6.5% -> 0.97204545 | P73: =(L73+N73+O73) -> 15.926591 | R73: =Q73*M73 -> 0 | S73: =Q73*P73 -> 0
B74: Bowl Infantil Com Ventosa - Azul | D74: 5702 | E74: 1un | F74: Indeterminado | G74: =VLOOKUP($R$7,[1]PSC!$A$2:$V$31,20,FALSE) -> 36 | H74: 3924.10.00 | I74: 7898969895705 | J74: 17898969895702 | K74: =VLOOKUP($R$7,'[1]ST BISCOITINHOS'!A:B,2,FALSE) -> 0.12 | L74: =VLOOKUP($R$7,[1]PREÇOS!$A$2:$V$31,21,FALSE) -> 19.227273 | M74: =L74 -> 19.227273 | N74: 0 | O74: =L74*6.5% -> 1.2497727 | P74: =(L74+N74+O74) -> 20.477045 | R74: =Q74*M74 -> 0 | S74: =Q74*P74 -> 0
B75: Bowl Infantil Com Ventosa - Verde | D75: 5719 | E75: 1un | F75: Indeterminado | G75: =VLOOKUP($R$7,[1]PSC!$A$2:$V$31,20,FALSE) -> 36 | H75: 3924.10.00 | I75: 7898969895712 | J75: 17898969895719 | K75: =VLOOKUP($R$7,'[1]ST BISCOITINHOS'!A:B,2,FALSE) -> 0.12 | L75: =VLOOKUP($R$7,[1]PREÇOS!$A$2:$V$31,21,FALSE) -> 19.227273 | M75: =L75 -> 19.227273 | N75: 0 | O75: =L75*6.5% -> 1.2497727 | P75: =(L75+N75+O75) -> 20.477045 | R75: =Q75*M75 -> 0 | S75: =Q75*P75 -> 0
B76: Bowl Infantil Com Ventosa - Rosa | D76: 5726 | E76: 1un | F76: Indeterminado | G76: =VLOOKUP($R$7,[1]PSC!$A$2:$V$31,20,FALSE) -> 36 | H76: 3924.10.00 | I76: 7898969895729 | J76: 17898969895726 | K76: =VLOOKUP($R$7,'[1]ST BISCOITINHOS'!A:B,2,FALSE) -> 0.12 | L76: =VLOOKUP($R$7,[1]PREÇOS!$A$2:$V$31,21,FALSE) -> 19.227273 | M76: =L76 -> 19.227273 | N76: 0 | O76: =L76*6.5% -> 1.2497727 | P76: =(L76+N76+O76) -> 20.477045 | R76: =Q76*M76 -> 0 | S76: =Q76*P76 -> 0
B77: Pratinho Infantil Com Ventosa - Azul | D77: 5675 | E77: 1un | F77: Indeterminado | G77: =VLOOKUP($R$7,[1]PSC!$A$2:$V$31,22,FALSE) -> 48 | H77: 3924.10.00 | I77: 7898969895675 | J77: 17898969895672 | K77: =VLOOKUP($R$7,'[1]ST BISCOITINHOS'!A:B,2,FALSE) -> 0.12 | L77: =VLOOKUP($R$7,[1]PREÇOS!$A$2:$V$31,22,FALSE) -> 29.150682 | M77: =L77 -> 29.150682 | N77: 0 | O77: =L77*6.5% -> 1.8947943 | P77: =(L77+N77+O77) -> 31.045476 | R77: =Q77*M77 -> 0 | S77: =Q77*P77 -> 0
B78: Pratinho Infantil Com Ventosa - Verde | D78: 5689 | E78: 1un | F78: Indeterminado | G78: =VLOOKUP($R$7,[1]PSC!$A$2:$V$31,22,FALSE) -> 48 | H78: 3924.10.00 | I78: 7898969895682 | J78: 17898969895689 | K78: =VLOOKUP($R$7,'[1]ST BISCOITINHOS'!A:B,2,FALSE) -> 0.12 | L78: =VLOOKUP($R$7,[1]PREÇOS!$A$2:$V$31,22,FALSE) -> 29.150682 | M78: =L78 -> 29.150682 | N78: 0 | O78: =L78*6.5% -> 1.8947943 | P78: =(L78+N78+O78) -> 31.045476 | R78: =Q78*M78 -> 0 | S78: =Q78*P78 -> 0
B79: Pratinho Infantil Com Ventosa - Rosa | D79: 5696 | E79: 1un | F79: Indeterminado | G79: =VLOOKUP($R$7,[1]PSC!$A$2:$V$31,22,FALSE) -> 48 | H79: 3924.10.00 | I79: 7898969895699 | J79: 17898969895696 | K79: =VLOOKUP($R$7,'[1]ST BISCOITINHOS'!A:B,2,FALSE) -> 0.12 | L79: =VLOOKUP($R$7,[1]PREÇOS!$A$2:$V$31,22,FALSE) -> 29.150682 | M79: =L79 -> 29.150682 | N79: 0 | O79: =L79*6.5% -> 1.8947943 | P79: =(L79+N79+O79) -> 31.045476 | R79: =Q79*M79 -> 0 | S79: =Q79*P79 -> 0
M80: (*) quando inside ST o valor do imposto é adicionado nesta coluna
P81: VALOR TOTAL PRODUTOS (R$): | S81: =SUM(R11:R78) -> 0
P83: VALOR ST (R$): | S83: =S85-S81 -> 0
P85: VALOR TOTAL PEDIDO (R$): | S85: =SUM(S11:S79) -> 0

Sheet Planilha1
C2: SIM
C3: NÃO

Sheet ST BISCOITINHOS
A1: Estado | B1: Aliquota interestadual | C1: Aliquota interna | D1: MVA (normal) | E1: MVA (simples) | F1: Ajustada (normal) | G1: Ajustada (simples) | H1: Preço | I1: ST Normal | J1: ST Simples
A2: AC | B2: 0.04 | C2: 0.04 | H2: =PREÇOS!D3 -> 11.8141 | I2: =IF(F2=0,,H2*(1+F2)*C2-(H2*B2)) -> 0 | J2: =IF(G2=0,IF(F2=0,,H2*(1+F2)*C2-(H2*B2)),H2*(1+G2)*C2-(H2*B2)) -> 0
A3: AL | B3: 0.04 | C3: 0.2 | D3: 0.3 | F3: 0.56 | H3: =PREÇOS!D4 -> 11.8141 | I3: =IF(F3=0,,H3*(1+F3)*C3-(H3*B3)) -> 3.2134352 | J3: =IF(G3=0,IF(F3=0,,H3*(1+F3)*C3-(H3*B3)),H3*(1+G3)*C3-(H3*B3)) -> 3.2134352
A4: AM | B4: 0.04 | C4: 0.04 | H4: =PREÇOS!D5 -> 11.8141 | I4: =IF(F4=0,,H4*(1+F4)*C4-(H4*B4)) -> 0 | J4: =IF(G4=0,IF(F4=0,,H4*(1+F4)*C4-(H4*B4)),H4*(1+G4)*C4-(H4*B4)) -> 0
A5: AP | B5: 0.04 | C5: 0.18 | D5: 0.34 | F5: 0.5688 | H5: =PREÇOS!D6 -> 11.8141 | I5: =IF(F5=0,,H5*(1+F5)*C5-(H5*B5)) -> 2.8635488 | J5: =IF(G5=0,IF(F5=0,,H5*(1+F5)*C5-(H5*B5)),H5*(1+G5)*C5-(H5*B5)) -> 2.8635488
A6: BA | B6: 0.04 | C6: 0.04 | H6: =PREÇOS!D7 -> 11.8141 | I6: =IF(F6=0,,H6*(1+F6)*C6-(H6*B6)) -> 0 | J6: =IF(G6=0,IF(F6=0,,H6*(1+F6)*C6-(H6*B6)),H6*(1+G6)*C6-(H6*B6)) -> 0
A7: CE | B7: 0.04 | C7: 0.04 | H7: =PREÇOS!D8 -> 11.8141 | I7: =IF(F7=0,,H7*(1+F7)*C7-(H7*B7)) -> 0 | J7: =IF(G7=0,IF(F7=0,,H7*(1+F7)*C7-(H7*B7)),H7*(1+G7)*C7-(H7*B7)) -> 0
A8: DF | B8: 0.04 | C8: 0.04 | H8: =PREÇOS!D9 -> 11.8141 | I8: =IF(F8=0,,H8*(1+F8)*C8-(H8*B8)) -> 0 | J8: =IF(G8=0,IF(F8=0,,H8*(1+F8)*C8-(H8*B8)),H8*(1+G8)*C8-(H8*B8)) -> 0
A9: ES | B9: 0.04 | C9: 0.04 | H9: =PREÇOS!D10 -> 11.8141 | I9: =IF(F9=0,,H9*(1+F9)*C9-(H9*B9)) -> 0 | J9: =IF(G9=0,IF(F9=0,,H9*(1+F9)*C9-(H9*B9)),H9*(1+G9)*C9-(H9*B9)) -> 0
A10: GO | B10: 0.04 | C10: 0.04 | H10: =PREÇOS!D11 -> 11.8141 | I10: =IF(F10=0,,H10*(1+F10)*C10-(H10*B10)) -> 0 | J10: =IF(G10=0,IF(F10=0,,H10*(1+F10)*C10-(H10*B10)),H10*(1+G10)*C10-(H10*B10)) -> 0
A11: MA | B11: 0.04 | C11: 0.04 | H11: =PREÇOS!D12 -> 11.8141 | I11: =IF(F11=0,,H11*(1+F11)*C11-(H11*B11)) -> 0 | J11: =IF(G11=0,IF(F11=0,,H11*(1+F11)*C11-(H11*B11)),H11*(1+G11)*C11-(H11*B11)) -> 0
A12: MG | B12: 0.04 | C12: 0.18 | D12: 0.25 | F12: 0.3636 | H12: =PREÇOS!D13 -> 11.8141 | I12: =IF(F12=0,,H12*(1+F12)*C12-(H12*B12)) -> 2.4271832 | J12: =IF(G12=0,IF(F12=0,,H12*(1+F12)*C12-(H12*B12)),H12*(1+G12)*C12-(H12*B12)) -> 2.4271832
A13: MS | B13: 0.04 | C13: 0.04 | H13: =PREÇOS!D14 -> 11.8141 | I13: =IF(F13=0,,H13*(1+F13)*C13-(H13*B13)) -> 0 | J13: =IF(G13=0,IF(F13=0,,H13*(1+F13)*C13-(H13*B13)),H13*(1+G13)*C13-(H13*B13)) -> 0
A14: MT | B14: 0.04 | C14: 0.04 | H14: =PREÇOS!D15 -> 11.8141 | I14: =IF(F14=0,,H14*(1+F14)*C14-(H14*B14)) -> 0 | J14: =IF(G14=0,IF(F14=0,,H14*(1+F14)*C14-(H14*B14)),H14*(1+G14)*C14-(H14*B14)) -> 0
A15: PA | B15: 0.04 | C15: 0.04 | H15: =PREÇOS!D16 -> 11.8141 | I15: =IF(F15=0,,H15*(1+F15)*C15-(H15*B15)) -> 0 | J15: =IF(G15=0,IF(F15=0,,H15*(1+F15)*C15-(H15*B15)),H15*(1+G15)*C15-(H15*B15)) -> 0
A16: PB | B16: 0.04 | C16: 0.04 | H16: =PREÇOS!D17 -> 11.8141 | I16: =IF(F16=0,,H16*(1+F16)*C16-(H16*B16)) -> 0 | J16: =IF(G16=0,IF(F16=0,,H16*(1+F16)*C16-(H16*B16)),H16*(1+G16)*C16-(H16*B16)) -> 0
A17: PE | B17: 0.04 | C17: 0.04 | H17: =PREÇOS!D18 -> 11.8141 | I17: =IF(F17=0,,H17*(1+F17)*C17-(H17*B17)) -> 0 | J17: =IF(G17=0,IF(F17=0,,H17*(1+F17)*C17-(H17*B17)),H17*(1+G17)*C17-(H17*B17)) -> 0
A18: PI | B18: 0.04 | C18: 0.04 | H18: =PREÇOS!D19 -> 11.8141 | I18: =IF(F18=0,,H18*(1+F18)*C18-(H18*B18)) -> 0 | J18: =IF(G18=0,IF(F18=0,,H18*(1+F18)*C18-(H18*B18)),H18*(1+G18)*C18-(H18*B18)) -> 0
A19: PR | B19: 0.12 | C19: 0.12 | H19: =PREÇOS!D20 -> 12.9574 | I19: =IF(F19=0,,H19*(1+F19)*C19-(H19*B19)) -> 0 | J19: =IF(G19=0,IF(F19=0,,H19*(1+F19)*C19-(H19*B19)),H19*(1+G19)*C19-(H19*B19)) -> 0
A20: RJ | B20: 0.04 | C20: 0.22 | D20: 0.352 | F20: 0.664 | H20: =PREÇOS!D21 -> 11.8141 | I20: =IF(F20=0,,H20*(1+F20)*C20-(H20*B20)) -> 3.8523417 | J20: =IF(G20=0,IF(F20=0,,H20*(1+F20)*C20-(H20*B20)),H20*(1+G20)*C20-(H20*B20)) -> 3.8523417
A21: RN | B21: 0.04 | C21: 0.04 | H21: =PREÇOS!D22 -> 11.8141 | I21: =IF(F21=0,,H21*(1+F21)*C21-(H21*B21)) -> 0 | J21: =IF(G21=0,IF(F21=0,,H21*(1+F21)*C21-(H21*B21)),H21*(1+G21)*C21-(H21*B21)) -> 0
A22: RO | B22: 0.04 | C22: 0.04 | H22: =PREÇOS!D23 -> 11.8141 | I22: =IF(F22=0,,H22*(1+F22)*C22-(H22*B22)) -> 0 | J22: =IF(G22=0,IF(F22=0,,H22*(1+F22)*C22-(H22*B22)),H22*(1+G22)*C22-(H22*B22)) -> 0
A23: RR | B23: 0.04 | C23: 0.04 | H23: =PREÇOS!D24 -> 11.8141 | I23: =IF(F23=0,,H23*(1+F23)*C23-(H23*B23)) -> 0 | J23: =IF(G23=0,IF(F23=0,,H23*(1+F23)*C23-(H23*B23)),H23*(1+G23)*C23-(H23*B23)) -> 0
A24: RS | B24: 0.04 | C24: 0.04 | H24: =PREÇOS!D25 -> 11.8141 | I24: =IF(F24=0,,H24*(1+F24)*C24-(H24*B24)) -> 0 | J24: =IF(G24=0,IF(F24=0,,H24*(1+F24)*C24-(H24*B24)),H24*(1+G24)*C24-(H24*B24)) -> 0
A25: SC | B25: 0.04 | C25: 0.04 | H25: =PREÇOS!D26 -> 11.8141 | I25: =IF(F25=0,,H25*(1+F25)*C25-(H25*B25)) -> 0 | J25: =IF(G25=0,IF(F25=0,,H25*(1+F25)*C25-(H25*B25)),H25*(1+G25)*C25-(H25*B25)) -> 0
A26: SE | B26: 0.04 | C26: 0.04 | H26: =PREÇOS!D27 -> 11.8141 | I26: =IF(F26=0,,H26*(1+F26)*C26-(H26*B26)) -> 0 | J26: =IF(G26=0,IF(F26=0,,H26*(1+F26)*C26-(H26*B26)),H26*(1+G26)*C26-(H26*B26)) -> 0
A27: SP | B27: 0.04 | C27: 0.18 | D27: 0.4832 | F27: 0.618 | H27: =PREÇOS!D28 -> 11.8141 | I27: =IF(F27=0,,H27*(1+F27)*C27-(H27*B27)) -> 2.9681745 | J27: =IF(G27=0,IF(F27=0,,H27*(1+F27)*C27-(H27*B27)),H27*(1+G27)*C27-(H27*B27)) -> 2.9681745
A28: SP/Atacado | B28: =B27 -> 0.04 | C28: =C27 -> 0.18 | D28: =D27 -> 0.4832 | E28: =E27 -> 0 | F28: =F27 -> 0.618 | G28: =G27 -> 0 | H28: =PREÇOS!D29 -> 11.8141 | I28: =IF(F28=0,,H28*(1+F28)*C28-(H28*B28)) -> 2.9681745 | J28: =IF(G28=0,IF(F28=0,,H28*(1+F28)*C28-(H28*B28)),H28*(1+G28)*C28-(H28*B28)) -> 2.9681745
A29: TO | B29: 0.04 | C29: 0.04 | H29: =PREÇOS!D30 -> 11.8141 | I29: =IF(F29=0,,H29*(1+F29)*C29-(H29*B29)) -> 0 | J29: =IF(G29=0,IF(F29=0,,H29*(1+F29)*C29-(H29*B29)),H29*(1+G29)*C29-(H29*B29)) -> 0
A30: EX | H30: =PREÇOS!D31 -> 0 | I30: =IF(F30=0,,H30*(1+F30)*C30-(H30*B30)) -> 0 | J30: =IF(G30=0,IF(F30=0,,H30*(1+F30)*C30-(H30*B30)),H30*(1+G30)*C30-(H30*B30)) -> 0

Sheet ST PAPAPASTA
A1: Estado | B1: Aliquota interestadual | C1: Aliquota interna | D1: MVA (normal) | E1: MVA (simples) | F1: Ajustada (normal) | G1: Ajustada (simples) | H1: Preço | I1: ST Normal | J1: ST Simples
A2: AC | B2: 0.07 | C2: 0.07 | H2: =PREÇOS!E3 -> 7.93 | I2: =IF(F2=0,,H2*(1+F2)*C2-(H2*B2)) -> 0 | J2: =IF(G2=0,IF(F2=0,,H2*(1+F2)*C2-(H2*B2)),H2*(1+G2)*C2-(H2*B2)) -> 0
A3: AL | B3: 0.07 | C3: 0.19 | D3: 0.2 | F3: 0.361 | H3: =PREÇOS!E4 -> 7.93 | I3: =IF(F3=0,,H3*(1+F3)*C3-(H3*B3)) -> 1.4955187 | J3: =IF(G3=0,IF(F3=0,,H3*(1+F3)*C3-(H3*B3)),H3*(1+G3)*C3-(H3*B3)) -> 1.4955187
A4: AM | B4: 0.07 | C4: 0.07 | H4: =PREÇOS!E5 -> 7.93 | I4: =IF(F4=0,,H4*(1+F4)*C4-(H4*B4)) -> 0 | J4: =IF(G4=0,IF(F4=0,,H4*(1+F4)*C4-(H4*B4)),H4*(1+G4)*C4-(H4*B4)) -> 0
A5: AP | B5: 0.07 | C5: 0.18 | D5: 0.38 | F5: 0.5651 | H5: =PREÇOS!E6 -> 7.93 | I5: =IF(F5=0,,H5*(1+F5)*C5-(H5*B5)) -> 1.6789237 | J5: =IF(G5=0,IF(F5=0,,H5*(1+F5)*C5-(H5*B5)),H5*(1+G5)*C5-(H5*B5)) -> 1.6789237
A6: BA | B6: 0.07 | C6: 0.07 | H6: =PREÇOS!E7 -> 7.93 | I6: =IF(F6=0,,H6*(1+F6)*C6-(H6*B6)) -> 0 | J6: =IF(G6=0,IF(F6=0,,H6*(1+F6)*C6-(H6*B6)),H6*(1+G6)*C6-(H6*B6)) -> 0
A7: CE | B7: 0.07 | C7: 0.07 | H7: =PREÇOS!E8 -> 7.93 | I7: =IF(F7=0,,H7*(1+F7)*C7-(H7*B7)) -> 0 | J7: =IF(G7=0,IF(F7=0,,H7*(1+F7)*C7-(H7*B7)),H7*(1+G7)*C7-(H7*B7)) -> 0
A8: DF | B8: 0.07 | C8: 0.07 | H8: =PREÇOS!E9 -> 7.93 | I8: =IF(F8=0,,H8*(1+F8)*C8-(H8*B8)) -> 0 | J8: =IF(G8=0,IF(F8=0,,H8*(1+F8)*C8-(H8*B8)),H8*(1+G8)*C8-(H8*B8)) -> 0
A9: ES | B9: 0.07 | C9: 0.07 | H9: =PREÇOS!E10 -> 7.93 | I9: =IF(F9=0,,H9*(1+F9)*C9-(H9*B9)) -> 0 | J9: =IF(G9=0,IF(F9=0,,H9*(1+F9)*C9-(H9*B9)),H9*(1+G9)*C9-(H9*B9)) -> 0
A10: GO | B10: 0.07 | C10: 0.07 | H10: =PREÇOS!E11 -> 7.93 | I10: =IF(F10=0,,H10*(1+F10)*C10-(H10*B10)) -> 0 | J10: =IF(G10=0,IF(F10=0,,H10*(1+F10)*C10-(H10*B10)),H10*(1+G10)*C10-(H10*B10)) -> 0
A11: MA | B11: 0.07 | C11: 0.07 | H11: =PREÇOS!E12 -> 7.93 | I11: =IF(F11=0,,H11*(1+F11)*C11-(H11*B11)) -> 0 | J11: =IF(G11=0,IF(F11=0,,H11*(1+F11)*C11-(H11*B11)),H11*(1+G11)*C11-(H11*B11)) -> 0
A12: MG | B12: 0.12 | C12: 0.18 | D12: 0.35 | F12: 0.35 | H12: =PREÇOS!E13 -> 8.45 | I12: =IF(F12=0,,H12*(1+F12)*C12-(H12*B12)) -> 1.03935 | J12: =IF(G12=0,IF(F12=0,,H12*(1+F12)*C12-(H12*B12)),H12*(1+G12)*C12-(H12*B12)) -> 1.03935
A13: MS | B13: 0.07 | C13: 0.07 | H13: =PREÇOS!E14 -> 7.93 | I13: =IF(F13=0,,H13*(1+F13)*C13-(H13*B13)) -> 0 | J13: =IF(G13=0,IF(F13=0,,H13*(1+F13)*C13-(H13*B13)),H13*(1+G13)*C13-(H13*B13)) -> 0
A14: MT | B14: 0.07 | C14: 0.17 | D14: 0.3545 | F14: 0.3545 | H14: =PREÇOS!E15 -> 7.93 | I14: =IF(F14=0,,H14*(1+F14)*C14-(H14*B14)) -> 1.2709015 | J14: =IF(G14=0,IF(F14=0,,H14*(1+F14)*C14-(H14*B14)),H14*(1+G14)*C14-(H14*B14)) -> 1.2709015
A15: PA | B15: 0.07 | C15: 0.07 | H15: =PREÇOS!E16 -> 7.93 | I15: =IF(F15=0,,H15*(1+F15)*C15-(H15*B15)) -> 0 | J15: =IF(G15=0,IF(F15=0,,H15*(1+F15)*C15-(H15*B15)),H15*(1+G15)*C15-(H15*B15)) -> 0
A16: PB | B16: 0.07 | C16: 0.07 | H16: =PREÇOS!E17 -> 7.93 | I16: =IF(F16=0,,H16*(1+F16)*C16-(H16*B16)) -> 0 | J16: =IF(G16=0,IF(F16=0,,H16*(1+F16)*C16-(H16*B16)),H16*(1+G16)*C16-(H16*B16)) -> 0
A17: PE | B17: 0.07 | C17: 0.07 | H17: =PREÇOS!E18 -> 7.93 | I17: =IF(F17=0,,H17*(1+F17)*C17-(H17*B17)) -> 0 | J17: =IF(G17=0,IF(F17=0,,H17*(1+F17)*C17-(H17*B17)),H17*(1+G17)*C17-(H17*B17)) -> 0
A18: PI | B18: 0.07 | C18: 0.07 | H18: =PREÇOS!E19 -> 7.93 | I18: =IF(F18=0,,H18*(1+F18)*C18-(H18*B18)) -> 0 | J18: =IF(G18=0,IF(F18=0,,H18*(1+F18)*C18-(H18*B18)),H18*(1+G18)*C18-(H18*B18)) -> 0
A19: PR | B19: 0.12 | C19: 0.12 | H19: =PREÇOS!E20 -> 8.45 | I19: =IF(F19=0,,H19*(1+F19)*C19-(H19*B19)) -> 0 | J19: =IF(G19=0,IF(F19=0,,H19*(1+F19)*C19-(H19*B19)),H19*(1+G19)*C19-(H19*B19)) -> 0
A20: RJ | B20: 0.12 | C20: 0.12 | H20: =PREÇOS!E21 -> 8.45 | I20: =IF(F20=0,,H20*(1+F20)*C20-(H20*B20)) -> 0 | J20: =IF(G20=0,IF(F20=0,,H20*(1+F20)*C20-(H20*B20)),H20*(1+G20)*C20-(H20*B20)) -> 0
A21: RN | B21: 0.07 | C21: 0.07 | H21: =PREÇOS!E22 -> 7.93 | I21: =IF(F21=0,,H21*(1+F21)*C21-(H21*B21)) -> 0 | J21: =IF(G21=0,IF(F21=0,,H21*(1+F21)*C21-(H21*B21)),H21*(1+G21)*C21-(H21*B21)) -> 0
A22: RO | B22: 0.07 | C22: 0.07 | H22: =PREÇOS!E23 -> 7.93 | I22: =IF(F22=0,,H22*(1+F22)*C22-(H22*B22)) -> 0 | J22: =IF(G22=0,IF(F22=0,,H22*(1+F22)*C22-(H22*B22)),H22*(1+G22)*C22-(H22*B22)) -> 0
A23: RR | B23: 0.07 | C23: 0.07 | H23: =PREÇOS!E24 -> 7.93 | I23: =IF(F23=0,,H23*(1+F23)*C23-(H23*B23)) -> 0 | J23: =IF(G23=0,IF(F23=0,,H23*(1+F23)*C23-(H23*B23)),H23*(1+G23)*C23-(H23*B23)) -> 0
A24: RS | B24: 0.12 | C24: 0.12 | H24: =PREÇOS!E25 -> 8.45 | I24: =IF(F24=0,,H24*(1+F24)*C24-(H24*B24)) -> 0 | J24: =IF(G24=0,IF(F24=0,,H24*(1+F24)*C24-(H24*B24)),H24*(1+G24)*C24-(H24*B24)) -> 0
A25: SC | B25: 0.12 | C25: 0.12 | H25: =PREÇOS!E26 -> 8.45 | I25: =IF(F25=0,,H25*(1+F25)*C25-(H25*B25)) -> 0 | J25: =IF(G25=0,IF(F25=0,,H25*(1+F25)*C25-(H25*B25)),H25*(1+G25)*C25-(H25*B25)) -> 0
A26: SE | B26: 0.07 | C26: 0.07 | H26: =PREÇOS!E27 -> 7.93 | I26: =IF(F26=0,,H26*(1+F26)*C26-(H26*B26)) -> 0 | J26: =IF(G26=0,IF(F26=0,,H26*(1+F26)*C26-(H26*B26)),H26*(1+G26)*C26-(H26*B26)) -> 0
A27: SP | B27: 0.12 | C27: 0.12 | H27: =PREÇOS!E28 -> 8.45 | I27: =IF(F27=0,,H27*(1+F27)*C27-(H27*B27)) -> 0 | J27: =IF(G27=0,IF(F27=0,,H27*(1+F27)*C27-(H27*B27)),H27*(1+G27)*C27-(H27*B27)) -> 0
A28: SP/Atacado | B28: =B27 -> 0.12 | C28: =C27 -> 0.12 | D28: =D27 -> 0 | E28: =E27 -> 0 | F28: =F27 -> 0 | G28: =G27 -> 0 | H28: =PREÇOS!E29 -> 8.45 | I28: =IF(F28=0,,H28*(1+F28)*C28-(H28*B28)) -> 0 | J28: =IF(G28=0,IF(F28=0,,H28*(1+F28)*C28-(H28*B28)),H28*(1+G28)*C28-(H28*B28)) -> 0
A29: TO | B29: 0.07 | C29: 0.07 | H29: =PREÇOS!E30 -> 7.93 | I29: =IF(F29=0,,H29*(1+F29)*C29-(H29*B29)) -> 0 | J29: =IF(G29=0,IF(F29=0,,H29*(1+F29)*C29-(H29*B29)),H29*(1+G29)*C29-(H29*B29)) -> 0
A30: EX | H30: =PREÇOS!E31 -> 0 | I30: =IF(F30=0,,H30*(1+F30)*C30-(H30*B30)) -> 0 | J30: =IF(G30=0,IF(F30=0,,H30*(1+F30)*C30-(H30*B30)),H30*(1+G30)*C30-(H30*B30)) -> 0

Sheet ST PALITINHOS
A1: Estado | B1: Aliquota interestadual | C1: Aliquota interna | D1: MVA (normal) | E1: MVA (simples) | F1: Ajustada (normal) | G1: Ajustada (simples) | H1: Preço | I1: ST Normal | J1: ST Simples
A2: AC | B2: 0.07 | C2: 0.07 | H2: =PREÇOS!C3 -> 3.57 | I2: =IF(F2=0,,H2*(1+F2)*C2-(H2*B2)) -> 0 | J2: =IF(G2=0,IF(F2=0,,H2*(1+F2)*C2-(H2*B2)),H2*(1+G2)*C2-(H2*B2)) -> 0
A3: AL | B3: 0.07 | C3: 0.19 | D3: 0.5432 | F3: 0.794 | H3: =PREÇOS!C4 -> 3.57 | I3: =IF(F3=0,,H3*(1+F3)*C3-(H3*B3)) -> 0.9669702 | J3: =IF(G3=0,IF(F3=0,,H3*(1+F3)*C3-(H3*B3)),H3*(1+G3)*C3-(H3*B3)) -> 0.9669702
A4: AM | B4: 0.07 | C4: 0.18 | H4: =PREÇOS!C5 -> 3.57 | I4: =IF(F4=0,,H4*(1+F4)*C4-(H4*B4)) -> 0 | J4: =IF(G4=0,IF(F4=0,,H4*(1+F4)*C4-(H4*B4)),H4*(1+G4)*C4-(H4*B4)) -> 0
A5: AP | B5: 0.07 | C5: 0.18 | D5: 0.41 | F5: 0.5991 | H5: =PREÇOS!C6 -> 3.57 | I5: =IF(F5=0,,H5*(1+F5)*C5-(H5*B5)) -> 0.77768166 | J5: =IF(G5=0,IF(F5=0,,H5*(1+F5)*C5-(H5*B5)),H5*(1+G5)*C5-(H5*B5)) -> 0.77768166
A6: BA | B6: 0.07 | C6: 0.07 | H6: =PREÇOS!C7 -> 3.57 | I6: =IF(F6=0,,H6*(1+F6)*C6-(H6*B6)) -> 0 | J6: =IF(G6=0,IF(F6=0,,H6*(1+F6)*C6-(H6*B6)),H6*(1+G6)*C6-(H6*B6)) -> 0
A7: CE | B7: 0.07 | C7: 0.07 | H7: =PREÇOS!C8 -> 3.57 | I7: =IF(F7=0,,H7*(1+F7)*C7-(H7*B7)) -> 0 | J7: =IF(G7=0,IF(F7=0,,H7*(1+F7)*C7-(H7*B7)),H7*(1+G7)*C7-(H7*B7)) -> 0
A8: DF | B8: 0.07 | C8: 0.07 | H8: =PREÇOS!C9 -> 3.57 | I8: =IF(F8=0,,H8*(1+F8)*C8-(H8*B8)) -> 0 | J8: =IF(G8=0,IF(F8=0,,H8*(1+F8)*C8-(H8*B8)),H8*(1+G8)*C8-(H8*B8)) -> 0
A9: ES | B9: 0.07 | C9: 0.07 | H9: =PREÇOS!C10 -> 3.57 | I9: =IF(F9=0,,H9*(1+F9)*C9-(H9*B9)) -> 0 | J9: =IF(G9=0,IF(F9=0,,H9*(1+F9)*C9-(H9*B9)),H9*(1+G9)*C9-(H9*B9)) -> 0
A10: GO | B10: 0.07 | C10: 0.07 | H10: =PREÇOS!C11 -> 3.57 | I10: =IF(F10=0,,H10*(1+F10)*C10-(H10*B10)) -> 0 | J10: =IF(G10=0,IF(F10=0,,H10*(1+F10)*C10-(H10*B10)),H10*(1+G10)*C10-(H10*B10)) -> 0
A11: MA | B11: 0.07 | C11: 0.07 | H11: =PREÇOS!C12 -> 3.57 | I11: =IF(F11=0,,H11*(1+F11)*C11-(H11*B11)) -> 0 | J11: =IF(G11=0,IF(F11=0,,H11*(1+F11)*C11-(H11*B11)),H11*(1+G11)*C11-(H11*B11)) -> 0
A12: MG | B12: 0.12 | C12: 0.18 | D12: 0.4 | F12: 0.5024 | H12: =PREÇOS!C13 -> 3.78 | I12: =IF(F12=0,,H12*(1+F12)*C12-(H12*B12)) -> 0.56863296 | J12: =IF(G12=0,IF(F12=0,,H12*(1+F12)*C12-(H12*B12)),H12*(1+G12)*C12-(H12*B12)) -> 0.56863296
A13: MS | B13: 0.07 | C13: 0.07 | H13: =PREÇOS!C14 -> 3.57 | I13: =IF(F13=0,,H13*(1+F13)*C13-(H13*B13)) -> 0 | J13: =IF(G13=0,IF(F13=0,,H13*(1+F13)*C13-(H13*B13)),H13*(1+G13)*C13-(H13*B13)) -> 0
A14: MT | B14: 0.07 | C14: 0.17 | D14: 0.4552 | F14: 0.6305 | H14: =PREÇOS!C15 -> 3.57 | I14: =IF(F14=0,,H14*(1+F14)*C14-(H14*B14)) -> 0.73965045 | J14: =IF(G14=0,IF(F14=0,,H14*(1+F14)*C14-(H14*B14)),H14*(1+G14)*C14-(H14*B14)) -> 0.73965045
A15: PA | B15: 0.07 | C15: 0.07 | H15: =PREÇOS!C16 -> 3.57 | I15: =IF(F15=0,,H15*(1+F15)*C15-(H15*B15)) -> 0 | J15: =IF(G15=0,IF(F15=0,,H15*(1+F15)*C15-(H15*B15)),H15*(1+G15)*C15-(H15*B15)) -> 0
A16: PB | B16: 0.07 | C16: 0.07 | H16: =PREÇOS!C17 -> 3.57 | I16: =IF(F16=0,,H16*(1+F16)*C16-(H16*B16)) -> 0 | J16: =IF(G16=0,IF(F16=0,,H16*(1+F16)*C16-(H16*B16)),H16*(1+G16)*C16-(H16*B16)) -> 0
A17: PE | B17: 0.07 | C17: 0.07 | H17: =PREÇOS!C18 -> 3.57 | I17: =IF(F17=0,,H17*(1+F17)*C17-(H17*B17)) -> 0 | J17: =IF(G17=0,IF(F17=0,,H17*(1+F17)*C17-(H17*B17)),H17*(1+G17)*C17-(H17*B17)) -> 0
A18: PI | B18: 0.07 | C18: 0.07 | H18: =PREÇOS!C19 -> 3.57 | I18: =IF(F18=0,,H18*(1+F18)*C18-(H18*B18)) -> 0 | J18: =IF(G18=0,IF(F18=0,,H18*(1+F18)*C18-(H18*B18)),H18*(1+G18)*C18-(H18*B18)) -> 0
A19: PR | B19: 0.12 | C19: 0.195 | D19: 0.5432 | E19: 0.163 | F19: 0.687 | G19: 0.1968 | H19: =PREÇOS!C20 -> 3.78 | I19: =IF(F19=0,,H19*(1+F19)*C19-(H19*B19)) -> 0.7898877 | J19: =IF(G19=0,IF(F19=0,,H19*(1+F19)*C19-(H19*B19)),H19*(1+G19)*C19-(H19*B19)) -> 0.42856128
A20: RJ | B20: 0.12 | C20: 0.22 | D20: 0.4698 | F20: 0.6582 | H20: =PREÇOS!C21 -> 3.78 | I20: =IF(F20=0,,H20*(1+F20)*C20-(H20*B20)) -> 0.92535912 | J20: =IF(G20=0,IF(F20=0,,H20*(1+F20)*C20-(H20*B20)),H20*(1+G20)*C20-(H20*B20)) -> 0.92535912
A21: RN | B21: 0.07 | C21: 0.07 | H21: =PREÇOS!C22 -> 3.57 | I21: =IF(F21=0,,H21*(1+F21)*C21-(H21*B21)) -> 0 | J21: =IF(G21=0,IF(F21=0,,H21*(1+F21)*C21-(H21*B21)),H21*(1+G21)*C21-(H21*B21)) -> 0
A22: RO | B22: 0.07 | C22: 0.07 | H22: =PREÇOS!C23 -> 3.57 | I22: =IF(F22=0,,H22*(1+F22)*C22-(H22*B22)) -> 0 | J22: =IF(G22=0,IF(F22=0,,H22*(1+F22)*C22-(H22*B22)),H22*(1+G22)*C22-(H22*B22)) -> 0
A23: RR | B23: 0.07 | C23: 0.07 | H23: =PREÇOS!C24 -> 3.57 | I23: =IF(F23=0,,H23*(1+F23)*C23-(H23*B23)) -> 0 | J23: =IF(G23=0,IF(F23=0,,H23*(1+F23)*C23-(H23*B23)),H23*(1+G23)*C23-(H23*B23)) -> 0
A24: RS | B24: 0.12 | C24: 0.12 | H24: =PREÇOS!C25 -> 3.78 | I24: =IF(F24=0,,H24*(1+F24)*C24-(H24*B24)) -> 0 | J24: =IF(G24=0,IF(F24=0,,H24*(1+F24)*C24-(H24*B24)),H24*(1+G24)*C24-(H24*B24)) -> 0
A25: SC | B25: 0.12 | C25: 0.12 | H25: =PREÇOS!C26 -> 3.78 | I25: =IF(F25=0,,H25*(1+F25)*C25-(H25*B25)) -> 0 | J25: =IF(G25=0,IF(F25=0,,H25*(1+F25)*C25-(H25*B25)),H25*(1+G25)*C25-(H25*B25)) -> 0
A26: SE | B26: 0.07 | C26: 0.07 | H26: =PREÇOS!C27 -> 3.57 | I26: =IF(F26=0,,H26*(1+F26)*C26-(H26*B26)) -> 0 | J26: =IF(G26=0,IF(F26=0,,H26*(1+F26)*C26-(H26*B26)),H26*(1+G26)*C26-(H26*B26)) -> 0
A27: SP | B27: 0.12 | C27: 0.18 | H27: =PREÇOS!C28 -> 3.78 | I27: =IF(F27=0,,H27*(1+F27)*C27-(H27*B27)) -> 0 | J27: =IF(G27=0,IF(F27=0,,H27*(1+F27)*C27-(H27*B27)),H27*(1+G27)*C27-(H27*B27)) -> 0
A28: SP/Atacado | B28: =B27 -> 0.12 | C28: =C27 -> 0.18 | H28: =PREÇOS!C29 -> 3.78 | I28: =IF(F28=0,,H28*(1+F28)*C28-(H28*B28)) -> 0 | J28: =IF(G28=0,IF(F28=0,,H28*(1+F28)*C28-(H28*B28)),H28*(1+G28)*C28-(H28*B28)) -> 0
A29: TO | B29: 0.07 | C29: 0.07 | H29: =PREÇOS!C30 -> 3.57 | I29: =IF(F29=0,,H29*(1+F29)*C29-(H29*B29)) -> 0 | J29: =IF(G29=0,IF(F29=0,,H29*(1+F29)*C29-(H29*B29)),H29*(1+G29)*C29-(H29*B29)) -> 0
A30: EX | H30: =PREÇOS!C31 -> 0 | I30: =IF(F30=0,,H30*(1+F30)*C30-(H30*B30)) -> 0 | J30: =IF(G30=0,IF(F30=0,,H30*(1+F30)*C30-(H30*B30)),H30*(1+G30)*C30-(H30*B30)) -> 0

Sheet ST BISCOTTI
A1: Estado | B1: Aliquota interestadual | C1: Aliquota interna | D1: MVA (normal) | E1: MVA (simples) | F1: Ajustada (normal) | G1: Ajustada (simples) | H1: Preço | I1: ST Normal | J1: ST Simples
A2: AC | B2: 0.07 | C2: =VLOOKUP(A2,[2]DIFAL!$C$13:$H$39,6,) -> 0.19 | H2: =PREÇOS!H3 -> 7.93 | I2: =IF(F2=0,,H2*(1+F2)*C2-(H2*B2)) -> 0 | J2: =IF(G2=0,IF(F2=0,,H2*(1+F2)*C2-(H2*B2)),H2*(1+G2)*C2-(H2*B2)) -> 0
A3: AL | B3: 0.07 | C3: 0.2 | F3: 0.5113 | H3: =PREÇOS!H4 -> 7.93 | I3: =IF(F3=0,,H3*(1+F3)*C3-(H3*B3)) -> 1.8418218 | J3: =IF(G3=0,IF(F3=0,,H3*(1+F3)*C3-(H3*B3)),H3*(1+G3)*C3-(H3*B3)) -> 1.8418218
A4: AM | B4: 0.07 | C4: =VLOOKUP(A4,[2]DIFAL!$C$13:$H$39,6,) -> 0.2 | H4: =PREÇOS!H5 -> 7.93 | I4: =IF(F4=0,,H4*(1+F4)*C4-(H4*B4)) -> 0 | J4: =IF(G4=0,IF(F4=0,,H4*(1+F4)*C4-(H4*B4)),H4*(1+G4)*C4-(H4*B4)) -> 0
A5: AP | B5: 0.07 | C5: =VLOOKUP(A5,[2]DIFAL!$C$13:$H$39,5,) -> 0.18 | F5: 0.5198 | H5: =PREÇOS!H6 -> 7.93 | I5: =IF(F5=0,,H5*(1+F5)*C5-(H5*B5)) -> 1.6142625 | J5: =IF(G5=0,IF(F5=0,,H5*(1+F5)*C5-(H5*B5)),H5*(1+G5)*C5-(H5*B5)) -> 1.6142625
A6: BA | B6: 0.07 | C6: =VLOOKUP(A6,[2]DIFAL!$C$13:$H$39,6,) -> 0.19 | H6: =PREÇOS!H7 -> 7.93 | I6: =IF(F6=0,,H6*(1+F6)*C6-(H6*B6)) -> 0 | J6: =IF(G6=0,IF(F6=0,,H6*(1+F6)*C6-(H6*B6)),H6*(1+G6)*C6-(H6*B6)) -> 0
A7: CE | B7: 0.07 | C7: =VLOOKUP(A7,[2]DIFAL!$C$13:$H$39,6,) -> 0.2 | H7: =PREÇOS!H8 -> 7.93 | I7: =IF(F7=0,,H7*(1+F7)*C7-(H7*B7)) -> 0 | J7: =IF(G7=0,IF(F7=0,,H7*(1+F7)*C7-(H7*B7)),H7*(1+G7)*C7-(H7*B7)) -> 0
A8: DF | B8: 0.07 | C8: =VLOOKUP(A8,[2]DIFAL!$C$13:$H$39,5,) -> 0.18 | H8: =PREÇOS!H9 -> 7.93 | I8: =IF(F8=0,,H8*(1+F8)*C8-(H8*B8)) -> 0 | J8: =IF(G8=0,IF(F8=0,,H8*(1+F8)*C8-(H8*B8)),H8*(1+G8)*C8-(H8*B8)) -> 0
A9: ES | B9: 0.07 | C9: =VLOOKUP(A9,[2]DIFAL!$C$13:$H$39,5,) -> 0.17 | H9: =PREÇOS!H10 -> 7.93 | I9: =IF(F9=0,,H9*(1+F9)*C9-(H9*B9)) -> 0 | J9: =IF(G9=0,IF(F9=0,,H9*(1+F9)*C9-(H9*B9)),H9*(1+G9)*C9-(H9*B9)) -> 0
A10: GO | B10: 0.07 | C10: =VLOOKUP(A10,[2]DIFAL!$C$13:$H$39,5,) -> 0.17 | H10: =PREÇOS!H11 -> 7.93 | I10: =IF(F10=0,,H10*(1+F10)*C10-(H10*B10)) -> 0 | J10: =IF(G10=0,IF(F10=0,,H10*(1+F10)*C10-(H10*B10)),H10*(1+G10)*C10-(H10*B10)) -> 0
A11: MA | B11: 0.07 | C11: =VLOOKUP(A11,[2]DIFAL!$C$13:$H$39,6,) -> 0.2 | H11: =PREÇOS!H12 -> 7.93 | I11: =IF(F11=0,,H11*(1+F11)*C11-(H11*B11)) -> 0 | J11: =IF(G11=0,IF(F11=0,,H11*(1+F11)*C11-(H11*B11)),H11*(1+G11)*C11-(H11*B11)) -> 0
A12: MG | B12: 0.12 | C12: 0.12 | F12: 0.25 | H12: =PREÇOS!H13 -> 8.4 | I12: =IF(F12=0,,H12*(1+F12)*C12-(H12*B12)) -> 0.252 | J12: =IF(G12=0,IF(F12=0,,H12*(1+F12)*C12-(H12*B12)),H12*(1+G12)*C12-(H12*B12)) -> 0.252
A13: MS | B13: 0.07 | C13: =VLOOKUP(A13,[2]DIFAL!$C$13:$H$39,5,) -> 0.17 | H13: =PREÇOS!H14 -> 7.93 | I13: =IF(F13=0,,H13*(1+F13)*C13-(H13*B13)) -> 0 | J13: =IF(G13=0,IF(F13=0,,H13*(1+F13)*C13-(H13*B13)),H13*(1+G13)*C13-(H13*B13)) -> 0
A14: MT | B14: 0.07 | C14: =VLOOKUP(A14,[2]DIFAL!$C$13:$H$39,5,) -> 0.17 | F14: 0.3978 | H14: =PREÇOS!H15 -> 7.93 | I14: =IF(F14=0,,H14*(1+F14)*C14-(H14*B14)) -> 1.3292742 | J14: =IF(G14=0,IF(F14=0,,H14*(1+F14)*C14-(H14*B14)),H14*(1+G14)*C14-(H14*B14)) -> 1.3292742
A15: PA | B15: 0.07 | C15: =VLOOKUP(A15,[2]DIFAL!$C$13:$H$39,6,) -> 0.19 | H15: =PREÇOS!H16 -> 7.93 | I15: =IF(F15=0,,H15*(1+F15)*C15-(H15*B15)) -> 0 | J15: =IF(G15=0,IF(F15=0,,H15*(1+F15)*C15-(H15*B15)),H15*(1+G15)*C15-(H15*B15)) -> 0
A16: PB | B16: 0.07 | C16: =VLOOKUP(A16,[2]DIFAL!$C$13:$H$39,5,) -> 0.18 | H16: =PREÇOS!H17 -> 7.93 | I16: =IF(F16=0,,H16*(1+F16)*C16-(H16*B16)) -> 0 | J16: =IF(G16=0,IF(F16=0,,H16*(1+F16)*C16-(H16*B16)),H16*(1+G16)*C16-(H16*B16)) -> 0
A17: PE | B17: 0.07 | C17: =VLOOKUP(A17,[2]DIFAL!$C$13:$H$39,5,) -> 0.18 | H17: =PREÇOS!H18 -> 7.93 | I17: =IF(F17=0,,H17*(1+F17)*C17-(H17*B17)) -> 0 | J17: =IF(G17=0,IF(F17=0,,H17*(1+F17)*C17-(H17*B17)),H17*(1+G17)*C17-(H17*B17)) -> 0
A18: PI | B18: 0.07 | C18: =VLOOKUP(A18,[2]DIFAL!$C$13:$H$39,6,) -> 0.21 | H18: =PREÇOS!H19 -> 7.93 | I18: =IF(F18=0,,H18*(1+F18)*C18-(H18*B18)) -> 0 | J18: =IF(G18=0,IF(F18=0,,H18*(1+F18)*C18-(H18*B18)),H18*(1+G18)*C18-(H18*B18)) -> 0
A19: PR | B19: 0.12 | C19: 0.12 | H19: =PREÇOS!H20 -> 8.4 | I19: =IF(F19=0,,H19*(1+F19)*C19-(H19*B19)) -> 0 | J19: =IF(G19=0,IF(F19=0,,H19*(1+F19)*C19-(H19*B19)),H19*(1+G19)*C19-(H19*B19)) -> 0
A20: RJ | B20: 0.12 | C20: 0.22 | F20: 0.5253 | H20: =PREÇOS!H21 -> 8.4 | I20: =IF(F20=0,,H20*(1+F20)*C20-(H20*B20)) -> 1.8107544 | J20: =IF(G20=0,IF(F20=0,,H20*(1+F20)*C20-(H20*B20)),H20*(1+G20)*C20-(H20*B20)) -> 1.8107544
A21: RN | B21: 0.07 | C21: =VLOOKUP(A21,[2]DIFAL!$C$13:$H$39,6,) -> 0.2 | H21: =PREÇOS!H22 -> 7.93 | I21: =IF(F21=0,,H21*(1+F21)*C21-(H21*B21)) -> 0 | J21: =IF(G21=0,IF(F21=0,,H21*(1+F21)*C21-(H21*B21)),H21*(1+G21)*C21-(H21*B21)) -> 0
A22: RO | B22: 0.07 | C22: =VLOOKUP(A22,[2]DIFAL!$C$13:$H$39,5,) -> 0.175 | H22: =PREÇOS!H23 -> 7.93 | I22: =IF(F22=0,,H22*(1+F22)*C22-(H22*B22)) -> 0 | J22: =IF(G22=0,IF(F22=0,,H22*(1+F22)*C22-(H22*B22)),H22*(1+G22)*C22-(H22*B22)) -> 0
A23: RR | B23: 0.07 | C23: =VLOOKUP(A23,[2]DIFAL!$C$13:$H$39,6,) -> 0.2 | H23: =PREÇOS!H24 -> 7.93 | I23: =IF(F23=0,,H23*(1+F23)*C23-(H23*B23)) -> 0 | J23: =IF(G23=0,IF(F23=0,,H23*(1+F23)*C23-(H23*B23)),H23*(1+G23)*C23-(H23*B23)) -> 0
A24: RS | B24: 0.12 | C24: =VLOOKUP(A24,[2]DIFAL!$C$13:$H$39,5,) -> 0.17 | H24: =PREÇOS!H25 -> 8.4 | I24: =IF(F24=0,,H24*(1+F24)*C24-(H24*B24)) -> 0 | J24: =IF(G24=0,IF(F24=0,,H24*(1+F24)*C24-(H24*B24)),H24*(1+G24)*C24-(H24*B24)) -> 0
A25: SC | B25: 0.12 | C25: =VLOOKUP(A25,[2]DIFAL!$C$13:$H$39,5,) -> 0.17 | H25: =PREÇOS!H26 -> 8.4 | I25: =IF(F25=0,,H25*(1+F25)*C25-(H25*B25)) -> 0 | J25: =IF(G25=0,IF(F25=0,,H25*(1+F25)*C25-(H25*B25)),H25*(1+G25)*C25-(H25*B25)) -> 0
A26: SE | B26: 0.07 | C26: 0.2 | H26: =PREÇOS!H27 -> 7.93 | I26: =IF(F26=0,,H26*(1+F26)*C26-(H26*B26)) -> 0 | J26: =IF(G26=0,IF(F26=0,,H26*(1+F26)*C26-(H26*B26)),H26*(1+G26)*C26-(H26*B26)) -> 0
A27: SP | B27: 0.12 | C27: =VLOOKUP(A27,[2]DIFAL!$C$13:$H$39,5,) -> 0.18 | D27: 0.5917 | F27: 0.5917 | H27: =PREÇOS!H28 -> 8.4 | I27: =IF(F27=0,,H27*(1+F27)*C27-(H27*B27)) -> 1.3986504 | J27: =IF(G27=0,IF(F27=0,,H27*(1+F27)*C27-(H27*B27)),H27*(1+G27)*C27-(H27*B27)) -> 1.3986504
A28: SP/Atacado | B28: =B27 -> 0.12 | C28: =C27 -> 0.18 | D28: 0.4832 | E28: =E27 -> 0 | F28: 0.4832 | G28: =G27 -> 0 | H28: =PREÇOS!H29 -> 8.4 | I28: =IF(F28=0,,H28*(1+F28)*C28-(H28*B28)) -> 1.2345984 | J28: =IF(G28=0,IF(F28=0,,H28*(1+F28)*C28-(H28*B28)),H28*(1+G28)*C28-(H28*B28)) -> 1.2345984
A29: TO | B29: 0.07 | C29: =VLOOKUP(A29,[2]DIFAL!$C$13:$H$39,6,) -> 0.2 | H29: =PREÇOS!H30 -> 7.93 | I29: =IF(F29=0,,H29*(1+F29)*C29-(H29*B29)) -> 0 | J29: =IF(G29=0,IF(F29=0,,H29*(1+F29)*C29-(H29*B29)),H29*(1+G29)*C29-(H29*B29)) -> 0
A30: EX

Sheet ST CEREAL
A1: Estado | B1: Aliquota interestadual | C1: Aliquota interna | D1: MVA (normal) | E1: MVA (simples) | F1: Ajustada (normal) | G1: Ajustada (simples) | H1: Preço | I1: ST Normal | J1: ST Simples
A2: AC | B2: =VLOOKUP(A2,[2]DIFAL!$C$13:$E$39,3,0) -> 0.07 | C2: 0.17 | H2: =PREÇOS!G3 -> 7.85 | I2: =IF(F2=0,,H2*(1+F2)*C2-(H2*B2)) -> 0 | J2: =IF(G2=0,IF(F2=0,,H2*(1+F2)*C2-(H2*B2)),H2*(1+G2)*C2-(H2*B2)) -> 0
A3: AL | B3: =VLOOKUP(A3,[2]DIFAL!$C$13:$E$39,3,0) -> 0.07 | C3: 0.2 | F3: 0.71 | H3: =PREÇOS!G4 -> 7.85 | I3: =IF(F3=0,,H3*(1+F3)*C3-(H3*B3)) -> 2.1352 | J3: =IF(G3=0,IF(F3=0,,H3*(1+F3)*C3-(H3*B3)),H3*(1+G3)*C3-(H3*B3)) -> 2.1352
A4: AM | B4: =VLOOKUP(A4,[2]DIFAL!$C$13:$E$39,3,0) -> 0.07 | C4: 0.2 | F4: 0.5538 | H4: =PREÇOS!G5 -> 7.85 | I4: =IF(F4=0,,H4*(1+F4)*C4-(H4*B4)) -> 1.889966 | J4: =IF(G4=0,IF(F4=0,,H4*(1+F4)*C4-(H4*B4)),H4*(1+G4)*C4-(H4*B4)) -> 1.889966
A5: AP | B5: =VLOOKUP(A5,[2]DIFAL!$C$13:$E$39,3,0) -> 0.07 | C5: 0.18 | H5: =PREÇOS!G6 -> 7.85 | I5: =IF(F5=0,,H5*(1+F5)*C5-(H5*B5)) -> 0 | J5: =IF(G5=0,IF(F5=0,,H5*(1+F5)*C5-(H5*B5)),H5*(1+G5)*C5-(H5*B5)) -> 0
A6: BA | B6: =VLOOKUP(A6,[2]DIFAL!$C$13:$E$39,3,0) -> 0.07 | C6: 0.19 | H6: =PREÇOS!G7 -> 7.85 | I6: =IF(F6=0,,H6*(1+F6)*C6-(H6*B6)) -> 0 | J6: =IF(G6=0,IF(F6=0,,H6*(1+F6)*C6-(H6*B6)),H6*(1+G6)*C6-(H6*B6)) -> 0
A7: CE | B7: =VLOOKUP(A7,[2]DIFAL!$C$13:$E$39,3,0) -> 0.07 | C7: 0.2 | H7: =PREÇOS!G8 -> 7.85 | I7: =IF(F7=0,,H7*(1+F7)*C7-(H7*B7)) -> 0 | J7: =IF(G7=0,IF(F7=0,,H7*(1+F7)*C7-(H7*B7)),H7*(1+G7)*C7-(H7*B7)) -> 0
A8: DF | B8: =VLOOKUP(A8,[2]DIFAL!$C$13:$E$39,3,0) -> 0.07 | C8: 0.18 | H8: =PREÇOS!G9 -> 7.85 | I8: =IF(F8=0,,H8*(1+F8)*C8-(H8*B8)) -> 0 | J8: =IF(G8=0,IF(F8=0,,H8*(1+F8)*C8-(H8*B8)),H8*(1+G8)*C8-(H8*B8)) -> 0
A9: ES | B9: =VLOOKUP(A9,[2]DIFAL!$C$13:$E$39,3,0) -> 0.07 | C9: 0.17 | H9: =PREÇOS!G10 -> 7.85 | I9: =IF(F9=0,,H9*(1+F9)*C9-(H9*B9)) -> 0 | J9: =IF(G9=0,IF(F9=0,,H9*(1+F9)*C9-(H9*B9)),H9*(1+G9)*C9-(H9*B9)) -> 0
A10: GO | B10: =VLOOKUP(A10,[2]DIFAL!$C$13:$E$39,3,0) -> 0.07 | C10: 0.17 | H10: =PREÇOS!G11 -> 7.85 | I10: =IF(F10=0,,H10*(1+F10)*C10-(H10*B10)) -> 0 | J10: =IF(G10=0,IF(F10=0,,H10*(1+F10)*C10-(H10*B10)),H10*(1+G10)*C10-(H10*B10)) -> 0
A11: MA | B11: =VLOOKUP(A11,[2]DIFAL!$C$13:$E$39,3,0) -> 0.07 | C11: 0.2 | H11: =PREÇOS!G12 -> 7.85 | I11: =IF(F11=0,,H11*(1+F11)*C11-(H11*B11)) -> 0 | J11: =IF(G11=0,IF(F11=0,,H11*(1+F11)*C11-(H11*B11)),H11*(1+G11)*C11-(H11*B11)) -> 0
A12: MG | B12: =VLOOKUP(A12,[2]DIFAL!$C$13:$E$39,3,0) -> 0.12 | C12: 0.18 | F12: 0.4488 | H12: =PREÇOS!G13 -> 8.3 | I12: =IF(F12=0,,H12*(1+F12)*C12-(H12*B12)) -> 1.1685072 | J12: =IF(G12=0,IF(F12=0,,H12*(1+F12)*C12-(H12*B12)),H12*(1+G12)*C12-(H12*B12)) -> 1.1685072
A13: MS | B13: =VLOOKUP(A13,[2]DIFAL!$C$13:$E$39,3,0) -> 0.07 | C13: 0.17 | H13: =PREÇOS!G14 -> 7.85 | I13: =IF(F13=0,,H13*(1+F13)*C13-(H13*B13)) -> 0 | J13: =IF(G13=0,IF(F13=0,,H13*(1+F13)*C13-(H13*B13)),H13*(1+G13)*C13-(H13*B13)) -> 0
A14: MT | B14: =VLOOKUP(A14,[2]DIFAL!$C$13:$E$39,3,0) -> 0.07 | C14: 0.17 | F14: 0.4552 | H14: =PREÇOS!G15 -> 7.85 | I14: =IF(F14=0,,H14*(1+F14)*C14-(H14*B14)) -> 1.3924644 | J14: =IF(G14=0,IF(F14=0,,H14*(1+F14)*C14-(H14*B14)),H14*(1+G14)*C14-(H14*B14)) -> 1.3924644
A15: PA | B15: =VLOOKUP(A15,[2]DIFAL!$C$13:$E$39,3,0) -> 0.07 | C15: 0.19 | H15: =PREÇOS!G16 -> 7.85 | I15: =IF(F15=0,,H15*(1+F15)*C15-(H15*B15)) -> 0 | J15: =IF(G15=0,IF(F15=0,,H15*(1+F15)*C15-(H15*B15)),H15*(1+G15)*C15-(H15*B15)) -> 0
A16: PB | B16: =VLOOKUP(A16,[2]DIFAL!$C$13:$E$39,3,0) -> 0.07 | C16: 0.18 | H16: =PREÇOS!G17 -> 7.85 | I16: =IF(F16=0,,H16*(1+F16)*C16-(H16*B16)) -> 0 | J16: =IF(G16=0,IF(F16=0,,H16*(1+F16)*C16-(H16*B16)),H16*(1+G16)*C16-(H16*B16)) -> 0
A17: PE | B17: =VLOOKUP(A17,[2]DIFAL!$C$13:$E$39,3,0) -> 0.07 | C17: 0.18 | H17: =PREÇOS!G18 -> 7.85 | I17: =IF(F17=0,,H17*(1+F17)*C17-(H17*B17)) -> 0 | J17: =IF(G17=0,IF(F17=0,,H17*(1+F17)*C17-(H17*B17)),H17*(1+G17)*C17-(H17*B17)) -> 0
A18: PI | B18: =VLOOKUP(A18,[2]DIFAL!$C$13:$E$39,3,0) -> 0.07 | C18: 0.21 | H18: =PREÇOS!G19 -> 7.85 | I18: =IF(F18=0,,H18*(1+F18)*C18-(H18*B18)) -> 0 | J18: =IF(G18=0,IF(F18=0,,H18*(1+F18)*C18-(H18*B18)),H18*(1+G18)*C18-(H18*B18)) -> 0
A19: PR | B19: 0.12 | C19: 0.195 | F19: 0.608 | H19: =PREÇOS!G20 -> 8.3 | I19: =IF(F19=0,,H19*(1+F19)*C19-(H19*B19)) -> 1.606548 | J19: =IF(G19=0,IF(F19=0,,H19*(1+F19)*C19-(H19*B19)),H19*(1+G19)*C19-(H19*B19)) -> 1.606548
A20: RJ | B20: =VLOOKUP(A20,[2]DIFAL!$C$13:$E$39,3,0) -> 0.12 | C20: 0.22 | F20: 0.5473 | H20: =PREÇOS!G21 -> 8.3 | I20: =IF(F20=0,,H20*(1+F20)*C20-(H20*B20)) -> 1.8293698 | J20: =IF(G20=0,IF(F20=0,,H20*(1+F20)*C20-(H20*B20)),H20*(1+G20)*C20-(H20*B20)) -> 1.8293698
A21: RN | B21: =VLOOKUP(A21,[2]DIFAL!$C$13:$E$39,3,0) -> 0.07 | C21: 0.2 | H21: =PREÇOS!G22 -> 7.85 | I21: =IF(F21=0,,H21*(1+F21)*C21-(H21*B21)) -> 0 | J21: =IF(G21=0,IF(F21=0,,H21*(1+F21)*C21-(H21*B21)),H21*(1+G21)*C21-(H21*B21)) -> 0
A22: RO | B22: =VLOOKUP(A22,[2]DIFAL!$C$13:$E$39,3,0) -> 0.07 | C22: 0.175 | H22: =PREÇOS!G23 -> 7.85 | I22: =IF(F22=0,,H22*(1+F22)*C22-(H22*B22)) -> 0 | J22: =IF(G22=0,IF(F22=0,,H22*(1+F22)*C22-(H22*B22)),H22*(1+G22)*C22-(H22*B22)) -> 0
A23: RR | B23: =VLOOKUP(A23,[2]DIFAL!$C$13:$E$39,3,0) -> 0.07 | C23: 0.2 | H23: =PREÇOS!G24 -> 7.85 | I23: =IF(F23=0,,H23*(1+F23)*C23-(H23*B23)) -> 0 | J23: =IF(G23=0,IF(F23=0,,H23*(1+F23)*C23-(H23*B23)),H23*(1+G23)*C23-(H23*B23)) -> 0
A24: RS | B24: =VLOOKUP(A24,[2]DIFAL!$C$13:$E$39,3,0) -> 0.12 | C24: 0.17 | H24: =PREÇOS!G25 -> 8.3 | I24: =IF(F24=0,,H24*(1+F24)*C24-(H24*B24)) -> 0 | J24: =IF(G24=0,IF(F24=0,,H24*(1+F24)*C24-(H24*B24)),H24*(1+G24)*C24-(H24*B24)) -> 0
A25: SC | B25: =VLOOKUP(A25,[2]DIFAL!$C$13:$E$39,3,0) -> 0.12 | C25: 0.17 | H25: =PREÇOS!G26 -> 8.3 | I25: =IF(F25=0,,H25*(1+F25)*C25-(H25*B25)) -> 0 | J25: =IF(G25=0,IF(F25=0,,H25*(1+F25)*C25-(H25*B25)),H25*(1+G25)*C25-(H25*B25)) -> 0
A26: SE | B26: =VLOOKUP(A26,[2]DIFAL!$C$13:$E$39,3,0) -> 0.07 | C26: 0.2 | H26: =PREÇOS!G27 -> 7.85 | I26: =IF(F26=0,,H26*(1+F26)*C26-(H26*B26)) -> 0 | J26: =IF(G26=0,IF(F26=0,,H26*(1+F26)*C26-(H26*B26)),H26*(1+G26)*C26-(H26*B26)) -> 0
A27: SP | B27: =VLOOKUP(A27,[2]DIFAL!$C$13:$E$39,3,0) -> 0.12 | C27: 0.18 | F27: 0.463 | H27: =PREÇOS!G28 -> 8.3 | I27: =IF(F27=0,,H27*(1+F27)*C27-(H27*B27)) -> 1.189722 | J27: =IF(G27=0,IF(F27=0,,H27*(1+F27)*C27-(H27*B27)),H27*(1+G27)*C27-(H27*B27)) -> 1.189722
A28: SP/Atacado | B28: =B27 -> 0.12 | C28: =C27 -> 0.18 | D28: =D27 -> 0 | E28: =E27 -> 0 | F28: =F27 -> 0.463 | G28: =G27 -> 0 | H28: =PREÇOS!G29 -> 8.3 | I28: =IF(F28=0,,H28*(1+F28)*C28-(H28*B28)) -> 1.189722 | J28: =IF(G28=0,IF(F28=0,,H28*(1+F28)*C28-(H28*B28)),H28*(1+G28)*C28-(H28*B28)) -> 1.189722
A29: TO | B29: =VLOOKUP(A29,[2]DIFAL!$C$13:$E$39,3,0) -> 0.07 | C29: 0.2 | H29: =PREÇOS!G30 -> 7.85 | I29: =IF(F29=0,,H29*(1+F29)*C29-(H29*B29)) -> 0 | J29: =IF(G29=0,IF(F29=0,,H29*(1+F29)*C29-(H29*B29)),H29*(1+G29)*C29-(H29*B29)) -> 0
A30: EX | H30: =PREÇOS!G31 -> 0 | I30: =IF(F30=0,,H30*(1+F30)*C30-(H30*B30)) -> 0 | J30: =IF(G30=0,IF(F30=0,,H30*(1+F30)*C30-(H30*B30)),H30*(1+G30)*C30-(H30*B30)) -> 0

Sheet ST CEREAL SABOR POUCH 170
A1: Estado | B1: Aliquota interestadual | C1: Aliquota interna | D1: MVA (normal) | E1: MVA (simples) | F1: Ajustada (normal) | G1: Ajustada (simples) | H1: Preço | I1: ST Normal | J1: ST Simples
A2: AC | B2: =VLOOKUP(A2,[2]DIFAL!$C$13:$E$39,3,0) -> 0.07 | C2: 0.17 | H2: =PREÇOS!J3 -> 6.35 | I2: =IF(F2=0,,H2*(1+F2)*C2-(H2*B2)) -> 0 | J2: =IF(G2=0,IF(F2=0,,H2*(1+F2)*C2-(H2*B2)),H2*(1+G2)*C2-(H2*B2)) -> 0
A3: AL | B3: =VLOOKUP(A3,[2]DIFAL!$C$13:$E$39,3,0) -> 0.07 | C3: 0.2 | F3: 0.71 | H3: =PREÇOS!J4 -> 6.35 | I3: =IF(F3=0,,H3*(1+F3)*C3-(H3*B3)) -> 1.7272 | J3: =IF(G3=0,IF(F3=0,,H3*(1+F3)*C3-(H3*B3)),H3*(1+G3)*C3-(H3*B3)) -> 1.7272
A4: AM | B4: =VLOOKUP(A4,[2]DIFAL!$C$13:$E$39,3,0) -> 0.07 | C4: 0.2 | F4: 0.5538 | H4: =PREÇOS!J5 -> 6.35 | I4: =IF(F4=0,,H4*(1+F4)*C4-(H4*B4)) -> 1.528826 | J4: =IF(G4=0,IF(F4=0,,H4*(1+F4)*C4-(H4*B4)),H4*(1+G4)*C4-(H4*B4)) -> 1.528826
A5: AP | B5: =VLOOKUP(A5,[2]DIFAL!$C$13:$E$39,3,0) -> 0.07 | C5: 0.18 | H5: =PREÇOS!J6 -> 6.35 | I5: =IF(F5=0,,H5*(1+F5)*C5-(H5*B5)) -> 0 | J5: =IF(G5=0,IF(F5=0,,H5*(1+F5)*C5-(H5*B5)),H5*(1+G5)*C5-(H5*B5)) -> 0
A6: BA | B6: =VLOOKUP(A6,[2]DIFAL!$C$13:$E$39,3,0) -> 0.07 | C6: 0.19 | H6: =PREÇOS!J7 -> 6.35 | I6: =IF(F6=0,,H6*(1+F6)*C6-(H6*B6)) -> 0 | J6: =IF(G6=0,IF(F6=0,,H6*(1+F6)*C6-(H6*B6)),H6*(1+G6)*C6-(H6*B6)) -> 0
A7: CE | B7: =VLOOKUP(A7,[2]DIFAL!$C$13:$E$39,3,0) -> 0.07 | C7: 0.2 | H7: =PREÇOS!J8 -> 6.35 | I7: =IF(F7=0,,H7*(1+F7)*C7-(H7*B7)) -> 0 | J7: =IF(G7=0,IF(F7=0,,H7*(1+F7)*C7-(H7*B7)),H7*(1+G7)*C7-(H7*B7)) -> 0
A8: DF | B8: =VLOOKUP(A8,[2]DIFAL!$C$13:$E$39,3,0) -> 0.07 | C8: 0.18 | H8: =PREÇOS!J9 -> 6.35 | I8: =IF(F8=0,,H8*(1+F8)*C8-(H8*B8)) -> 0 | J8: =IF(G8=0,IF(F8=0,,H8*(1+F8)*C8-(H8*B8)),H8*(1+G8)*C8-(H8*B8)) -> 0
A9: ES | B9: =VLOOKUP(A9,[2]DIFAL!$C$13:$E$39,3,0) -> 0.07 | C9: 0.17 | H9: =PREÇOS!J10 -> 5.82 | I9: =IF(F9=0,,H9*(1+F9)*C9-(H9*B9)) -> 0 | J9: =IF(G9=0,IF(F9=0,,H9*(1+F9)*C9-(H9*B9)),H9*(1+G9)*C9-(H9*B9)) -> 0
A10: GO | B10: =VLOOKUP(A10,[2]DIFAL!$C$13:$E$39,3,0) -> 0.07 | C10: 0.17 | H10: =PREÇOS!J11 -> 6.35 | I10: =IF(F10=0,,H10*(1+F10)*C10-(H10*B10)) -> 0 | J10: =IF(G10=0,IF(F10=0,,H10*(1+F10)*C10-(H10*B10)),H10*(1+G10)*C10-(H10*B10)) -> 0
A11: MA | B11: =VLOOKUP(A11,[2]DIFAL!$C$13:$E$39,3,0) -> 0.07 | C11: 0.2 | H11: =PREÇOS!J12 -> 6.35 | I11: =IF(F11=0,,H11*(1+F11)*C11-(H11*B11)) -> 0 | J11: =IF(G11=0,IF(F11=0,,H11*(1+F11)*C11-(H11*B11)),H11*(1+G11)*C11-(H11*B11)) -> 0
A12: MG | B12: =VLOOKUP(A12,[2]DIFAL!$C$13:$E$39,3,0) -> 0.12 | C12: 0.18 | F12: 0.4488 | H12: =PREÇOS!J13 -> 6.15 | I12: =IF(F12=0,,H12*(1+F12)*C12-(H12*B12)) -> 0.8658216 | J12: =IF(G12=0,IF(F12=0,,H12*(1+F12)*C12-(H12*B12)),H12*(1+G12)*C12-(H12*B12)) -> 0.8658216
A13: MS | B13: =VLOOKUP(A13,[2]DIFAL!$C$13:$E$39,3,0) -> 0.07 | C13: 0.17 | H13: =PREÇOS!J14 -> 6.35 | I13: =IF(F13=0,,H13*(1+F13)*C13-(H13*B13)) -> 0 | J13: =IF(G13=0,IF(F13=0,,H13*(1+F13)*C13-(H13*B13)),H13*(1+G13)*C13-(H13*B13)) -> 0
A14: MT | B14: =VLOOKUP(A14,[2]DIFAL!$C$13:$E$39,3,0) -> 0.07 | C14: 0.17 | F14: 0.4552 | H14: =PREÇOS!J15 -> 6.35 | I14: =IF(F14=0,,H14*(1+F14)*C14-(H14*B14)) -> 1.1263884 | J14: =IF(G14=0,IF(F14=0,,H14*(1+F14)*C14-(H14*B14)),H14*(1+G14)*C14-(H14*B14)) -> 1.1263884
A15: PA | B15: =VLOOKUP(A15,[2]DIFAL!$C$13:$E$39,3,0) -> 0.07 | C15: 0.19 | H15: =PREÇOS!J16 -> 6.35 | I15: =IF(F15=0,,H15*(1+F15)*C15-(H15*B15)) -> 0 | J15: =IF(G15=0,IF(F15=0,,H15*(1+F15)*C15-(H15*B15)),H15*(1+G15)*C15-(H15*B15)) -> 0
A16: PB | B16: =VLOOKUP(A16,[2]DIFAL!$C$13:$E$39,3,0) -> 0.07 | C16: 0.18 | H16: =PREÇOS!J17 -> 6.35 | I16: =IF(F16=0,,H16*(1+F16)*C16-(H16*B16)) -> 0 | J16: =IF(G16=0,IF(F16=0,,H16*(1+F16)*C16-(H16*B16)),H16*(1+G16)*C16-(H16*B16)) -> 0
A17: PE | B17: =VLOOKUP(A17,[2]DIFAL!$C$13:$E$39,3,0) -> 0.07 | C17: 0.18 | H17: =PREÇOS!J18 -> 6.35 | I17: =IF(F17=0,,H17*(1+F17)*C17-(H17*B17)) -> 0 | J17: =IF(G17=0,IF(F17=0,,H17*(1+F17)*C17-(H17*B17)),H17*(1+G17)*C17-(H17*B17)) -> 0
A18: PI | B18: =VLOOKUP(A18,[2]DIFAL!$C$13:$E$39,3,0) -> 0.07 | C18: 0.21 | H18: =PREÇOS!J19 -> 6.35 | I18: =IF(F18=0,,H18*(1+F18)*C18-(H18*B18)) -> 0 | J18: =IF(G18=0,IF(F18=0,,H18*(1+F18)*C18-(H18*B18)),H18*(1+G18)*C18-(H18*B18)) -> 0
A19: PR | B19: 0.12 | C19: 0.195 | F19: 0.608 | H19: =PREÇOS!J20 -> 6.15 | I19: =IF(F19=0,,H19*(1+F19)*C19-(H19*B19)) -> 1.190394 | J19: =IF(G19=0,IF(F19=0,,H19*(1+F19)*C19-(H19*B19)),H19*(1+G19)*C19-(H19*B19)) -> 1.190394
A20: RJ | B20: =VLOOKUP(A20,[2]DIFAL!$C$13:$E$39,3,0) -> 0.12 | C20: 0.22 | F20: 0.5473 | H20: =PREÇOS!J21 -> 6.15 | I20: =IF(F20=0,,H20*(1+F20)*C20-(H20*B20)) -> 1.3554969 | J20: =IF(G20=0,IF(F20=0,,H20*(1+F20)*C20-(H20*B20)),H20*(1+G20)*C20-(H20*B20)) -> 1.3554969
A21: RN | B21: =VLOOKUP(A21,[2]DIFAL!$C$13:$E$39,3,0) -> 0.07 | C21: 0.2 | H21: =PREÇOS!J22 -> 6.35 | I21: =IF(F21=0,,H21*(1+F21)*C21-(H21*B21)) -> 0 | J21: =IF(G21=0,IF(F21=0,,H21*(1+F21)*C21-(H21*B21)),H21*(1+G21)*C21-(H21*B21)) -> 0
A22: RO | B22: =VLOOKUP(A22,[2]DIFAL!$C$13:$E$39,3,0) -> 0.07 | C22: 0.175 | H22: =PREÇOS!J23 -> 6.35 | I22: =IF(F22=0,,H22*(1+F22)*C22-(H22*B22)) -> 0 | J22: =IF(G22=0,IF(F22=0,,H22*(1+F22)*C22-(H22*B22)),H22*(1+G22)*C22-(H22*B22)) -> 0
A23: RR | B23: =VLOOKUP(A23,[2]DIFAL!$C$13:$E$39,3,0) -> 0.07 | C23: 0.2 | H23: =PREÇOS!J24 -> 6.35 | I23: =IF(F23=0,,H23*(1+F23)*C23-(H23*B23)) -> 0 | J23: =IF(G23=0,IF(F23=0,,H23*(1+F23)*C23-(H23*B23)),H23*(1+G23)*C23-(H23*B23)) -> 0
A24: RS | B24: =VLOOKUP(A24,[2]DIFAL!$C$13:$E$39,3,0) -> 0.12 | C24: 0.17 | H24: =PREÇOS!J25 -> 6.15 | I24: =IF(F24=0,,H24*(1+F24)*C24-(H24*B24)) -> 0 | J24: =IF(G24=0,IF(F24=0,,H24*(1+F24)*C24-(H24*B24)),H24*(1+G24)*C24-(H24*B24)) -> 0
A25: SC | B25: =VLOOKUP(A25,[2]DIFAL!$C$13:$E$39,3,0) -> 0.12 | C25: 0.17 | H25: =PREÇOS!J26 -> 6.15 | I25: =IF(F25=0,,H25*(1+F25)*C25-(H25*B25)) -> 0 | J25: =IF(G25=0,IF(F25=0,,H25*(1+F25)*C25-(H25*B25)),H25*(1+G25)*C25-(H25*B25)) -> 0
A26: SE | B26: =VLOOKUP(A26,[2]DIFAL!$C$13:$E$39,3,0) -> 0.07 | C26: 0.2 | H26: =PREÇOS!J27 -> 6.35 | I26: =IF(F26=0,,H26*(1+F26)*C26-(H26*B26)) -> 0 | J26: =IF(G26=0,IF(F26=0,,H26*(1+F26)*C26-(H26*B26)),H26*(1+G26)*C26-(H26*B26)) -> 0
A27: SP | B27: =VLOOKUP(A27,[2]DIFAL!$C$13:$E$39,3,0) -> 0.12 | C27: 0.18 | F27: 0.463 | H27: =PREÇOS!J28 -> 6.15 | I27: =IF(F27=0,,H27*(1+F27)*C27-(H27*B27)) -> 0.881541 | J27: =IF(G27=0,IF(F27=0,,H27*(1+F27)*C27-(H27*B27)),H27*(1+G27)*C27-(H27*B27)) -> 0.881541
A28: SP/Atacado | B28: =B27 -> 0.12 | C28: =C27 -> 0.18 | D28: =D27 -> 0 | E28: =E27 -> 0 | F28: =F27 -> 0.463 | G28: =G27 -> 0 | H28: =PREÇOS!J29 -> 6.15 | I28: =IF(F28=0,,H28*(1+F28)*C28-(H28*B28)) -> 0.881541 | J28: =IF(G28=0,IF(F28=0,,H28*(1+F28)*C28-(H28*B28)),H28*(1+G28)*C28-(H28*B28)) -> 0.881541
A29: TO | B29: =VLOOKUP(A29,[2]DIFAL!$C$13:$E$39,3,0) -> 0.07 | C29: 0.2 | H29: =PREÇOS!J30 -> 6.35 | I29: =IF(F29=0,,H29*(1+F29)*C29-(H29*B29)) -> 0 | J29: =IF(G29=0,IF(F29=0,,H29*(1+F29)*C29-(H29*B29)),H29*(1+G29)*C29-(H29*B29)) -> 0
A30: EX | H30: =PREÇOS!J31 -> 0 | I30: =IF(F30=0,,H30*(1+F30)*C30-(H30*B30)) -> 0 | J30: =IF(G30=0,IF(F30=0,,H30*(1+F30)*C30-(H30*B30)),H30*(1+G30)*C30-(H30*B30)) -> 0

Sheet ST MULTI 170 POUCH
A1: Estado | B1: Aliquota interestadual | C1: Aliquota interna | D1: MVA (normal) | E1: MVA (simples) | F1: Ajustada (normal) | G1: Ajustada (simples) | H1: Preço | I1: ST Normal | J1: ST Simples
A2: AC | B2: =VLOOKUP(A2,[2]DIFAL!$C$13:$E$39,3,0) -> 0.07 | C2: 0.17 | H2: =PREÇOS!K3 -> 5.25 | I2: =IF(F2=0,,H2*(1+F2)*C2-(H2*B2)) -> 0 | J2: =IF(G2=0,IF(F2=0,,H2*(1+F2)*C2-(H2*B2)),H2*(1+G2)*C2-(H2*B2)) -> 0
A3: AL | B3: =VLOOKUP(A3,[2]DIFAL!$C$13:$E$39,3,0) -> 0.07 | C3: 0.2 | F3: 0.71 | H3: =PREÇOS!K4 -> 5.25 | I3: =IF(F3=0,,H3*(1+F3)*C3-(H3*B3)) -> 1.428 | J3: =IF(G3=0,IF(F3=0,,H3*(1+F3)*C3-(H3*B3)),H3*(1+G3)*C3-(H3*B3)) -> 1.428
A4: AM | B4: =VLOOKUP(A4,[2]DIFAL!$C$13:$E$39,3,0) -> 0.07 | C4: 0.2 | F4: 0.5538 | H4: =PREÇOS!K5 -> 5.25 | I4: =IF(F4=0,,H4*(1+F4)*C4-(H4*B4)) -> 1.26399 | J4: =IF(G4=0,IF(F4=0,,H4*(1+F4)*C4-(H4*B4)),H4*(1+G4)*C4-(H4*B4)) -> 1.26399
A5: AP | B5: =VLOOKUP(A5,[2]DIFAL!$C$13:$E$39,3,0) -> 0.07 | C5: 0.18 | H5: =PREÇOS!K6 -> 5.25 | I5: =IF(F5=0,,H5*(1+F5)*C5-(H5*B5)) -> 0 | J5: =IF(G5=0,IF(F5=0,,H5*(1+F5)*C5-(H5*B5)),H5*(1+G5)*C5-(H5*B5)) -> 0
A6: BA | B6: =VLOOKUP(A6,[2]DIFAL!$C$13:$E$39,3,0) -> 0.07 | C6: 0.19 | H6: =PREÇOS!K7 -> 5.25 | I6: =IF(F6=0,,H6*(1+F6)*C6-(H6*B6)) -> 0 | J6: =IF(G6=0,IF(F6=0,,H6*(1+F6)*C6-(H6*B6)),H6*(1+G6)*C6-(H6*B6)) -> 0
A7: CE | B7: =VLOOKUP(A7,[2]DIFAL!$C$13:$E$39,3,0) -> 0.07 | C7: 0.2 | H7: =PREÇOS!K8 -> 5.25 | I7: =IF(F7=0,,H7*(1+F7)*C7-(H7*B7)) -> 0 | J7: =IF(G7=0,IF(F7=0,,H7*(1+F7)*C7-(H7*B7)),H7*(1+G7)*C7-(H7*B7)) -> 0
A8: DF | B8: =VLOOKUP(A8,[2]DIFAL!$C$13:$E$39,3,0) -> 0.07 | C8: 0.18 | H8: =PREÇOS!K9 -> 5.25 | I8: =IF(F8=0,,H8*(1+F8)*C8-(H8*B8)) -> 0 | J8: =IF(G8=0,IF(F8=0,,H8*(1+F8)*C8-(H8*B8)),H8*(1+G8)*C8-(H8*B8)) -> 0
A9: ES | B9: =VLOOKUP(A9,[2]DIFAL!$C$13:$E$39,3,0) -> 0.07 | C9: 0.17 | H9: =PREÇOS!K10 -> 5.82 | I9: =IF(F9=0,,H9*(1+F9)*C9-(H9*B9)) -> 0 | J9: =IF(G9=0,IF(F9=0,,H9*(1+F9)*C9-(H9*B9)),H9*(1+G9)*C9-(H9*B9)) -> 0
A10: GO | B10: =VLOOKUP(A10,[2]DIFAL!$C$13:$E$39,3,0) -> 0.07 | C10: 0.17 | H10: =PREÇOS!K11 -> 5.25 | I10: =IF(F10=0,,H10*(1+F10)*C10-(H10*B10)) -> 0 | J10: =IF(G10=0,IF(F10=0,,H10*(1+F10)*C10-(H10*B10)),H10*(1+G10)*C10-(H10*B10)) -> 0
A11: MA | B11: =VLOOKUP(A11,[2]DIFAL!$C$13:$E$39,3,0) -> 0.07 | C11: 0.2 | H11: =PREÇOS!K12 -> 5.25 | I11: =IF(F11=0,,H11*(1+F11)*C11-(H11*B11)) -> 0 | J11: =IF(G11=0,IF(F11=0,,H11*(1+F11)*C11-(H11*B11)),H11*(1+G11)*C11-(H11*B11)) -> 0
A12: MG | B12: =VLOOKUP(A12,[2]DIFAL!$C$13:$E$39,3,0) -> 0.12 | C12: 0.18 | F12: 0.4488 | H12: =PREÇOS!K13 -> 6.15 | I12: =IF(F12=0,,H12*(1+F12)*C12-(H12*B12)) -> 0.8658216 | J12: =IF(G12=0,IF(F12=0,,H12*(1+F12)*C12-(H12*B12)),H12*(1+G12)*C12-(H12*B12)) -> 0.8658216
A13: MS | B13: =VLOOKUP(A13,[2]DIFAL!$C$13:$E$39,3,0) -> 0.07 | C13: 0.17 | H13: =PREÇOS!K14 -> 5.25 | I13: =IF(F13=0,,H13*(1+F13)*C13-(H13*B13)) -> 0 | J13: =IF(G13=0,IF(F13=0,,H13*(1+F13)*C13-(H13*B13)),H13*(1+G13)*C13-(H13*B13)) -> 0
A14: MT | B14: =VLOOKUP(A14,[2]DIFAL!$C$13:$E$39,3,0) -> 0.07 | C14: 0.17 | F14: 0.4552 | H14: =PREÇOS!K15 -> 5.25 | I14: =IF(F14=0,,H14*(1+F14)*C14-(H14*B14)) -> 0.931266 | J14: =IF(G14=0,IF(F14=0,,H14*(1+F14)*C14-(H14*B14)),H14*(1+G14)*C14-(H14*B14)) -> 0.931266
A15: PA | B15: =VLOOKUP(A15,[2]DIFAL!$C$13:$E$39,3,0) -> 0.07 | C15: 0.19 | H15: =PREÇOS!K16 -> 5.25 | I15: =IF(F15=0,,H15*(1+F15)*C15-(H15*B15)) -> 0 | J15: =IF(G15=0,IF(F15=0,,H15*(1+F15)*C15-(H15*B15)),H15*(1+G15)*C15-(H15*B15)) -> 0
A16: PB | B16: =VLOOKUP(A16,[2]DIFAL!$C$13:$E$39,3,0) -> 0.07 | C16: 0.18 | H16: =PREÇOS!K17 -> 5.25 | I16: =IF(F16=0,,H16*(1+F16)*C16-(H16*B16)) -> 0 | J16: =IF(G16=0,IF(F16=0,,H16*(1+F16)*C16-(H16*B16)),H16*(1+G16)*C16-(H16*B16)) -> 0
A17: PE | B17: =VLOOKUP(A17,[2]DIFAL!$C$13:$E$39,3,0) -> 0.07 | C17: 0.18 | H17: =PREÇOS!K18 -> 5.25 | I17: =IF(F17=0,,H17*(1+F17)*C17-(H17*B17)) -> 0 | J17: =IF(G17=0,IF(F17=0,,H17*(1+F17)*C17-(H17*B17)),H17*(1+G17)*C17-(H17*B17)) -> 0
A18: PI | B18: =VLOOKUP(A18,[2]DIFAL!$C$13:$E$39,3,0) -> 0.07 | C18: 0.21 | H18: =PREÇOS!K19 -> 5.25 | I18: =IF(F18=0,,H18*(1+F18)*C18-(H18*B18)) -> 0 | J18: =IF(G18=0,IF(F18=0,,H18*(1+F18)*C18-(H18*B18)),H18*(1+G18)*C18-(H18*B18)) -> 0
A19: PR | B19: 0.12 | C19: 0.195 | F19: 0.608 | H19: =PREÇOS!K20 -> 6.15 | I19: =IF(F19=0,,H19*(1+F19)*C19-(H19*B19)) -> 1.190394 | J19: =IF(G19=0,IF(F19=0,,H19*(1+F19)*C19-(H19*B19)),H19*(1+G19)*C19-(H19*B19)) -> 1.190394
A20: RJ | B20: =VLOOKUP(A20,[2]DIFAL!$C$13:$E$39,3,0) -> 0.12 | C20: 0.22 | F20: 0.5473 | H20: =PREÇOS!K21 -> 6.15 | I20: =IF(F20=0,,H20*(1+F20)*C20-(H20*B20)) -> 1.3554969 | J20: =IF(G20=0,IF(F20=0,,H20*(1+F20)*C20-(H20*B20)),H20*(1+G20)*C20-(H20*B20)) -> 1.3554969
A21: RN | B21: =VLOOKUP(A21,[2]DIFAL!$C$13:$E$39,3,0) -> 0.07 | C21: 0.2 | H21: =PREÇOS!K22 -> 5.25 | I21: =IF(F21=0,,H21*(1+F21)*C21-(H21*B21)) -> 0 | J21: =IF(G21=0,IF(F21=0,,H21*(1+F21)*C21-(H21*B21)),H21*(1+G21)*C21-(H21*B21)) -> 0
A22: RO | B22: =VLOOKUP(A22,[2]DIFAL!$C$13:$E$39,3,0) -> 0.07 | C22: 0.175 | H22: =PREÇOS!K23 -> 5.25 | I22: =IF(F22=0,,H22*(1+F22)*C22-(H22*B22)) -> 0 | J22: =IF(G22=0,IF(F22=0,,H22*(1+F22)*C22-(H22*B22)),H22*(1+G22)*C22-(H22*B22)) -> 0
A23: RR | B23: =VLOOKUP(A23,[2]DIFAL!$C$13:$E$39,3,0) -> 0.07 | C23: 0.2 | H23: =PREÇOS!K24 -> 5.25 | I23: =IF(F23=0,,H23*(1+F23)*C23-(H23*B23)) -> 0 | J23: =IF(G23=0,IF(F23=0,,H23*(1+F23)*C23-(H23*B23)),H23*(1+G23)*C23-(H23*B23)) -> 0
A24: RS | B24: =VLOOKUP(A24,[2]DIFAL!$C$13:$E$39,3,0) -> 0.12 | C24: 0.17 | H24: =PREÇOS!K25 -> 6.15 | I24: =IF(F24=0,,H24*(1+F24)*C24-(H24*B24)) -> 0 | J24: =IF(G24=0,IF(F24=0,,H24*(1+F24)*C24-(H24*B24)),H24*(1+G24)*C24-(H24*B24)) -> 0
A25: SC | B25: =VLOOKUP(A25,[2]DIFAL!$C$13:$E$39,3,0) -> 0.12 | C25: 0.17 | H25: =PREÇOS!K26 -> 6.15 | I25: =IF(F25=0,,H25*(1+F25)*C25-(H25*B25)) -> 0 | J25: =IF(G25=0,IF(F25=0,,H25*(1+F25)*C25-(H25*B25)),H25*(1+G25)*C25-(H25*B25)) -> 0
A26: SE | B26: =VLOOKUP(A26,[2]DIFAL!$C$13:$E$39,3,0) -> 0.07 | C26: 0.2 | H26: =PREÇOS!K27 -> 5.25 | I26: =IF(F26=0,,H26*(1+F26)*C26-(H26*B26)) -> 0 | J26: =IF(G26=0,IF(F26=0,,H26*(1+F26)*C26-(H26*B26)),H26*(1+G26)*C26-(H26*B26)) -> 0
A27: SP | B27: =VLOOKUP(A27,[2]DIFAL!$C$13:$E$39,3,0) -> 0.12 | C27: 0.18 | F27: 0.463 | H27: =PREÇOS!K28 -> 6.15 | I27: =IF(F27=0,,H27*(1+F27)*C27-(H27*B27)) -> 0.881541 | J27: =IF(G27=0,IF(F27=0,,H27*(1+F27)*C27-(H27*B27)),H27*(1+G27)*C27-(H27*B27)) -> 0.881541
A28: SP/Atacado | B28: =B27 -> 0.12 | C28: =C27 -> 0.18 | D28: =D27 -> 0 | E28: =E27 -> 0 | F28: =F27 -> 0.463 | G28: =G27 -> 0 | H28: =PREÇOS!K29 -> 6.15 | I28: =IF(F28=0,,H28*(1+F28)*C28-(H28*B28)) -> 0.881541 | J28: =IF(G28=0,IF(F28=0,,H28*(1+F28)*C28-(H28*B28)),H28*(1+G28)*C28-(H28*B28)) -> 0.881541
A29: TO | B29: =VLOOKUP(A29,[2]DIFAL!$C$13:$E$39,3,0) -> 0.07 | C29: 0.2 | H29: =PREÇOS!K30 -> 5.25 | I29: =IF(F29=0,,H29*(1+F29)*C29-(H29*B29)) -> 0 | J29: =IF(G29=0,IF(F29=0,,H29*(1+F29)*C29-(H29*B29)),H29*(1+G29)*C29-(H29*B29)) -> 0
A30: EX | H30: =PREÇOS!K31 -> 0 | I30: =IF(F30=0,,H30*(1+F30)*C30-(H30*B30)) -> 0 | J30: =IF(G30=0,IF(F30=0,,H30*(1+F30)*C30-(H30*B30)),H30*(1+G30)*C30-(H30*B30)) -> 0

Sheet ST MULTI 500 POUCH
A1: Estado | B1: Aliquota interestadual | C1: Aliquota interna | D1: MVA (normal) | E1: MVA (simples) | F1: Ajustada (normal) | G1: Ajustada (simples) | H1: Preço | I1: ST Normal | J1: ST Simples
A2: AC | B2: =VLOOKUP(A2,[2]DIFAL!$C$13:$E$39,3,0) -> 0.07 | C2: 0.17 | H2: =PREÇOS!L3 -> 13.4 | I2: =IF(F2=0,,H2*(1+F2)*C2-(H2*B2)) -> 0 | J2: =IF(G2=0,IF(F2=0,,H2*(1+F2)*C2-(H2*B2)),H2*(1+G2)*C2-(H2*B2)) -> 0
A3: AL | B3: =VLOOKUP(A3,[2]DIFAL!$C$13:$E$39,3,0) -> 0.07 | C3: 0.2 | F3: 0.71 | H3: =PREÇOS!L4 -> 13.4 | I3: =IF(F3=0,,H3*(1+F3)*C3-(H3*B3)) -> 3.6448 | J3: =IF(G3=0,IF(F3=0,,H3*(1+F3)*C3-(H3*B3)),H3*(1+G3)*C3-(H3*B3)) -> 3.6448
A4: AM | B4: =VLOOKUP(A4,[2]DIFAL!$C$13:$E$39,3,0) -> 0.07 | C4: 0.2 | F4: 0.5538 | H4: =PREÇOS!L5 -> 13.4 | I4: =IF(F4=0,,H4*(1+F4)*C4-(H4*B4)) -> 3.226184 | J4: =IF(G4=0,IF(F4=0,,H4*(1+F4)*C4-(H4*B4)),H4*(1+G4)*C4-(H4*B4)) -> 3.226184
A5: AP | B5: =VLOOKUP(A5,[2]DIFAL!$C$13:$E$39,3,0) -> 0.07 | C5: 0.18 | H5: =PREÇOS!L6 -> 13.4 | I5: =IF(F5=0,,H5*(1+F5)*C5-(H5*B5)) -> 0 | J5: =IF(G5=0,IF(F5=0,,H5*(1+F5)*C5-(H5*B5)),H5*(1+G5)*C5-(H5*B5)) -> 0
A6: BA | B6: =VLOOKUP(A6,[2]DIFAL!$C$13:$E$39,3,0) -> 0.07 | C6: 0.19 | H6: =PREÇOS!L7 -> 13.4 | I6: =IF(F6=0,,H6*(1+F6)*C6-(H6*B6)) -> 0 | J6: =IF(G6=0,IF(F6=0,,H6*(1+F6)*C6-(H6*B6)),H6*(1+G6)*C6-(H6*B6)) -> 0
A7: CE | B7: =VLOOKUP(A7,[2]DIFAL!$C$13:$E$39,3,0) -> 0.07 | C7: 0.2 | H7: =PREÇOS!L8 -> 13.4 | I7: =IF(F7=0,,H7*(1+F7)*C7-(H7*B7)) -> 0 | J7: =IF(G7=0,IF(F7=0,,H7*(1+F7)*C7-(H7*B7)),H7*(1+G7)*C7-(H7*B7)) -> 0
A8: DF | B8: =VLOOKUP(A8,[2]DIFAL!$C$13:$E$39,3,0) -> 0.07 | C8: 0.18 | H8: =PREÇOS!L9 -> 13.4 | I8: =IF(F8=0,,H8*(1+F8)*C8-(H8*B8)) -> 0 | J8: =IF(G8=0,IF(F8=0,,H8*(1+F8)*C8-(H8*B8)),H8*(1+G8)*C8-(H8*B8)) -> 0
A9: ES | B9: =VLOOKUP(A9,[2]DIFAL!$C$13:$E$39,3,0) -> 0.07 | C9: 0.17 | H9: =PREÇOS!L10 -> 14.18 | I9: =IF(F9=0,,H9*(1+F9)*C9-(H9*B9)) -> 0 | J9: =IF(G9=0,IF(F9=0,,H9*(1+F9)*C9-(H9*B9)),H9*(1+G9)*C9-(H9*B9)) -> 0
A10: GO | B10: =VLOOKUP(A10,[2]DIFAL!$C$13:$E$39,3,0) -> 0.07 | C10: 0.17 | H10: =PREÇOS!L11 -> 13.4 | I10: =IF(F10=0,,H10*(1+F10)*C10-(H10*B10)) -> 0 | J10: =IF(G10=0,IF(F10=0,,H10*(1+F10)*C10-(H10*B10)),H10*(1+G10)*C10-(H10*B10)) -> 0
A11: MA | B11: =VLOOKUP(A11,[2]DIFAL!$C$13:$E$39,3,0) -> 0.07 | C11: 0.2 | H11: =PREÇOS!L12 -> 13.4 | I11: =IF(F11=0,,H11*(1+F11)*C11-(H11*B11)) -> 0 | J11: =IF(G11=0,IF(F11=0,,H11*(1+F11)*C11-(H11*B11)),H11*(1+G11)*C11-(H11*B11)) -> 0
A12: MG | B12: =VLOOKUP(A12,[2]DIFAL!$C$13:$E$39,3,0) -> 0.12 | C12: 0.18 | F12: 0.4488 | H12: =PREÇOS!L13 -> 14.99 | I12: =IF(F12=0,,H12*(1+F12)*C12-(H12*B12)) -> 2.1103522 | J12: =IF(G12=0,IF(F12=0,,H12*(1+F12)*C12-(H12*B12)),H12*(1+G12)*C12-(H12*B12)) -> 2.1103522
A13: MS | B13: =VLOOKUP(A13,[2]DIFAL!$C$13:$E$39,3,0) -> 0.07 | C13: 0.17 | H13: =PREÇOS!L14 -> 13.4 | I13: =IF(F13=0,,H13*(1+F13)*C13-(H13*B13)) -> 0 | J13: =IF(G13=0,IF(F13=0,,H13*(1+F13)*C13-(H13*B13)),H13*(1+G13)*C13-(H13*B13)) -> 0
A14: MT | B14: =VLOOKUP(A14,[2]DIFAL!$C$13:$E$39,3,0) -> 0.07 | C14: 0.17 | F14: 0.4552 | H14: =PREÇOS!L15 -> 13.4 | I14: =IF(F14=0,,H14*(1+F14)*C14-(H14*B14)) -> 2.3769456 | J14: =IF(G14=0,IF(F14=0,,H14*(1+F14)*C14-(H14*B14)),H14*(1+G14)*C14-(H14*B14)) -> 2.3769456
A15: PA | B15: =VLOOKUP(A15,[2]DIFAL!$C$13:$E$39,3,0) -> 0.07 | C15: 0.19 | H15: =PREÇOS!L16 -> 13.4 | I15: =IF(F15=0,,H15*(1+F15)*C15-(H15*B15)) -> 0 | J15: =IF(G15=0,IF(F15=0,,H15*(1+F15)*C15-(H15*B15)),H15*(1+G15)*C15-(H15*B15)) -> 0
A16: PB | B16: =VLOOKUP(A16,[2]DIFAL!$C$13:$E$39,3,0) -> 0.07 | C16: 0.18 | H16: =PREÇOS!L17 -> 13.4 | I16: =IF(F16=0,,H16*(1+F16)*C16-(H16*B16)) -> 0 | J16: =IF(G16=0,IF(F16=0,,H16*(1+F16)*C16-(H16*B16)),H16*(1+G16)*C16-(H16*B16)) -> 0
A17: PE | B17: =VLOOKUP(A17,[2]DIFAL!$C$13:$E$39,3,0) -> 0.07 | C17: 0.18 | H17: =PREÇOS!L18 -> 13.4 | I17: =IF(F17=0,,H17*(1+F17)*C17-(H17*B17)) -> 0 | J17: =IF(G17=0,IF(F17=0,,H17*(1+F17)*C17-(H17*B17)),H17*(1+G17)*C17-(H17*B17)) -> 0
A18: PI | B18: =VLOOKUP(A18,[2]DIFAL!$C$13:$E$39,3,0) -> 0.07 | C18: 0.21 | H18: =PREÇOS!L19 -> 13.4 | I18: =IF(F18=0,,H18*(1+F18)*C18-(H18*B18)) -> 0 | J18: =IF(G18=0,IF(F18=0,,H18*(1+F18)*C18-(H18*B18)),H18*(1+G18)*C18-(H18*B18)) -> 0
A19: PR | B19: 0.12 | C19: 0.195 | F19: 0.608 | H19: =PREÇOS!L20 -> 14.99 | I19: =IF(F19=0,,H19*(1+F19)*C19-(H19*B19)) -> 2.9014644 | J19: =IF(G19=0,IF(F19=0,,H19*(1+F19)*C19-(H19*B19)),H19*(1+G19)*C19-(H19*B19)) -> 2.9014644
A20: RJ | B20: =VLOOKUP(A20,[2]DIFAL!$C$13:$E$39,3,0) -> 0.12 | C20: 0.22 | F20: 0.5473 | H20: =PREÇOS!L21 -> 14.99 | I20: =IF(F20=0,,H20*(1+F20)*C20-(H20*B20)) -> 3.3038859 | J20: =IF(G20=0,IF(F20=0,,H20*(1+F20)*C20-(H20*B20)),H20*(1+G20)*C20-(H20*B20)) -> 3.3038859
A21: RN | B21: =VLOOKUP(A21,[2]DIFAL!$C$13:$E$39,3,0) -> 0.07 | C21: 0.2 | H21: =PREÇOS!L22 -> 13.4 | I21: =IF(F21=0,,H21*(1+F21)*C21-(H21*B21)) -> 0 | J21: =IF(G21=0,IF(F21=0,,H21*(1+F21)*C21-(H21*B21)),H21*(1+G21)*C21-(H21*B21)) -> 0
A22: RO | B22: =VLOOKUP(A22,[2]DIFAL!$C$13:$E$39,3,0) -> 0.07 | C22: 0.175 | H22: =PREÇOS!L23 -> 13.4 | I22: =IF(F22=0,,H22*(1+F22)*C22-(H22*B22)) -> 0 | J22: =IF(G22=0,IF(F22=0,,H22*(1+F22)*C22-(H22*B22)),H22*(1+G22)*C22-(H22*B22)) -> 0
A23: RR | B23: =VLOOKUP(A23,[2]DIFAL!$C$13:$E$39,3,0) -> 0.07 | C23: 0.2 | H23: =PREÇOS!L24 -> 13.4 | I23: =IF(F23=0,,H23*(1+F23)*C23-(H23*B23)) -> 0 | J23: =IF(G23=0,IF(F23=0,,H23*(1+F23)*C23-(H23*B23)),H23*(1+G23)*C23-(H23*B23)) -> 0
A24: RS | B24: =VLOOKUP(A24,[2]DIFAL!$C$13:$E$39,3,0) -> 0.12 | C24: 0.17 | H24: =PREÇOS!L25 -> 14.99 | I24: =IF(F24=0,,H24*(1+F24)*C24-(H24*B24)) -> 0 | J24: =IF(G24=0,IF(F24=0,,H24*(1+F24)*C24-(H24*B24)),H24*(1+G24)*C24-(H24*B24)) -> 0
A25: SC | B25: =VLOOKUP(A25,[2]DIFAL!$C$13:$E$39,3,0) -> 0.12 | C25: 0.17 | H25: =PREÇOS!L26 -> 14.99 | I25: =IF(F25=0,,H25*(1+F25)*C25-(H25*B25)) -> 0 | J25: =IF(G25=0,IF(F25=0,,H25*(1+F25)*C25-(H25*B25)),H25*(1+G25)*C25-(H25*B25)) -> 0
A26: SE | B26: =VLOOKUP(A26,[2]DIFAL!$C$13:$E$39,3,0) -> 0.07 | C26: 0.2 | H26: =PREÇOS!L27 -> 13.4 | I26: =IF(F26=0,,H26*(1+F26)*C26-(H26*B26)) -> 0 | J26: =IF(G26=0,IF(F26=0,,H26*(1+F26)*C26-(H26*B26)),H26*(1+G26)*C26-(H26*B26)) -> 0
A27: SP | B27: =VLOOKUP(A27,[2]DIFAL!$C$13:$E$39,3,0) -> 0.12 | C27: 0.18 | F27: 0.463 | H27: =PREÇOS!L28 -> 14.99 | I27: =IF(F27=0,,H27*(1+F27)*C27-(H27*B27)) -> 2.1486666 | J27: =IF(G27=0,IF(F27=0,,H27*(1+F27)*C27-(H27*B27)),H27*(1+G27)*C27-(H27*B27)) -> 2.1486666
A28: SP/Atacado | B28: =B27 -> 0.12 | C28: =C27 -> 0.18 | D28: =D27 -> 0 | E28: =E27 -> 0 | F28: =F27 -> 0.463 | G28: =G27 -> 0 | H28: =PREÇOS!L29 -> 14.99 | I28: =IF(F28=0,,H28*(1+F28)*C28-(H28*B28)) -> 2.1486666 | J28: =IF(G28=0,IF(F28=0,,H28*(1+F28)*C28-(H28*B28)),H28*(1+G28)*C28-(H28*B28)) -> 2.1486666
A29: TO | B29: =VLOOKUP(A29,[2]DIFAL!$C$13:$E$39,3,0) -> 0.07 | C29: 0.2 | H29: =PREÇOS!L30 -> 13.4 | I29: =IF(F29=0,,H29*(1+F29)*C29-(H29*B29)) -> 0 | J29: =IF(G29=0,IF(F29=0,,H29*(1+F29)*C29-(H29*B29)),H29*(1+G29)*C29-(H29*B29)) -> 0
A30: EX | H30: =PREÇOS!L31 -> 0 | I30: =IF(F30=0,,H30*(1+F30)*C30-(H30*B30)) -> 0 | J30: =IF(G30=0,IF(F30=0,,H30*(1+F30)*C30-(H30*B30)),H30*(1+G30)*C30-(H30*B30)) -> 0

Sheet PREÇOS
A1: 0325E | B1: ESPECIAL | D1: 1.03 | I1: 1.1 | N1: 1.05
A2: Estado | B2: Papinhas | C2: Palitinhos | D2: Biscoitinhos | E2: Papapasta | F2: La Chef | G2: Linha Cerais | H2: Biscotti | I2: Pouch Carne | J2: P. Cereal 170g Sache sabores | K2: P. Cereal 170g Sache MULTI | L2: MULTI sache 500 g | M2: Yoguzinho | N2: Bowl | O2: Novos Biscotti
A3: AC | B3: 5.67 | C3: 3.57 | D3: 11.8141 | E3: 7.93 | F3: 11.1 | G3: 7.85 | H3: 7.93 | I3: 8.085 | J3: 6.35 | K3: 5.25 | L3: 13.4 | M3: 5.67 | N3: 11.907
A4: AL | B4: 5.67 | C4: 3.57 | D4: 11.8141 | E4: 7.93 | F4: 11.1 | G4: 7.85 | H4: 7.93 | I4: 8.085 | J4: 6.35 | K4: 5.25 | L4: 13.4 | M4: 5.67 | N4: 11.907
A5: AM | B5: 5.67 | C5: 3.57 | D5: 11.8141 | E5: 7.93 | F5: 11.1 | G5: 7.85 | H5: 7.93 | I5: 8.085 | J5: 6.35 | K5: 5.25 | L5: 13.4 | M5: 5.67 | N5: 11.907
A6: AP | B6: 5.67 | C6: 3.57 | D6: 11.8141 | E6: 7.93 | F6: 11.1 | G6: 7.85 | H6: 7.93 | I6: 8.085 | J6: 6.35 | K6: 5.25 | L6: 13.4 | M6: 5.67 | N6: 11.907
A7: BA | B7: 5.67 | C7: 3.57 | D7: 11.8141 | E7: 7.93 | F7: 11.1 | G7: 7.85 | H7: 7.93 | I7: 8.085 | J7: 6.35 | K7: 5.25 | L7: 13.4 | M7: 5.67 | N7: 11.907
A8: CE | B8: 5.67 | C8: 3.57 | D8: 11.8141 | E8: 7.93 | F8: 11.1 | G8: 7.85 | H8: 7.93 | I8: 8.085 | J8: 6.35 | K8: 5.25 | L8: 13.4 | M8: 5.67 | N8: 11.907
A9: DF | B9: 5.67 | C9: 3.57 | D9: 11.8141 | E9: 7.93 | F9: 11.1 | G9: 7.85 | H9: 7.93 | I9: 8.085 | J9: 6.35 | K9: 5.25 | L9: 13.4 | M9: 5.67 | N9: 11.907
A10: ES | B10: 5.67 | C10: 3.57 | D10: 11.8141 | E10: 7.93 | F10: 11.1 | G10: 7.85 | H10: 7.93 | I10: 8.085 | J10: 5.82 | K10: 5.82 | L10: 14.18 | M10: 5.67 | N10: 11.907
A11: GO | B11: 5.67 | C11: 3.57 | D11: 11.8141 | E11: 7.93 | F11: 11.1 | G11: 7.85 | H11: 7.93 | I11: 8.085 | J11: 6.35 | K11: 5.25 | L11: 13.4 | M11: 5.67 | N11: 11.907
A12: MA | B12: 5.67 | C12: 3.57 | D12: 11.8141 | E12: 7.93 | F12: 11.1 | G12: 7.85 | H12: 7.93 | I12: 8.085 | J12: 6.35 | K12: 5.25 | L12: 13.4 | M12: 5.67 | N12: 11.907
A13: MG | B13: 5.67 | C13: 3.78 | D13: 11.8141 | E13: 8.45 | F13: 11.8 | G13: 8.3 | H13: 8.4 | I13: 8.085 | J13: 6.15 | K13: 6.15 | L13: 14.99 | M13: 5.67 | N13: 12.936
A14: MS | B14: 5.67 | C14: 3.57 | D14: 11.8141 | E14: 7.93 | F14: 11.1 | G14: 7.85 | H14: 7.93 | I14: 8.085 | J14: 6.35 | K14: 5.25 | L14: 13.4 | M14: 5.67 | N14: 11.907
... A30: TO | B30: 5.67 | C30: 3.57 | D30: 11.8141 | E30: 7.93 | F30: 11.1 | G30: 7.85 | H30: 7.93 | I30: 8.085 | J30: 6.35 | K30: 5.25 | L30: 13.4 | M30: 5.67 | N30: 11.907
A33: PSC | B33: 9.49 | C33: 5.99 | D33: 19.49 | E33: 12.99 | F33: 18.99 | G33: 14.39 | H33: 13.49 | I33: 12.49 | J33: 10.99 | K33: 10.99 | L33: 25.49 | M33: 9.49

Sheet PSC PAPAPA
A1: CONSUMIDOR | B1: CONSUMIDOR | C1: CONSUMIDOR | D1: CONSUMIDOR | E1: CONSUMIDOR | F1: CONSUMIDOR | G1: CONSUMIDOR | H1: CONSUMIDOR | I1: CONSUMIDOR | J1: CONSUMIDOR | K1: CONSUMIDOR | L1: CONSUMIDOR | M1: CONSUMIDOR | N1: CONSUMIDOR | O1: CONSUMIDOR
A2: Estado | B2: Papinhas | C2: Palitinhos | D2: Biscoitinhos | E2: Papapasta | F2: La Chef | G2: Linha Cerais | H2: Biscotti | I2: Pouch Carne | J2: P. Cereal 170g Sache sabores | K2: P. Cereal 170g Sache MULTI | L2: MULTI sache 500 g | M2: Yoguzinho | N2: Bowl | O2: Novos Biscotti
A3: AC | B3: 9.49 | C3: 5.79 | D3: 19.99 | E3: 13.69 | F3: 17.99 | G3: 13.89 | H3: 13.49 | I3: 13.49 | J3: 8.99 | K3: 7.99 | L3: 19.99 | M3: 9.49 | N3: 18.99
A4: AL | B4: 9.49 | C4: 5.79 | D4: 19.99 | E4: 13.69 | F4: 17.99 | G4: 13.89 | H4: 13.49 | I4: 13.49 | J4: 8.99 | K4: 7.99 | L4: 19.99 | M4: 9.49 | N4: 18.99
A5: AM | B5: 9.49 | C5: 5.79 | D5: 19.99 | E5: 13.69 | F5: 17.99 | G5: 13.89 | H5: 13.49 | I5: 13.49 | J5: 8.99 | K5: 7.99 | L5: 19.99 | M5: 9.49 | N5: 18.99
A6: AP | B6: 9.49 | C6: 5.79 | D6: 19.99 | E6: 13.69 | F6: 17.99 | G6: 13.89 | H6: 13.49 | I6: 13.49 | J6: 8.99 | K6: 7.99 | L6: 19.99 | M6: 9.49 | N6: 18.99
A7: BA | B7: 9.49 | C7: 5.79 | D7: 19.99 | E7: 13.69 | F7: 17.99 | G7: 13.89 | H7: 13.49 | I7: 13.49 | J7: 8.99 | K7: 7.99 | L7: 19.99 | M7: 9.49 | N7: 18.99
A8: CE | B8: 9.49 | C8: 5.79 | D8: 19.99 | E8: 13.69 | F8: 17.99 | G8: 13.89 | H8: 13.49 | I8: 13.49 | J8: 8.99 | K8: 7.99 | L8: 19.99 | M8: 9.49 | N8: 18.99
A9: DF | B9: 9.49 | C9: 5.79 | D9: 19.99 | E9: 13.69 | F9: 17.99 | G9: 13.89 | H9: 13.49 | I9: 13.49 | J9: 8.99 | K9: 7.99 | L9: 19.99 | M9: 9.49 | N9: 18.99
A10: ES | B10: 9.49 | C10: 5.79 | D10: 19.99 | E10: 13.69 | F10: 17.99 | G10: 13.89 | H10: 13.49 | I10: 13.49 | J10: 9.99 | K10: 9.99 | L10: 24.99 | M10: 9.49 | N10: 18.99
A11: GO | B11: 9.49 | C11: 5.79 | D11: 19.99 | E11: 13.69 | F11: 17.99 | G11: 13.89 | H11: 13.49 | I11: 13.49 | J11: 8.99 | K11: 7.99 | L11: 19.99 | M11: 9.49 | N11: 18.99
A12: MA | B12: 9.49 | C12: 5.79 | D12: 19.99 | E12: 13.69 | F12: 17.99 | G12: 13.89 | H12: 13.49 | I12: 13.49 | J12: 8.99 | K12: 7.99 | L12: 19.99 | M12: 9.49 | N12: 18.99
A13: MG | B13: 9.49 | C13: 5.79 | D13: 19.99 | E13: 13.69 | F13: 17.99 | G13: 13.89 | H13: 13.49 | I13: 13.49 | J13: 9.99 | K13: 9.99 | L13: 24.99 | M13: 9.49 | N13: 18.99
A14: MS | B14: 9.49 | C14: 5.79 | D14: 19.99 | E14: 13.69 | F14: 17.99 | G14: 13.89 | H14: 13.49 | I14: 13.49 | J14: 8.99 | K14: 7.99 | L14: 19.99 | M14: 9.49 | N14: 18.99
... A30: TO | B30: 9.49 | C30: 5.79 | D30: 19.99 | E30: 13.69 | F30: 17.99 | G30: 13.89 | H30: 13.49 | I30: 13.49 | J30: 8.99 | K30: 7.99 | L30: 19.99 | M30: 9.49 | N30: 18.99
A31: EX
A33: PSC | B33: 9.49 | C33: 5.79 | D33: 19.99 | E33: 13.69 | F33: 17.99 | G33: 13.89 | H33: 13.49 | I33: 12.49 | J33: 9.99 | K33: 9.99 | L33: 24.99 | M33: 9.49 | N33: 18.99 | O33: 0
I34: icms 7% | J34: 8.99 | K34: 7.99 | L34: 19.99

Sheet PSC
A1: CONSUMIDOR | B1: CONSUMIDOR | C1: CONSUMIDOR | D1: CONSUMIDOR | E1: CONSUMIDOR | F1: CONSUMIDOR | G1: CONSUMIDOR | H1: CONSUMIDOR | I1: CONSUMIDOR | J1: CONSUMIDOR | K1: CONSUMIDOR | L1: CONSUMIDOR | M1: CONSUMIDOR | N1: CONSUMIDOR | O1: CONSUMIDOR
A2: Estado | B2: Papinhas | C2: Palitinhos | D2: Biscoitinhos | E2: Papapasta | F2: La Chef | G2: Linha Cerais | H2: Biscotti | I2: Pouch Carne | J2: P. Cereal 170g Sache sabores | K2: P. Cereal 170g Sache MULTI | L2: MULTI sache 500 g | M2: Yoguzinho | N2: Bowl | O2: Salgadinhos | P2: Bisc. Recheados | Q2: Sucos | R2: Achocolatado | S2: Puer. Talheres | T2: Puer. Bolw | U2: Puer. Babador | V2: Puer. Pratinho
A3: AC | B3: 9.49 | C3: 5.79 | D3: 19.99 | E3: 13.69 | F3: 18.99 | G3: 13.89 | H3: 13.49 | I3: 13.49 | J3: 8.99 | K3: 7.99 | L3: 19.99 | M3: 9.49 | N3: 18.99 | O3: 7.99 | P3: 8.6 | Q3: 4.99 | R3: 5.99 | S3: 36 | T3: 36 | U3: 27 | V3: 48
A4: AL | B4: 9.49 | C4: 5.79 | D4: 19.99 | E4: 13.69 | F4: 18.99 | G4: 13.89 | H4: 13.49 | I4: 13.49 | J4: 8.99 | K4: 7.99 | L4: 19.99 | M4: 9.49 | N4: 18.99 | O4: 7.99 | P4: 8.6 | Q4: 4.99 | R4: 5.99 | S4: 36 | T4: 36 | U4: 27 | V4: 48
A5: AM | B5: 9.49 | C5: 5.79 | D5: 19.99 | E5: 13.69 | F5: 18.99 | G5: 13.89 | H5: 13.49 | I5: 13.49 | J5: 8.99 | K5: 7.99 | L5: 19.99 | M5: 9.49 | N5: 18.99 | O5: 7.99 | P5: 8.6 | Q5: 4.99 | R5: 5.99 | S5: 36 | T5: 36 | U5: 27 | V5: 48
A6: AP | B6: 9.49 | C6: 5.79 | D6: 19.99 | E6: 13.69 | F6: 18.99 | G6: 13.89 | H6: 13.49 | I6: 13.49 | J6: 8.99 | K6: 7.99 | L6: 19.99 | M6: 9.49 | N6: 18.99 | O6: 7.99 | P6: 8.6 | Q6: 4.99 | R6: 5.99 | S6: 36 | T6: 36 | U6: 27 | V6: 48
A7: BA | B7: 9.49 | C7: 5.79 | D7: 19.99 | E7: 13.69 | F7: 18.99 | G7: 13.89 | H7: 13.49 | I7: 13.49 | J7: 8.99 | K7: 7.99 | L7: 19.99 | M7: 9.49 | N7: 18.99 | O7: 7.99 | P7: 8.6 | Q7: 4.99 | R7: 5.99 | S7: 36 | T7: 36 | U7: 27 | V7: 48
A8: CE | B8: 9.49 | C8: 5.79 | D8: 19.99 | E8: 13.69 | F8: 18.99 | G8: 13.89 | H8: 13.49 | I8: 13.49 | J8: 8.99 | K8: 7.99 | L8: 19.99 | M8: 9.49 | N8: 18.99 | O8: 7.99 | P8: 8.6 | Q8: 4.99 | R8: 5.99 | S8: 36 | T8: 36 | U8: 27 | V8: 48
A9: DF | B9: 9.49 | C9: 5.79 | D9: 19.99 | E9: 13.69 | F9: 18.99 | G9: 13.89 | H9: 13.49 | I9: 13.49 | J9: 8.99 | K9: 7.99 | L9: 19.99 | M9: 9.49 | N9: 18.99 | O9: 7.99 | P9: 8.6 | Q9: 4.99 | R9: 5.99 | S9: 36 | T9: 36 | U9: 27 | V9: 48
A10: ES | B10: 9.49 | C10: 5.79 | D10: 19.99 | E10: 13.69 | F10: 18.99 | G10: 13.89 | H10: 13.49 | I10: 13.49 | J10: 9.99 | K10: 9.99 | L10: 24.99 | M10: 9.49 | N10: 18.99 | O10: 7.99 | P10: 8.6 | Q10: 4.99 | R10: 5.99 | S10: 36 | T10: 36 | U10: 27 | V10: 48
A11: GO | B11: 9.49 | C11: 5.79 | D11: 19.99 | E11: 13.69 | F11: 18.99 | G11: 13.89 | H11: 13.49 | I11: 13.49 | J11: 8.99 | K11: 7.99 | L11: 19.99 | M11: 9.49 | N11: 18.99 | O11: 7.99 | P11: 8.6 | Q11: 4.99 | R11: 5.99 | S11: 36 | T11: 36 | U11: 27 | V11: 48
A12: MA | B12: 9.49 | C12: 5.79 | D12: 19.99 | E12: 13.69 | F12: 18.99 | G12: 13.89 | H12: 13.49 | I12: 13.49 | J12: 8.99 | K12: 7.99 | L12: 19.99 | M12: 9.49 | N12: 18.99 | O12: 7.99 | P12: 8.6 | Q12: 4.99 | R12: 5.99 | S12: 36 | T12: 36 | U12: 27 | V12: 48
A13: MG | B13: 9.49 | C13: 5.79 | D13: 19.99 | E13: 13.69 | F13: 18.99 | G13: 13.89 | H13: 13.49 | I13: 13.49 | J13: 9.99 | K13: 9.99 | L13: 24.99 | M13: 9.49 | N13: 18.99 | O13: 7.99 | P13: 8.6 | Q13: 4.99 | R13: 5.99 | S13: 36 | T13: 36 | U13: 27 | V13: 48
A14: MS | B14: 9.49 | C14: 5.79 | D14: 19.99 | E14: 13.69 | F14: 18.99 | G14: 13.89 | H14: 13.49 | I14: 13.49 | J14: 8.99 | K14: 7.99 | L14: 19.99 | M14: 9.49 | N14: 18.99 | O14: 7.99 | P14: 8.6 | Q14: 4.99 | R14: 5.99 | S14: 36 | T14: 36 | U14: 27 | V14: 48
... A30: TO | B30: 9.49 | C30: 5.79 | D30: 19.99 | E30: 13.69 | F30: 18.99 | G30: 13.89 | H30: 13.49 | I30: 13.49 | J30: 8.99 | K30: 7.99 | L30: 19.99 | M30: 9.49 | N30: 18.99 | O30: 7.99 | P30: 8.6 | Q30: 4.99 | R30: 5.99 | S30: 36 | T30: 36 | U30: 27 | V30: 48
A31: EX
A33: PSC | B33: 9.49 | C33: 5.79 | D33: 19.99 | E33: 13.69 | F33: 17.99 | G33: 13.89 | H33: 13.49 | I33: 12.49 | J33: 9.99 | K33: 9.99 | L33: 24.99 | M33: 9.49 | N33: 18.99 | O33: 0
I34: icms 7% | J34: 8.99 | K34: 7.99 | L34: 19.99
