Workbook

Sheet Tabelas
C1: BABY ROO COMERCIO DE ALIMENTOS EIRELI
C2: CNPJ: 34.282.307.0001-44
C3: INSC. ESTADUAL: 90821939-25
C4: ENDEREÇO: Rua Grã Nicco, 113 - sala 501, bloco 2 - Mossunguê, Curitiba - PR, 81200-200
B6: Nome / Razão Social: | J6: Nr. pedido | L6: E-mail XML:
B7: Endereço: | L7: Municipio: | P7: UF: | Q7: SP
B8: CNPJ: | G8: Inscrição Estadual: | J8: Regime SIMPLES? | K8: NÃO | L8: Fone contato com (DDD) | P8: CEP:
B9: 0325C
B10: Descrição | D10: Código | E10: Embalagem | F10: Validade | G10: PSC | H10: NCM | I10: Ean 13 | J10: Dun 14 | K10: Crédito ICMS (%) | L10: Valor Unit. | M10: Valor Caixa | N10: SUBSTITUIÇÃO TRIBUTÁRIA UN | O10: Valor Caixa + ST | P10: TOTAL Caixas | Q10: Valor TOTAL | R10: Valor TOTAL + ST (*)
B11: Papinha Papapa Carne Arroz Legumes 120g | D11: 5313 | E11: 12 x 120g | F11: 12 meses | G11: =VLOOKUP($Q$7,PSC!$A$2:$L$31,9,FALSE) -> 13.49 | H11: 2104.20.00 | I11: 7898969895316 | J11: 17898969895313 | K11: =VLOOKUP($Q$7,'ST BISCOITINHOS'!A:B,2,FALSE) -> 0.04 | L11: =VLOOKUP($Q$7,PREÇOS!$A$2:$L$31,9,FALSE) -> 7.722 | M11: =L11*12 -> 92.664 | N11: 0 | O11: =(L11+N11)*12 -> 92.664 | Q11: =P11*M11 -> 0 | R11: =P11*O11 -> 0
B12: Papinha Papapa Frango Grão Vegetais 120g | D12: 5320 | E12: 12 x 120g | F12: 12 meses | G12: =VLOOKUP($Q$7,PSC!$A$2:$L$31,9,FALSE) -> 13.49 | H12: 2104.20.00 | I12: 7898969895323 | J12: 17898969895320 | K12: =VLOOKUP($Q$7,'ST BISCOITINHOS'!A:B,2,FALSE) -> 0.04 | L12: =VLOOKUP($Q$7,PREÇOS!$A$2:$L$31,9,FALSE) -> 7.722 | M12: =L12*12 -> 92.664 | N12: 0 | O12: =(L12+N12)*12 -> 92.664 | Q12: =P12*M12 -> 0 | R12: =P12*O12 -> 0
B14: Papinha Papapa Iogurte Frutas Amarelas e Banana 100g | D14: 5566 | E14: 16 x 100g | F14: 15 meses | G14: =VLOOKUP($Q$7,PSC!$A$2:$M$31,13,FALSE) -> 9.49 | H14: 2104.20.00 | I14: 7898969895569 | J14: 27898969895563 | K14: =VLOOKUP($Q$7,'ST BISCOITINHOS'!A:B,2,FALSE) -> 0.04 | L14: =VLOOKUP($Q$7,PREÇOS!$A$2:$M$31,13,FALSE) -> 5.44 | M14: =L14*16 -> 87.04 | N14: 0 | O14: =M14 -> 87.04 | Q14: =P14*M14 -> 0 | R14: =P14*O14 -> 0
B15: Papinha Papapa Iogurte Frutas Vermelhas e Banana 100g | D15: 5573 | E15: 16 x 100g | F15: 15 meses | G15: =VLOOKUP($Q$7,PSC!$A$2:$M$31,13,FALSE) -> 9.49 | H15: 2104.20.00 | I15: 7898969895576 | J15: 27898969895570 | K15: =VLOOKUP($Q$7,'ST BISCOITINHOS'!A:B,2,FALSE) -> 0.04 | L15: =VLOOKUP($Q$7,PREÇOS!$A$2:$M$31,13,FALSE) -> 5.44 | M15: =L15*16 -> 87.04 | N15: 0 | O15: =M15 -> 87.04 | Q15: =P15*M15 -> 0 | R15: =P15*O15 -> 0
B17: Papinha Papapá Org Maçã Ameixa 100g | D17: 17898994908729 | E17: 12 x 100g | F17: 16 meses | G17: =VLOOKUP($Q$7,PSC!$A$2:$L$31,2,FALSE) -> 9.49 | H17: 2104.20.00 | I17: 7898994908722 | J17: 17898994908729 | K17: =VLOOKUP($Q$7,'ST BISCOITINHOS'!A:B,2,FALSE) -> 0.04 | L17: =VLOOKUP($Q$7,PREÇOS!$A$2:$L$31,2,FALSE) -> 5.44 | M17: =L17*12 -> 65.28 | N17: 0 | O17: =M17 -> 65.28 | Q17: =P17*M17 -> 0 | R17: =P17*O17 -> 0
B18: Papinha Papapá Org Banana Mirtilo Quinoa 100g | D18: 17898994908736 | E18: 12 x 100g | F18: 16 meses | G18: =VLOOKUP($Q$7,PSC!$A$2:$L$31,2,FALSE) -> 9.49 | H18: 2104.20.00 | I18: 7898994908739 | J18: 17898994908736 | K18: =VLOOKUP($Q$7,'ST BISCOITINHOS'!A:B,2,FALSE) -> 0.04 | L18: =VLOOKUP($Q$7,PREÇOS!$A$2:$L$31,2,FALSE) -> 5.44 | M18: =L18*12 -> 65.28 | N18: 0 | O18: =M18 -> 65.28 | Q18: =P18*M18 -> 0 | R18: =P18*O18 -> 0
B19: Papinha Papapá Org Manga 100g | D19: 17898994908712 | E19: 12 x 100g | F19: 16 meses | G19: =VLOOKUP($Q$7,PSC!$A$2:$L$31,2,FALSE) -> 9.49 | H19: 2104.20.00 | I19: 7898994908715 | J19: 17898994908712 | K19: =VLOOKUP($Q$7,'ST BISCOITINHOS'!A:B,2,FALSE) -> 0.04 | L19: =VLOOKUP($Q$7,PREÇOS!$A$2:$L$31,2,FALSE) -> 5.44 | M19: =L19*12 -> 65.28 | N19: 0 | O19: =M19 -> 65.28 | Q19: =P19*M19 -> 0 | R19: =P19*O19 -> 0
B20: Papinha Papapá Org Pera Espinafre Abobrinha 100g | D20: 17898994908750 | E20: 12 x 100g | F20: 16 meses | G20: =VLOOKUP($Q$7,PSC!$A$2:$L$31,2,FALSE) -> 9.49 | H20: 2104.20.00 | I20: 7898994908753 | J20: 17898994908750 | K20: =VLOOKUP($Q$7,'ST BISCOITINHOS'!A:B,2,FALSE) -> 0.04 | L20: =VLOOKUP($Q$7,PREÇOS!$A$2:$L$31,2,FALSE) -> 5.44 | M20: =L20*12 -> 65.28 | N20: 0 | O20: =M20 -> 65.28 | Q20: =P20*M20 -> 0 | R20: =P20*O20 -> 0
B21: Papinha Papapá Org Maçã B. Doce Cenoura 100g | D21: 27898994908757 | E21: 12 x 100g | F21: 16 meses | G21: =VLOOKUP($Q$7,PSC!$A$2:$L$31,2,FALSE) -> 9.49 | H21: 2104.20.00 | I21: 7898994908746 | J21: 27898994908757 | K21: =VLOOKUP($Q$7,'ST BISCOITINHOS'!A:B,2,FALSE) -> 0.04 | L21: =VLOOKUP($Q$7,PREÇOS!$A$2:$L$31,2,FALSE) -> 5.44 | M21: =L21*12 -> 65.28 | N21: 0 | O21: =M21 -> 65.28 | Q21: =P21*M21 -> 0 | R21: =P21*O21 -> 0
B22: Papinha Papapá Org Morango Maçã 100g | D22: 5306 | E22: 12 x 100g | F22: 16 meses | G22: =VLOOKUP($Q$7,PSC!$A$2:$L$31,2,FALSE) -> 9.49 | H22: 2104.20.00 | I22: 7898969895309 | J22: 17898969895306 | K22: =VLOOKUP($Q$7,'ST BISCOITINHOS'!A:B,2,FALSE) -> 0.04 | L22: =VLOOKUP($Q$7,PREÇOS!$A$2:$L$31,2,FALSE) -> 5.44 | M22: =L22*12 -> 65.28 | N22: 0 | O22: =M22 -> 65.28 | Q22: =P22*M22 -> 0 | R22: =P22*O22 -> 0
B24: Biscoito inf Papapá org. Beterraba 20g | D24: 5085 | E24: 16 x 20g | F24: 9 meses | G24: =VLOOKUP($Q$7,PSC!$A$2:$L$31,3,FALSE) -> 5.79 | H24: 1904.10.00 | I24: 7898969895088 | J24: 17898969895085 | K24: =VLOOKUP($Q$7,'ST PALITINHOS'!A:B,2,FALSE) -> 0.12 | L24: =VLOOKUP($Q$7,PREÇOS!$A$2:$L$31,3,FALSE) -> 3.58 | M24: =L24*16 -> 57.28 | N24: =IF($K$8="SIM",VLOOKUP($Q$7,'ST PALITINHOS'!$A$1:$J$31,10,FALSE),VLOOKUP($Q$7,'ST PALITINHOS'!$A$1:$J$31,9,FALSE)) -> 0 | O24: =(L24+N24)*16 -> 57.28 | Q24: =P24*M24 -> 0 | R24: =P24*O24 -> 0
B25: Biscoito inf Papapá org. Cenoura 20g | D25: 5078 | E25: 16 x 20g | F25: 9 meses | G25: =VLOOKUP($Q$7,PSC!$A$2:$L$31,3,FALSE) -> 5.79 | H25: 1904.10.00 | I25: 7898969895071 | J25: 17898969895078 | K25: =VLOOKUP($Q$7,'ST PALITINHOS'!A:B,2,FALSE) -> 0.12 | L25: =VLOOKUP($Q$7,PREÇOS!$A$2:$L$31,3,FALSE) -> 3.58 | M25: =L25*16 -> 57.28 | N25: =IF($K$8="SIM",VLOOKUP($Q$7,'ST PALITINHOS'!$A$1:$J$31,10,FALSE),VLOOKUP($Q$7,'ST PALITINHOS'!$A$1:$J$31,9,FALSE)) -> 0 | O25: =(L25+N25)*16 -> 57.28 | Q25: =P25*M25 -> 0 | R25: =P25*O25 -> 0
B26: Biscoito inf Papapá org. Tomate/Manjericão 20g | D26: 5061 | E26: 16 x 20g | F26: 9 meses | G26: =VLOOKUP($Q$7,PSC!$A$2:$L$31,3,FALSE) -> 5.79 | H26: 1904.10.00 | I26: 7898969895064 | J26: 17898969895061 | K26: =VLOOKUP($Q$7,'ST PALITINHOS'!A:B,2,FALSE) -> 0.12 | L26: =VLOOKUP($Q$7,PREÇOS!$A$2:$L$31,3,FALSE) -> 3.58 | M26: =L26*16 -> 57.28 | N26: =IF($K$8="SIM",VLOOKUP($Q$7,'ST PALITINHOS'!$A$1:$J$31,10,FALSE),VLOOKUP($Q$7,'ST PALITINHOS'!$A$1:$J$31,9,FALSE)) -> 0 | O26: =(L26+N26)*16 -> 57.28 | Q26: =P26*M26 -> 0 | R26: =P26*O26 -> 0
B28: Biscoito Inf Papapá dent. Maçã e Abóbora 36g | D28: 8774 | E28: 12 x 36g | F28: 15 meses | G28: =VLOOKUP($Q$7,PSC!$A$2:$L$31,4,FALSE) -> 19.99 | H28: 1905.90.20 | I28: 7898994908777 | J28: 17898994908774 | K28: =VLOOKUP($Q$7,'ST BISCOITINHOS'!A:B,2,FALSE) -> 0.04 | L28: =VLOOKUP($Q$7,PREÇOS!$A$2:$L$31,4,FALSE) -> 11.4433 | M28: =L28*12 -> 137.3196 | N28: =IF($K$8="SIM",VLOOKUP($Q$7,'ST BISCOITINHOS'!$A$1:$J$31,10,FALSE),VLOOKUP($Q$7,'ST BISCOITINHOS'!$A$1:$J$31,9,FALSE)) -> 2.8750147 | O28: =(L28+N28)*12 -> 171.81978 | Q28: =P28*M28 -> 0 | R28: =P28*O28 -> 0
B29: Biscoito Inf Papapá dent Vegetais 36g | D29: 8767 | E29: 12 x 36g | F29: 15 meses | G29: =VLOOKUP($Q$7,PSC!$A$2:$L$31,4,FALSE) -> 19.99 | H29: 1905.90.20 | I29: 7898994908760 | J29: 17898994908767 | K29: =VLOOKUP($Q$7,'ST BISCOITINHOS'!A:B,2,FALSE) -> 0.04 | L29: =VLOOKUP($Q$7,PREÇOS!$A$2:$L$31,4,FALSE) -> 11.4433 | M29: =L29*12 -> 137.3196 | N29: =IF($K$8="SIM",VLOOKUP($Q$7,'ST BISCOITINHOS'!$A$1:$J$31,10,FALSE),VLOOKUP($Q$7,'ST BISCOITINHOS'!$A$1:$J$31,9,FALSE)) -> 2.8750147 | O29: =(L29+N29)*12 -> 171.81978 | Q29: =P29*M29 -> 0 | R29: =P29*O29 -> 0
B31: Macarrao Inf Papapá m. Elbow Quinoa 200g | D31: 5290 | E31: 12 x 200g | F31: 14 meses | G31: =VLOOKUP($Q$7,PSC!$A$2:$L$31,5,FALSE) -> 13.69 | H31: 19.02.19.00 | I31: 7898969895293 | J31: 17898969895293 | K31: =VLOOKUP($Q$7,'ST PAPAPASTA'!A:B,2,FALSE) -> 0.12 | L31: =VLOOKUP($Q$7,PREÇOS!$A$2:$L$31,5,FALSE) -> 8.07 | M31: =L31*12 -> 96.84 | N31: =IF($K$8="SIM",VLOOKUP($Q$7,'ST PAPAPASTA'!$A$1:$J$31,10,FALSE),VLOOKUP($Q$7,'ST PAPAPASTA'!$A$1:$J$31,9,FALSE)) -> 0 | O31: =(L31+N31)*12 -> 96.84 | Q31: =P31*M31 -> 0 | R31: =P31*O31 -> 0
B32: Macarrao Inf Papapá m. Fusilli Vegetais 200g | D32: 5283 | E32: 12 x 200g | F32: 14 meses | G32: =VLOOKUP($Q$7,PSC!$A$2:$L$31,5,FALSE) -> 13.69 | H32: 19.02.19.00 | I32: 7898969895286 | J32: 17898969895286 | K32: =VLOOKUP($Q$7,'ST PAPAPASTA'!A:B,2,FALSE) -> 0.12 | L32: =VLOOKUP($Q$7,PREÇOS!$A$2:$L$31,5,FALSE) -> 8.07 | M32: =L32*12 -> 96.84 | N32: =IF($K$8="SIM",VLOOKUP($Q$7,'ST PAPAPASTA'!$A$1:$J$31,10,FALSE),VLOOKUP($Q$7,'ST PAPAPASTA'!$A$1:$J$31,9,FALSE)) -> 0 | O32: =(L32+N32)*12 -> 96.84 | Q32: =P32*M32 -> 0 | R32: =P32*O32 -> 0
B34: Sopinha Papapá org Lentinha Carne Legumes 180g | D34: 5276 | E34: 6 x 180g | F34: 16 meses | G34: =VLOOKUP($Q$7,PSC!$A$2:$L$31,6,FALSE) -> 17.99 | H34: 2104.20.00 | I34: 7898969895279 | J34: 17898969895276 | K34: =VLOOKUP($Q$7,'ST PAPAPASTA'!A:B,2,FALSE) -> 0.12 | L34: =VLOOKUP($Q$7,PREÇOS!$A$2:$L$31,6,FALSE) -> 11.15 | M34: =L34*6 -> 66.9 | N34: 0 | O34: =(L34+N34)*6 -> 66.9 | Q34: =P34*M34 -> 0 | R34: =P34*O34 -> 0
B35: Risotinho Papapá org Arroz quinoa frango 180g | D35: 5269 | E35: 6 x 180g | F35: 16 meses | G35: =VLOOKUP($Q$7,PSC!$A$2:$L$31,6,FALSE) -> 17.99 | H35: 2104.20.00 | I35: 7898969895262 | J35: 17898969895269 | K35: =VLOOKUP($Q$7,'ST PAPAPASTA'!A:B,2,FALSE) -> 0.12 | L35: =VLOOKUP($Q$7,PREÇOS!$A$2:$L$31,6,FALSE) -> 11.15 | M35: =L35*6 -> 66.9 | N35: 0 | O35: =(L35+N35)*6 -> 66.9 | Q35: =P35*M35 -> 0 | R35: =P35*O35 -> 0
B36: Caseirinho Papapá org Arroz feijão carne leg. 180g | D36: 5252 | E36: 6 x 180g | F36: 16 meses | G36: =VLOOKUP($Q$7,PSC!$A$2:$L$31,6,FALSE) -> 17.99 | H36: 2104.20.00 | I36: 7898969895255 | J36: 17898969895252 | K36: =VLOOKUP($Q$7,'ST PAPAPASTA'!A:B,2,FALSE) -> 0.12 | L36: =VLOOKUP($Q$7,PREÇOS!$A$2:$L$31,6,FALSE) -> 11.15 | M36: =L36*6 -> 66.9 | N36: 0 | O36: =(L36+N36)*6 -> 66.9 | Q36: =P36*M36 -> 0 | R36: =P36*O36 -> 0
B38: Cereal Infantil Papapá Aveia - Morango e Beterraba sache 170g | D38: 5402 | E38: 12 x 170g | F38: 12 meses | G38: =VLOOKUP($Q$7,PSC!$A$2:$L$31,10,FALSE) -> 9.99 | H38: 19.01.10.30 | I38: 7898969895408 | J38: 27898969895402 | K38: =VLOOKUP($Q$7,'ST CEREAL SABOR POUCH 170'!A:B,2,FALSE) -> 0.12 | L38: =VLOOKUP($Q$7,PREÇOS!$A$2:$L$31,10,FALSE) -> 5.78 | M38: =L38*12 -> 69.36 | N38: =IF($K$8="SIM",VLOOKUP($Q$7,'ST CEREAL SABOR POUCH 170'!$A$1:$J$31,10,FALSE),VLOOKUP($Q$7,'ST CEREAL SABOR POUCH 170'!$A$1:$J$31,9,FALSE)) -> 0.8285052 | O38: =(L38+N38)*12 -> 79.302062 | Q38: =P38*M38 -> 0 | R38: =P38*O38 -> 0
B39: Cereal Infantil Papapá Aveia - Banana e Ameixa sache 170g | D39: 5419 | E39: 12 x 170g | F39: 12 meses | G39: =VLOOKUP($Q$7,PSC!$A$2:$L$31,10,FALSE) -> 9.99 | H39: 19.01.10.30 | I39: 7898969895415 | J39: 27898969895419 | K39: =VLOOKUP($Q$7,'ST CEREAL SABOR POUCH 170'!A:B,2,FALSE) -> 0.12 | L39: =VLOOKUP($Q$7,PREÇOS!$A$2:$L$31,10,FALSE) -> 5.78 | M39: =L39*12 -> 69.36 | N39: =IF($K$8="SIM",VLOOKUP($Q$7,'ST CEREAL SABOR POUCH 170'!$A$1:$J$31,10,FALSE),VLOOKUP($Q$7,'ST CEREAL SABOR POUCH 170'!$A$1:$J$31,9,FALSE)) -> 0.8285052 | O39: =(L39+N39)*12 -> 79.302062 | Q39: =P39*M39 -> 0 | R39: =P39*O39 -> 0
B40: Cereal Infantil Papapá Aveia - Multicereais sache 170g | D40: 5429 | E40: 12 x 170g | F40: 12 meses | G40: =VLOOKUP($Q$7,PSC!$A$2:$L$31,11,FALSE) -> 9.99 | H40: 19.01.10.30 | I40: 7898969895422 | J40: 17898969895429 | K40: =VLOOKUP($Q$7,'ST MULTI 170 POUCH'!A:B,2,FALSE) -> 0.12 | L40: =VLOOKUP($Q$7,PREÇOS!$A$2:$L$31,11,FALSE) -> 5.78 | M40: =L40*12 -> 69.36 | N40: =IF($K$8="SIM",VLOOKUP($Q$7,'ST MULTI 170 POUCH'!$A$1:$J$31,10,FALSE),VLOOKUP($Q$7,'ST MULTI 170 POUCH'!$A$1:$J$31,9,FALSE)) -> 0.8285052 | O40: =(L40+N40)*12 -> 79.302062 | Q40: =P40*M40 -> 0 | R40: =P40*O40 -> 0
B41: Cereal Infantil Papapá Aveia - Multicereais sache 500g | D41: 5399 | E41: 12 x 500g | F41: 12 meses | G41: =VLOOKUP($Q$7,PSC!$A$2:$L$31,12,FALSE) -> 24.99 | H41: 19.01.10.30 | I41: 7898969895392 | J41: 17898969895399 | K41: =VLOOKUP($Q$7,'ST MULTI 500 POUCH'!A:B,2,FALSE) -> 0.12 | L41: =VLOOKUP($Q$7,PREÇOS!$A$2:$L$31,12,FALSE) -> 14.21 | M41: =L41*12 -> 170.52 | N41: =IF($K$8="SIM",VLOOKUP($Q$7,'ST MULTI 500 POUCH'!$A$1:$J$31,10,FALSE),VLOOKUP($Q$7,'ST MULTI 500 POUCH'!$A$1:$J$31,9,FALSE)) -> 2.0368614 | O41: =(L41+N41)*12 -> 194.96234 | Q41: =P41*M41 -> 0 | R41: =P41*O41 -> 0
B43: Biscoito Infantil Papapá Biscotti com Laranja e Cenoura 60g | D43: 5375 | E43: 12 x 60g | F43: 10 meses | G43: =VLOOKUP($Q$7,PSC!$A$2:$L$31,8,FALSE) -> 13.49 | H43: 1905.90.20 | I43: 7898969895378 | J43: 17898969895375 | K43: =VLOOKUP($Q$7,'ST BISCOTTI'!A:B,2,FALSE) -> 0.12 | L43: =VLOOKUP($Q$7,PREÇOS!$A$2:$L$31,8,FALSE) -> 7.73 | M43: =L43*12 -> 92.76 | N43: =IF($K$8="SIM",VLOOKUP($Q$7,'ST BISCOTTI'!$A$1:$J$31,10,FALSE),VLOOKUP($Q$7,'ST BISCOTTI'!$A$1:$J$31,9,FALSE)) -> 1.2870914 | O43: =(L43+N43)*12 -> 108.2051 | Q43: =P43*M43 -> 0 | R43: =P43*O43 -> 0
B44: Biscoito Infantil Papapá Biscotti com Maçã e Canela 60g | D44: 5351 | E44: 12 x 60g | F44: 10 meses | G44: =VLOOKUP($Q$7,PSC!$A$2:$L$31,8,FALSE) -> 13.49 | H44: 1905.90.20 | I44: 7898969895354 | J44: 17898969895351 | K44: =VLOOKUP($Q$7,'ST BISCOTTI'!A:B,2,FALSE) -> 0.12 | L44: =VLOOKUP($Q$7,PREÇOS!$A$2:$L$31,8,FALSE) -> 7.73 | M44: =L44*12 -> 92.76 | N44: =IF($K$8="SIM",VLOOKUP($Q$7,'ST BISCOTTI'!$A$1:$J$31,10,FALSE),VLOOKUP($Q$7,'ST BISCOTTI'!$A$1:$J$31,9,FALSE)) -> 1.2870914 | O44: =(L44+N44)*12 -> 108.2051 | Q44: =P44*M44 -> 0 | R44: =P44*O44 -> 0
B45: Biscoito Infantil Papapá Biscotti com Banana e Cacau 60g | D45: 5368 | E45: 12 x 60g | F45: 10 meses | G45: =VLOOKUP($Q$7,PSC!$A$2:$L$31,8,FALSE) -> 13.49 | H45: 1905.90.20 | I45: 7898969895361 | J45: 17898969895368 | K45: =VLOOKUP($Q$7,'ST BISCOTTI'!A:B,2,FALSE) -> 0.12 | L45: =VLOOKUP($Q$7,PREÇOS!$A$2:$L$31,8,FALSE) -> 7.73 | M45: =L45*12 -> 92.76 | N45: =IF($K$8="SIM",VLOOKUP($Q$7,'ST BISCOTTI'!$A$1:$J$31,10,FALSE),VLOOKUP($Q$7,'ST BISCOTTI'!$A$1:$J$31,9,FALSE)) -> 1.2870914 | O45: =(L45+N45)*12 -> 108.2051 | Q45: =P45*M45 -> 0 | R45: =P45*O45 -> 0
B46: Biscoito Infantil Papapá Biscotti Goiaba 60g | D46: 5597 | E46: 12 x 60g | F46: 10 meses | G46: =VLOOKUP($Q$7,PSC!$A$2:$L$31,8,FALSE) -> 13.49 | H46: 1905.90.20 | I46: 7898969895590 | J46: 17898969895597 | K46: =VLOOKUP($Q$7,'ST BISCOTTI'!A:B,2,FALSE) -> 0.12 | L46: =VLOOKUP($Q$7,PREÇOS!$A$2:$L$31,8,FALSE) -> 7.73 | M46: =L46*12 -> 92.76 | N46: =IF($K$8="SIM",VLOOKUP($Q$7,'ST BISCOTTI'!$A$1:$J$31,10,FALSE),VLOOKUP($Q$7,'ST BISCOTTI'!$A$1:$J$31,9,FALSE)) -> 1.2870914 | O46: =(L46+N46)*12 -> 108.2051 | Q46: =P46*M46 -> 0 | R46: =P46*O46 -> 0
B47: Biscoito Infantil Papapá Biscotti com Maracujá e Camomila 60g | D47: 5580 | E47: 12 x 60g | F47: 10 meses | G47: =VLOOKUP($Q$7,PSC!$A$2:$L$31,8,FALSE) -> 13.49 | H47: 1905.90.20 | I47: 7898969895583 | J47: 17898969895580 | K47: =VLOOKUP($Q$7,'ST BISCOTTI'!A:B,2,FALSE) -> 0.12 | L47: =VLOOKUP($Q$7,PREÇOS!$A$2:$L$31,8,FALSE) -> 7.73 | M47: =L47*12 -> 92.76 | N47: =IF($K$8="SIM",VLOOKUP($Q$7,'ST BISCOTTI'!$A$1:$J$31,10,FALSE),VLOOKUP($Q$7,'ST BISCOTTI'!$A$1:$J$31,9,FALSE)) -> 1.2870914 | O47: =(L47+N47)*12 -> 108.2051 | Q47: =P47*M47 -> 0 | R47: =P47*O47 -> 0
B49: Sopinha Papapá Frango Arroz Legumes 240g (2x 120g) | D49: 5610 | E49: 6 x 240g | F49: 12 meses | G49: =VLOOKUP($Q$7,PSC!$A$2:$N$31,14,FALSE) -> 18.99 | H49: 2104.20.00 | I49: 7898969895613 | J49: 17898969895610 | K49: =VLOOKUP($Q$7,'ST PAPAPASTA'!A:B,2,FALSE) -> 0.12 | L49: =VLOOKUP($Q$7,PREÇOS!$A$2:$N$31,14,FALSE) -> 12.378947 | M49: =L49*6 -> 74.273684 | N49: 0 | O49: =(L49+N49)*6 -> 74.273684 | Q49: =P49*M49 -> 0 | R49: =P49*O49 -> 0
B50: Sopinha Papapá Carne Macarrao Legumes 240g (2x 120g) | D50: 5634 | E50: 6 x 240g | F50: 12 meses | G50: =VLOOKUP($Q$7,PSC!$A$2:$N$31,14,FALSE) -> 18.99 | H50: 2104.20.00 | I50: 7898969895637 | J50: 17898969895634 | K50: =VLOOKUP($Q$7,'ST PAPAPASTA'!A:B,2,FALSE) -> 0.12 | L50: =VLOOKUP($Q$7,PREÇOS!$A$2:$N$31,14,FALSE) -> 12.378947 | M50: =L50*6 -> 74.273684 | N50: 0 | O50: =(L50+N50)*6 -> 74.273684 | Q50: =P50*M50 -> 0 | R50: =P50*O50 -> 0
B51: Sopinha Papapá Carne Mandioq Leg 240g (2x 120g) | D51: 5627 | E51: 6 x 240g | F51: 12 meses | G51: =VLOOKUP($Q$7,PSC!$A$2:$N$31,14,FALSE) -> 18.99 | H51: 2104.20.00 | I51: 7898969895620 | J51: 17898969895627 | K51: =VLOOKUP($Q$7,'ST PAPAPASTA'!A:B,2,FALSE) -> 0.12 | L51: =VLOOKUP($Q$7,PREÇOS!$A$2:$N$31,14,FALSE) -> 12.378947 | M51: =L51*6 -> 74.273684 | N51: 0 | O51: =(L51+N51)*6 -> 74.273684 | Q51: =P51*M51 -> 0 | R51: =P51*O51 -> 0
B52: Sopinha Papapá Feijão Carne Leg 240g (2x 120g) | D52: 5603 | E52: 6 x 240g | F52: 12 meses | G52: =VLOOKUP($Q$7,PSC!$A$2:$N$31,14,FALSE) -> 18.99 | H52: 2104.20.00 | I52: 7898969895606 | J52: 17898969895603 | K52: =VLOOKUP($Q$7,'ST PAPAPASTA'!A:B,2,FALSE) -> 0.12 | L52: =VLOOKUP($Q$7,PREÇOS!$A$2:$N$31,14,FALSE) -> 12.378947 | M52: =L52*6 -> 74.273684 | N52: 0 | O52: =(L52+N52)*6 -> 74.273684 | Q52: =P52*M52 -> 0 | R52: =P52*O52 -> 0
B54: Salgadinho Integral Orgânico Queijo Papapa Era Uma Vez 40g | D54: 5670 | E54: 18 x 40g | F54: 9 meses | G54: =VLOOKUP($Q$7,PSC!$A$2:$Q$31,15,FALSE) -> 6.99 | H54: 1904.10.00 | I54: 7898969895811 | J54: 17898969895818 | K54: =VLOOKUP($Q$7,'ST EXTRUSADOS'!A:B,2,FALSE) -> 0.12 | L54: =VLOOKUP($Q$7,PREÇOS!$A$2:$Q$31,15,FALSE) -> 4.35 | M54: =L54*18 -> 78.3 | N54: =IF($K$8="SIM",VLOOKUP($Q$7,'ST EXTRUSADOS'!$A$1:$J$31,10,FALSE),VLOOKUP($Q$7,'ST EXTRUSADOS'!$A$1:$J$31,9,FALSE)) -> 0 | O54: =(L54+N54)*18 -> 78.3 | Q54: =P54*M54 -> 0 | R54: =P54*O54 -> 0
B55: Salgadinho Integral Orgânico Cebola & Salsa Papapa Era Uma Vez 40g | D55: 5671 | E55: 18 x 40g | F55: 9 meses | G55: =VLOOKUP($Q$7,PSC!$A$2:$Q$31,15,FALSE) -> 6.99 | H55: 1904.10.00 | I55: 7898969895804 | J55: 17898969895801 | K55: =VLOOKUP($Q$7,'ST EXTRUSADOS'!A:B,2,FALSE) -> 0.12 | L55: =VLOOKUP($Q$7,PREÇOS!$A$2:$Q$31,15,FALSE) -> 4.35 | M55: =L55*18 -> 78.3 | N55: =IF($K$8="SIM",VLOOKUP($Q$7,'ST EXTRUSADOS'!$A$1:$J$31,10,FALSE),VLOOKUP($Q$7,'ST EXTRUSADOS'!$A$1:$J$31,9,FALSE)) -> 0 | O55: =(L55+N55)*18 -> 78.3 | Q55: =P55*M55 -> 0 | R55: =P55*O55 -> 0
B56: Salgadinho Integral Orgânico Churrasco Papapa Era Uma Vez 40g | D56: 5673 | E56: 18 x 40g | F56: 9 meses | G56: =VLOOKUP($Q$7,PSC!$A$2:$Q$31,15,FALSE) -> 6.99 | H56: 1904.10.00 | I56: 7898969895798 | J56: 17898969895795 | K56: =VLOOKUP($Q$7,'ST EXTRUSADOS'!A:B,2,FALSE) -> 0.12 | L56: =VLOOKUP($Q$7,PREÇOS!$A$2:$Q$31,15,FALSE) -> 4.35 | M56: =L56*18 -> 78.3 | N56: =IF($K$8="SIM",VLOOKUP($Q$7,'ST EXTRUSADOS'!$A$1:$J$31,10,FALSE),VLOOKUP($Q$7,'ST EXTRUSADOS'!$A$1:$J$31,9,FALSE)) -> 0 | O56: =(L56+N56)*18 -> 78.3 | Q56: =P56*M56 -> 0 | R56: =P56*O56 -> 0
B58: Biscoito Recheado de Frutas Amarelas Papapa Era Uma Vez 30g | D58: 5677 | E58: 8x30g | F58: 10 meses | G58: =VLOOKUP($Q$7,PSC!$A$2:$Q$31,16,FALSE) -> 7.6 | H58: 1905.90.20 | I58: 7898969895828 | J58: 17898969895917 | K58: =VLOOKUP($Q$7,'ST RECHEADOS'!A:B,2,FALSE) -> 0.12 | L58: =VLOOKUP($Q$7,PREÇOS!$A$2:$Q$31,16,FALSE) -> 5 | M58: =L58*8 -> 40 | N58: =IF($K$8="SIM",VLOOKUP($Q$7,'ST RECHEADOS'!$A$1:$J$31,10,FALSE),VLOOKUP($Q$7,'ST RECHEADOS'!$A$1:$J$31,9,FALSE)) -> 0.83253 | O58: =(L58+N58)*8 -> 46.66024 | Q58: =P58*M58 -> 0 | R58: =P58*O58 -> 0
B59: Biscoito Recheado de Morango Papapa Era Uma Vez 30g | D59: 5678 | E59: 8x30g | F59: 10 meses | G59: =VLOOKUP($Q$7,PSC!$A$2:$Q$31,16,FALSE) -> 7.6 | H59: 1905.90.20 | I59: 7898969895835 | J59: 17898969895900 | K59: =VLOOKUP($Q$7,'ST RECHEADOS'!A:B,2,FALSE) -> 0.12 | L59: =VLOOKUP($Q$7,PREÇOS!$A$2:$Q$31,16,FALSE) -> 5 | M59: =L59*8 -> 40 | N59: =IF($K$8="SIM",VLOOKUP($Q$7,'ST RECHEADOS'!$A$1:$J$31,10,FALSE),VLOOKUP($Q$7,'ST RECHEADOS'!$A$1:$J$31,9,FALSE)) -> 0.83253 | O59: =(L59+N59)*8 -> 46.66024 | Q59: =P59*M59 -> 0 | R59: =P59*O59 -> 0
B61: Bebida de Laranja Papapa Era Uma Vez 200ml | D61: 5680 | E61: 27 x 200 ml | F61: 8 meses | G61: =VLOOKUP($Q$7,PSC!$A$2:$Q$31,17,FALSE) -> 3.99 | H61: 2202.99.00 | I61: 7898969895880 | J61: 17898969895887 | K61: =VLOOKUP($Q$7,'ST PAPAPASTA'!A:B,2,FALSE) -> 0.12 | L61: =VLOOKUP($Q$7,PREÇOS!$A$2:$Q$31,17,FALSE) -> 2.5 | M61: =L61*27 -> 67.5 | N61: 0 | O61: =(L61+N61)*27 -> 67.5 | Q61: =P61*M61 -> 0 | R61: =P61*O61 -> 0
B62: Bebida de Uva Papapa Era Uma Vez 200ml | D62: 5681 | E62: 27 x 200 ml | F62: 8 meses | G62: =VLOOKUP($Q$7,PSC!$A$2:$Q$31,17,FALSE) -> 3.99 | H62: 2202.99.00 | I62: 7898969895859 | J62: 17898969895856 | K62: =VLOOKUP($Q$7,'ST PAPAPASTA'!A:B,2,FALSE) -> 0.12 | L62: =VLOOKUP($Q$7,PREÇOS!$A$2:$Q$31,17,FALSE) -> 2.5 | M62: =L62*27 -> 67.5 | N62: 0 | O62: =(L62+N62)*27 -> 67.5 | Q62: =P62*M62 -> 0 | R62: =P62*O62 -> 0
B63: Bebida de Morango Papapa Era Uma Vez 200ml | D63: 5682 | E63: 27 x 200 ml | F63: 8 meses | G63: =VLOOKUP($Q$7,PSC!$A$2:$Q$31,17,FALSE) -> 3.99 | H63: 2202.99.00 | I63: 7898969895866 | J63: 17898969895863 | K63: =VLOOKUP($Q$7,'ST PAPAPASTA'!A:B,2,FALSE) -> 0.12 | L63: =VLOOKUP($Q$7,PREÇOS!$A$2:$Q$31,17,FALSE) -> 2.5 | M63: =L63*27 -> 67.5 | N63: 0 | O63: =(L63+N63)*27 -> 67.5 | Q63: =P63*M63 -> 0 | R63: =P63*O63 -> 0
B64: Bebida de Maçã Papapa Era Uma Vez 200ml | D64: 5683 | E64: 27 x 200 ml | F64: 8 meses | G64: =VLOOKUP($Q$7,PSC!$A$2:$Q$31,17,FALSE) -> 3.99 | H64: 2202.99.00 | I64: 7898969895873 | J64: 17898969895870 | K64: =VLOOKUP($Q$7,'ST PAPAPASTA'!A:B,2,FALSE) -> 0.12 | L64: =VLOOKUP($Q$7,PREÇOS!$A$2:$Q$31,17,FALSE) -> 2.5 | M64: =L64*27 -> 67.5 | N64: 0 | O64: =(L64+N64)*27 -> 67.5 | Q64: =P64*M64 -> 0 | R64: =P64*O64 -> 0
B66: Bebida Láctea UHT Chocolate Papapa Era Uma Vez 200ml | D66: 5310 | E66: 27 x 200 ml | F66: 6 meses | G66: =VLOOKUP($Q$7,PSC!$A$2:$T$31,18,FALSE) -> 4.99 | H66: 2202.99.00 | I66: 7898969895897 | J66: 17898969895894 | K66: =VLOOKUP($Q$7,'ST PAPAPASTA'!A:B,2,FALSE) -> 0.12 | L66: =VLOOKUP($Q$7,PREÇOS!$A$2:$T$31,18,FALSE) -> 3.15 | M66: =L66*27 -> 85.05 | N66: 0 | O66: =(L66+N66)*27 -> 85.05 | Q66: =P66*M66 -> 0 | R66: =P66*O66 -> 0
B68: Kit De Talheres Infantil - Azul | D68: 5641 | E68: 1un | F68: Indeterminado | G68: =VLOOKUP($Q$7,PSC!$A$2:$V$31,19,FALSE) -> 35 | H68: 3924.10.00 | I68: 7898969895644 | J68: 17898969895641 | K68: =VLOOKUP($Q$7,'ST BISCOITINHOS'!A:B,2,FALSE) -> 0.04 | L68: =VLOOKUP($Q$7,PREÇOS!$A$2:$V$31,19,FALSE) -> 15 | M68: =L68 -> 15 | N68: 0 | O68: =(L68+N68) -> 15 | Q68: =P68*M68 -> 0 | R68: =P68*O68 -> 0
B69: Kit De Talheres Infantil - Verde | D69: 5658 | E69: 1un | F69: Indeterminado | G69: =VLOOKUP($Q$7,PSC!$A$2:$V$31,19,FALSE) -> 35 | H69: 3924.10.00 | I69: 7898969895651 | J69: 17898969895658 | K69: =VLOOKUP($Q$7,'ST BISCOITINHOS'!A:B,2,FALSE) -> 0.04 | L69: =VLOOKUP($Q$7,PREÇOS!$A$2:$V$31,19,FALSE) -> 15 | M69: =L69 -> 15 | N69: 0 | O69: =(L69+N69) -> 15 | Q69: =P69*M69 -> 0 | R69: =P69*O69 -> 0
B70: Kit De Talheres Infantil - Rosa | D70: 5665 | E70: 1un | F70: Indeterminado | G70: =VLOOKUP($Q$7,PSC!$A$2:$V$31,19,FALSE) -> 35 | H70: 3924.10.00 | I70: 7898969895668 | J70: 17898969895665 | K70: =VLOOKUP($Q$7,'ST BISCOITINHOS'!A:B,2,FALSE) -> 0.04 | L70: =VLOOKUP($Q$7,PREÇOS!$A$2:$V$31,19,FALSE) -> 15 | M70: =L70 -> 15 | N70: 0 | O70: =(L70+N70) -> 15 | Q70: =P70*M70 -> 0 | R70: =P70*O70 -> 0
B71: Babador Infantil Com Bolso - Azul | D71: 5733 | E71: 1un | F71: Indeterminado | G71: =VLOOKUP($Q$7,PSC!$A$2:$V$31,20,FALSE) -> 35 | H71: 3924.10.00 | I71: 7898969895736 | J71: 17898969895733 | K71: =VLOOKUP($Q$7,'ST BISCOITINHOS'!A:B,2,FALSE) -> 0.04 | L71: =VLOOKUP($Q$7,PREÇOS!$A$2:$V$31,20,FALSE) -> 13 | M71: =L71 -> 13 | N71: 0 | O71: =(L71+N71) -> 13 | Q71: =P71*M71 -> 0 | R71: =P71*O71 -> 0
B72: Babador Infantil Com Bolso - Verde | D72: 5740 | E72: 1un | F72: Indeterminado | G72: =VLOOKUP($Q$7,PSC!$A$2:$V$31,20,FALSE) -> 35 | H72: 3924.10.00 | I72: 7898969895743 | J72: 17898969895740 | K72: =VLOOKUP($Q$7,'ST BISCOITINHOS'!A:B,2,FALSE) -> 0.04 | L72: =VLOOKUP($Q$7,PREÇOS!$A$2:$V$31,20,FALSE) -> 13 | M72: =L72 -> 13 | N72: 0 | O72: =(L72+N72) -> 13 | Q72: =P72*M72 -> 0 | R72: =P72*O72 -> 0
B73: Babador Infantil Com Bolso - Rosa | D73: 5757 | E73: 1un | F73: Indeterminado | G73: =VLOOKUP($Q$7,PSC!$A$2:$V$31,20,FALSE) -> 35 | H73: 3924.10.00 | I73: 7898969895750 | J73: 17898969895757 | K73: =VLOOKUP($Q$7,'ST BISCOITINHOS'!A:B,2,FALSE) -> 0.04 | L73: =VLOOKUP($Q$7,PREÇOS!$A$2:$V$31,20,FALSE) -> 13 | M73: =L73 -> 13 | N73: 0 | O73: =(L73+N73) -> 13 | Q73: =P73*M73 -> 0 | R73: =P73*O73 -> 0
B74: Bowl Infantil Com Ventosa - Azul | D74: 5702 | E74: 1un | F74: Indeterminado | G74: =VLOOKUP($Q$7,PSC!$A$2:$V$31,21,FALSE) -> 26 | H74: 3924.10.00 | I74: 7898969895705 | J74: 17898969895702 | K74: =VLOOKUP($Q$7,'ST BISCOITINHOS'!A:B,2,FALSE) -> 0.04 | L74: =VLOOKUP($Q$7,PREÇOS!$A$2:$V$31,21,FALSE) -> 17 | M74: =L74 -> 17 | N74: 0 | O74: =(L74+N74) -> 17 | Q74: =P74*M74 -> 0 | R74: =P74*O74 -> 0
B75: Bowl Infantil Com Ventosa - Verde | D75: 5719 | E75: 1un | F75: Indeterminado | G75: =VLOOKUP($Q$7,PSC!$A$2:$V$31,21,FALSE) -> 26 | H75: 3924.10.00 | I75: 7898969895712 | J75: 17898969895719 | K75: =VLOOKUP($Q$7,'ST BISCOITINHOS'!A:B,2,FALSE) -> 0.04 | L75: =VLOOKUP($Q$7,PREÇOS!$A$2:$V$31,21,FALSE) -> 17 | M75: =L75 -> 17 | N75: 0 | O75: =(L75+N75) -> 17 | Q75: =P75*M75 -> 0 | R75: =P75*O75 -> 0
B76: Bowl Infantil Com Ventosa - Rosa | D76: 5726 | E76: 1un | F76: Indeterminado | G76: =VLOOKUP($Q$7,PSC!$A$2:$V$31,21,FALSE) -> 26 | H76: 3924.10.00 | I76: 7898969895729 | J76: 17898969895726 | K76: =VLOOKUP($Q$7,'ST BISCOITINHOS'!A:B,2,FALSE) -> 0.04 | L76: =VLOOKUP($Q$7,PREÇOS!$A$2:$V$31,21,FALSE) -> 17 | M76: =L76 -> 17 | N76: 0 | O76: =(L76+N76) -> 17 | Q76: =P76*M76 -> 0 | R76: =P76*O76 -> 0
B77: Pratinho Infantil Com Ventosa - Azul | D77: 5675 | E77: 1un | F77: Indeterminado | G77: =VLOOKUP($Q$7,PSC!$A$2:$V$31,22,FALSE) -> 47 | H77: 3924.10.00 | I77: 7898969895675 | J77: 17898969895672 | K77: =VLOOKUP($Q$7,'ST BISCOITINHOS'!A:B,2,FALSE) -> 0.04 | L77: =VLOOKUP($Q$7,PREÇOS!$A$2:$V$31,22,FALSE) -> 26.29 | M77: =L77 -> 26.29 | N77: 0 | O77: =(L77+N77) -> 26.29 | Q77: =P77*M77 -> 0 | R77: =P77*O77 -> 0
B78: Pratinho Infantil Com Ventosa - Verde | D78: 5689 | E78: 1un | F78: Indeterminado | G78: =VLOOKUP($Q$7,PSC!$A$2:$V$31,22,FALSE) -> 47 | H78: 3924.10.00 | I78: 7898969895682 | J78: 17898969895689 | K78: =VLOOKUP($Q$7,'ST BISCOITINHOS'!A:B,2,FALSE) -> 0.04 | L78: =VLOOKUP($Q$7,PREÇOS!$A$2:$V$31,22,FALSE) -> 26.29 | M78: =L78 -> 26.29 | N78: 0 | O78: =(L78+N78) -> 26.29 | Q78: =P78*M78 -> 0 | R78: =P78*O78 -> 0
B79: Pratinho Infantil Com Ventosa - Rosa | D79: 5696 | E79: 1un | F79: Indeterminado | G79: =VLOOKUP($Q$7,PSC!$A$2:$V$31,22,FALSE) -> 47 | H79: 3924.10.00 | I79: 7898969895699 | J79: 17898969895696 | K79: =VLOOKUP($Q$7,'ST BISCOITINHOS'!A:B,2,FALSE) -> 0.04 | L79: =VLOOKUP($Q$7,PREÇOS!$A$2:$V$31,22,FALSE) -> 26.29 | M79: =L79 -> 26.29 | N79: 0 | O79: =(L79+N79) -> 26.29 | Q79: =P79*M79 -> 0 | R79: =P79*O79 -> 0
O82: VALOR TOTAL PRODUTOS (R$): | R82: =SUM(Q17:Q22,Q14:Q15,Q11:Q12,Q24:Q26,Q28:Q29,Q31:Q32,Q34:Q36,Q38:Q41,Q43:Q47,Q49:Q52,Q54:Q56,Q58:Q59,Q61:Q64,Q66,Q68:Q79) -> 0
O84: VALOR ST (R$): | R84: =R86-R82 -> 0
O86: VALOR TOTAL PEDIDO (R$): | R86: =SUM(R17:R22,R14:R15,R11:R12,R24:R26,R28:R29,R31:R32,R34:R36,R38:R41,R43:R47,R49:R52,R54:R56,R58:R59,R61:R64,R66,R68:R79) -> 0

Sheet Planilha1
C2: SIM
C3: NÃO

Sheet ST BISCOITINHOS
A1: Estado | B1: Aliquota interestadual | C1: Aliquota interna | D1: MVA (normal) | E1: MVA (simples) | F1: Ajustada (normal) | G1: Ajustada (simples) | H1: Preço | I1: ST Normal | J1: ST Simples
A2: AC | B2: 0.04 | C2: 0.04 | H2: =PREÇOS!D3 -> 11.4433 | I2: =IF(F2=0,,H2*(1+F2)*C2-(H2*B2)) -> 0 | J2: =IF(G2=0,IF(F2=0,,H2*(1+F2)*C2-(H2*B2)),H2*(1+G2)*C2-(H2*B2)) -> 0
A3: AL | B3: 0.04 | C3: 0.2 | D3: 0.3 | F3: 0.56 | H3: =PREÇOS!D4 -> 11.4433 | I3: =IF(F3=0,,H3*(1+F3)*C3-(H3*B3)) -> 3.1125776 | J3: =IF(G3=0,IF(F3=0,,H3*(1+F3)*C3-(H3*B3)),H3*(1+G3)*C3-(H3*B3)) -> 3.1125776
A4: AM | B4: 0.04 | C4: 0.04 | H4: =PREÇOS!D5 -> 11.4433 | I4: =IF(F4=0,,H4*(1+F4)*C4-(H4*B4)) -> 0 | J4: =IF(G4=0,IF(F4=0,,H4*(1+F4)*C4-(H4*B4)),H4*(1+G4)*C4-(H4*B4)) -> 0
A5: AP | B5: 0.04 | C5: 0.18 | D5: 0.34 | F5: 0.5688 | H5: =PREÇOS!D6 -> 11.4433 | I5: =IF(F5=0,,H5*(1+F5)*C5-(H5*B5)) -> 2.7736728 | J5: =IF(G5=0,IF(F5=0,,H5*(1+F5)*C5-(H5*B5)),H5*(1+G5)*C5-(H5*B5)) -> 2.7736728
A6: BA | B6: 0.04 | C6: 0.04 | H6: =PREÇOS!D7 -> 11.4433 | I6: =IF(F6=0,,H6*(1+F6)*C6-(H6*B6)) -> 0 | J6: =IF(G6=0,IF(F6=0,,H6*(1+F6)*C6-(H6*B6)),H6*(1+G6)*C6-(H6*B6)) -> 0
A7: CE | B7: 0.04 | C7: 0.04 | H7: =PREÇOS!D8 -> 11.4433 | I7: =IF(F7=0,,H7*(1+F7)*C7-(H7*B7)) -> 0 | J7: =IF(G7=0,IF(F7=0,,H7*(1+F7)*C7-(H7*B7)),H7*(1+G7)*C7-(H7*B7)) -> 0
A8: DF | B8: 0.04 | C8: 0.04 | H8: =PREÇOS!D9 -> 11.4433 | I8: =IF(F8=0,,H8*(1+F8)*C8-(H8*B8)) -> 0 | J8: =IF(G8=0,IF(F8=0,,H8*(1+F8)*C8-(H8*B8)),H8*(1+G8)*C8-(H8*B8)) -> 0
A9: ES | B9: 0.04 | C9: 0.04 | H9: =PREÇOS!D10 -> 11.4433 | I9: =IF(F9=0,,H9*(1+F9)*C9-(H9*B9)) -> 0 | J9: =IF(G9=0,IF(F9=0,,H9*(1+F9)*C9-(H9*B9)),H9*(1+G9)*C9-(H9*B9)) -> 0
A10: GO | B10: 0.04 | C10: 0.04 | H10: =PREÇOS!D11 -> 11.4433 | I10: =IF(F10=0,,H10*(1+F10)*C10-(H10*B10)) -> 0 | J10: =IF(G10=0,IF(F10=0,,H10*(1+F10)*C10-(H10*B10)),H10*(1+G10)*C10-(H10*B10)) -> 0
A11: MA | B11: 0.04 | C11: 0.04 | H11: =PREÇOS!D12 -> 11.4433 | I11: =IF(F11=0,,H11*(1+F11)*C11-(H11*B11)) -> 0 | J11: =IF(G11=0,IF(F11=0,,H11*(1+F11)*C11-(H11*B11)),H11*(1+G11)*C11-(H11*B11)) -> 0
A12: MG | B12: 0.04 | C12: 0.18 | D12: 0.25 | F12: 0.3636 | H12: =PREÇOS!D13 -> 11.4433 | I12: =IF(F12=0,,H12*(1+F12)*C12-(H12*B12)) -> 2.3510031 | J12: =IF(G12=0,IF(F12=0,,H12*(1+F12)*C12-(H12*B12)),H12*(1+G12)*C12-(H12*B12)) -> 2.3510031
A13: MS | B13: 0.04 | C13: 0.04 | H13: =PREÇOS!D14 -> 11.4433 | I13: =IF(F13=0,,H13*(1+F13)*C13-(H13*B13)) -> 0 | J13: =IF(G13=0,IF(F13=0,,H13*(1+F13)*C13-(H13*B13)),H13*(1+G13)*C13-(H13*B13)) -> 0
A14: MT | B14: 0.04 | C14: 0.04 | H14: =PREÇOS!D15 -> 11.4433 | I14: =IF(F14=0,,H14*(1+F14)*C14-(H14*B14)) -> 0 | J14: =IF(G14=0,IF(F14=0,,H14*(1+F14)*C14-(H14*B14)),H14*(1+G14)*C14-(H14*B14)) -> 0
A15: PA | B15: 0.04 | C15: 0.04 | H15: =PREÇOS!D16 -> 11.4433 | I15: =IF(F15=0,,H15*(1+F15)*C15-(H15*B15)) -> 0 | J15: =IF(G15=0,IF(F15=0,,H15*(1+F15)*C15-(H15*B15)),H15*(1+G15)*C15-(H15*B15)) -> 0
A16: PB | B16: 0.04 | C16: 0.04 | H16: =PREÇOS!D17 -> 11.4433 | I16: =IF(F16=0,,H16*(1+F16)*C16-(H16*B16)) -> 0 | J16: =IF(G16=0,IF(F16=0,,H16*(1+F16)*C16-(H16*B16)),H16*(1+G16)*C16-(H16*B16)) -> 0
A17: PE | B17: 0.04 | C17: 0.04 | H17: =PREÇOS!D18 -> 11.4433 | I17: =IF(F17=0,,H17*(1+F17)*C17-(H17*B17)) -> 0 | J17: =IF(G17=0,IF(F17=0,,H17*(1+F17)*C17-(H17*B17)),H17*(1+G17)*C17-(H17*B17)) -> 0
A18: PI | B18: 0.04 | C18: 0.04 | H18: =PREÇOS!D19 -> 11.4433 | I18: =IF(F18=0,,H18*(1+F18)*C18-(H18*B18)) -> 0 | J18: =IF(G18=0,IF(F18=0,,H18*(1+F18)*C18-(H18*B18)),H18*(1+G18)*C18-(H18*B18)) -> 0
A19: PR | B19: 0.12 | C19: 0.12 | H19: =PREÇOS!D20 -> 12.5351 | I19: =IF(F19=0,,H19*(1+F19)*C19-(H19*B19)) -> 0 | J19: =IF(G19=0,IF(F19=0,,H19*(1+F19)*C19-(H19*B19)),H19*(1+G19)*C19-(H19*B19)) -> 0
A20: RJ | B20: 0.04 | C20: 0.22 | D20: 0.352 | F20: 0.664 | H20: =PREÇOS!D21 -> 11.4433 | I20: =IF(F20=0,,H20*(1+F20)*C20-(H20*B20)) -> 3.7314313 | J20: =IF(G20=0,IF(F20=0,,H20*(1+F20)*C20-(H20*B20)),H20*(1+G20)*C20-(H20*B20)) -> 3.7314313
A21: RN | B21: 0.04 | C21: 0.04 | H21: =PREÇOS!D22 -> 11.4433 | I21: =IF(F21=0,,H21*(1+F21)*C21-(H21*B21)) -> 0 | J21: =IF(G21=0,IF(F21=0,,H21*(1+F21)*C21-(H21*B21)),H21*(1+G21)*C21-(H21*B21)) -> 0
A22: RO | B22: 0.04 | C22: 0.04 | H22: =PREÇOS!D23 -> 11.4433 | I22: =IF(F22=0,,H22*(1+F22)*C22-(H22*B22)) -> 0 | J22: =IF(G22=0,IF(F22=0,,H22*(1+F22)*C22-(H22*B22)),H22*(1+G22)*C22-(H22*B22)) -> 0
A23: RR | B23: 0.04 | C23: 0.04 | H23: =PREÇOS!D24 -> 11.4433 | I23: =IF(F23=0,,H23*(1+F23)*C23-(H23*B23)) -> 0 | J23: =IF(G23=0,IF(F23=0,,H23*(1+F23)*C23-(H23*B23)),H23*(1+G23)*C23-(H23*B23)) -> 0
A24: RS | B24: 0.04 | C24: 0.04 | H24: =PREÇOS!D25 -> 11.4433 | I24: =IF(F24=0,,H24*(1+F24)*C24-(H24*B24)) -> 0 | J24: =IF(G24=0,IF(F24=0,,H24*(1+F24)*C24-(H24*B24)),H24*(1+G24)*C24-(H24*B24)) -> 0
A25: SC | B25: 0.04 | C25: 0.04 | H25: =PREÇOS!D26 -> 11.4433 | I25: =IF(F25=0,,H25*(1+F25)*C25-(H25*B25)) -> 0 | J25: =IF(G25=0,IF(F25=0,,H25*(1+F25)*C25-(H25*B25)),H25*(1+G25)*C25-(H25*B25)) -> 0
A26: SE | B26: 0.04 | C26: 0.04 | H26: =PREÇOS!D27 -> 11.4433 | I26: =IF(F26=0,,H26*(1+F26)*C26-(H26*B26)) -> 0 | J26: =IF(G26=0,IF(F26=0,,H26*(1+F26)*C26-(H26*B26)),H26*(1+G26)*C26-(H26*B26)) -> 0
A27: SP | B27: 0.04 | C27: 0.18 | D27: 0.4832 | F27: 0.618 | H27: =PREÇOS!D28 -> 11.4433 | I27: =IF(F27=0,,H27*(1+F27)*C27-(H27*B27)) -> 2.8750147 | J27: =IF(G27=0,IF(F27=0,,H27*(1+F27)*C27-(H27*B27)),H27*(1+G27)*C27-(H27*B27)) -> 2.8750147
A28: SP/Atacado | B28: =B27 -> 0.04 | C28: =C27 -> 0.18 | D28: =D27 -> 0.4832 | E28: =E27 -> 0 | F28: =F27 -> 0.618 | G28: =G27 -> 0 | H28: =PREÇOS!D29 -> 11.4433 | I28: =IF(F28=0,,H28*(1+F28)*C28-(H28*B28)) -> 2.8750147 | J28: =IF(G28=0,IF(F28=0,,H28*(1+F28)*C28-(H28*B28)),H28*(1+G28)*C28-(H28*B28)) -> 2.8750147
A29: TO | B29: 0.04 | C29: 0.04 | H29: =PREÇOS!D30 -> 11.4433 | I29: =IF(F29=0,,H29*(1+F29)*C29-(H29*B29)) -> 0 | J29: =IF(G29=0,IF(F29=0,,H29*(1+F29)*C29-(H29*B29)),H29*(1+G29)*C29-(H29*B29)) -> 0
A30: EX | H30: =PREÇOS!D31 -> 9.9292 | I30: =IF(F30=0,,H30*(1+F30)*C30-(H30*B30)) -> 0 | J30: =IF(G30=0,IF(F30=0,,H30*(1+F30)*C30-(H30*B30)),H30*(1+G30)*C30-(H30*B30)) -> 0

Sheet ST PAPAPASTA
A1: Estado | B1: Aliquota interestadual | C1: Aliquota interna | D1: MVA (normal) | E1: MVA (simples) | F1: Ajustada (normal) | G1: Ajustada (simples) | H1: Preço | I1: ST Normal | J1: ST Simples
A2: AC | B2: 0.07 | C2: 0.07 | H2: =PREÇOS!E3 -> 7.56 | I2: =IF(F2=0,,H2*(1+F2)*C2-(H2*B2)) -> 0 | J2: =IF(G2=0,IF(F2=0,,H2*(1+F2)*C2-(H2*B2)),H2*(1+G2)*C2-(H2*B2)) -> 0
A3: AL | B3: 0.07 | C3: 0.19 | D3: 0.2 | F3: 0.361 | H3: =PREÇOS!E4 -> 7.56 | I3: =IF(F3=0,,H3*(1+F3)*C3-(H3*B3)) -> 1.4257404 | J3: =IF(G3=0,IF(F3=0,,H3*(1+F3)*C3-(H3*B3)),H3*(1+G3)*C3-(H3*B3)) -> 1.4257404
A4: AM | B4: 0.07 | C4: 0.07 | H4: =PREÇOS!E5 -> 7.56 | I4: =IF(F4=0,,H4*(1+F4)*C4-(H4*B4)) -> 0 | J4: =IF(G4=0,IF(F4=0,,H4*(1+F4)*C4-(H4*B4)),H4*(1+G4)*C4-(H4*B4)) -> 0
A5: AP | B5: 0.07 | C5: 0.18 | D5: 0.38 | F5: 0.5651 | H5: =PREÇOS!E6 -> 7.56 | I5: =IF(F5=0,,H5*(1+F5)*C5-(H5*B5)) -> 1.6005881 | J5: =IF(G5=0,IF(F5=0,,H5*(1+F5)*C5-(H5*B5)),H5*(1+G5)*C5-(H5*B5)) -> 1.6005881
A6: BA | B6: 0.07 | C6: 0.07 | H6: =PREÇOS!E7 -> 7.56 | I6: =IF(F6=0,,H6*(1+F6)*C6-(H6*B6)) -> 0 | J6: =IF(G6=0,IF(F6=0,,H6*(1+F6)*C6-(H6*B6)),H6*(1+G6)*C6-(H6*B6)) -> 0
A7: CE | B7: 0.07 | C7: 0.07 | H7: =PREÇOS!E8 -> 7.56 | I7: =IF(F7=0,,H7*(1+F7)*C7-(H7*B7)) -> 0 | J7: =IF(G7=0,IF(F7=0,,H7*(1+F7)*C7-(H7*B7)),H7*(1+G7)*C7-(H7*B7)) -> 0
A8: DF | B8: 0.07 | C8: 0.07 | H8: =PREÇOS!E9 -> 7.56 | I8: =IF(F8=0,,H8*(1+F8)*C8-(H8*B8)) -> 0 | J8: =IF(G8=0,IF(F8=0,,H8*(1+F8)*C8-(H8*B8)),H8*(1+G8)*C8-(H8*B8)) -> 0
A9: ES | B9: 0.07 | C9: 0.07 | H9: =PREÇOS!E10 -> 7.56 | I9: =IF(F9=0,,H9*(1+F9)*C9-(H9*B9)) -> 0 | J9: =IF(G9=0,IF(F9=0,,H9*(1+F9)*C9-(H9*B9)),H9*(1+G9)*C9-(H9*B9)) -> 0
A10: GO | B10: 0.07 | C10: 0.07 | H10: =PREÇOS!E11 -> 7.56 | I10: =IF(F10=0,,H10*(1+F10)*C10-(H10*B10)) -> 0 | J10: =IF(G10=0,IF(F10=0,,H10*(1+F10)*C10-(H10*B10)),H10*(1+G10)*C10-(H10*B10)) -> 0
A11: MA | B11: 0.07 | C11: 0.07 | H11: =PREÇOS!E12 -> 7.56 | I11: =IF(F11=0,,H11*(1+F11)*C11-(H11*B11)) -> 0 | J11: =IF(G11=0,IF(F11=0,,H11*(1+F11)*C11-(H11*B11)),H11*(1+G11)*C11-(H11*B11)) -> 0
A12: MG | B12: 0.12 | C12: 0.18 | D12: 0.35 | F12: 0.35 | H12: =PREÇOS!E13 -> 8.07 | I12: =IF(F12=0,,H12*(1+F12)*C12-(H12*B12)) -> 0.99261 | J12: =IF(G12=0,IF(F12=0,,H12*(1+F12)*C12-(H12*B12)),H12*(1+G12)*C12-(H12*B12)) -> 0.99261
A13: MS | B13: 0.07 | C13: 0.07 | H13: =PREÇOS!E14 -> 7.56 | I13: =IF(F13=0,,H13*(1+F13)*C13-(H13*B13)) -> 0 | J13: =IF(G13=0,IF(F13=0,,H13*(1+F13)*C13-(H13*B13)),H13*(1+G13)*C13-(H13*B13)) -> 0
A14: MT | B14: 0.07 | C14: 0.17 | D14: 0.3545 | F14: 0.3545 | H14: =PREÇOS!E15 -> 7.56 | I14: =IF(F14=0,,H14*(1+F14)*C14-(H14*B14)) -> 1.2116034 | J14: =IF(G14=0,IF(F14=0,,H14*(1+F14)*C14-(H14*B14)),H14*(1+G14)*C14-(H14*B14)) -> 1.2116034
A15: PA | B15: 0.07 | C15: 0.07 | H15: =PREÇOS!E16 -> 7.56 | I15: =IF(F15=0,,H15*(1+F15)*C15-(H15*B15)) -> 0 | J15: =IF(G15=0,IF(F15=0,,H15*(1+F15)*C15-(H15*B15)),H15*(1+G15)*C15-(H15*B15)) -> 0
A16: PB | B16: 0.07 | C16: 0.07 | H16: =PREÇOS!E17 -> 7.56 | I16: =IF(F16=0,,H16*(1+F16)*C16-(H16*B16)) -> 0 | J16: =IF(G16=0,IF(F16=0,,H16*(1+F16)*C16-(H16*B16)),H16*(1+G16)*C16-(H16*B16)) -> 0
A17: PE | B17: 0.07 | C17: 0.07 | H17: =PREÇOS!E18 -> 7.56 | I17: =IF(F17=0,,H17*(1+F17)*C17-(H17*B17)) -> 0 | J17: =IF(G17=0,IF(F17=0,,H17*(1+F17)*C17-(H17*B17)),H17*(1+G17)*C17-(H17*B17)) -> 0
A18: PI | B18: 0.07 | C18: 0.07 | H18: =PREÇOS!E19 -> 7.56 | I18: =IF(F18=0,,H18*(1+F18)*C18-(H18*B18)) -> 0 | J18: =IF(G18=0,IF(F18=0,,H18*(1+F18)*C18-(H18*B18)),H18*(1+G18)*C18-(H18*B18)) -> 0
A19: PR | B19: 0.12 | C19: 0.12 | H19: =PREÇOS!E20 -> 8.07 | I19: =IF(F19=0,,H19*(1+F19)*C19-(H19*B19)) -> 0 | J19: =IF(G19=0,IF(F19=0,,H19*(1+F19)*C19-(H19*B19)),H19*(1+G19)*C19-(H19*B19)) -> 0
A20: RJ | B20: 0.12 | C20: 0.12 | H20: =PREÇOS!E21 -> 8.07 | I20: =IF(F20=0,,H20*(1+F20)*C20-(H20*B20)) -> 0 | J20: =IF(G20=0,IF(F20=0,,H20*(1+F20)*C20-(H20*B20)),H20*(1+G20)*C20-(H20*B20)) -> 0
A21: RN | B21: 0.07 | C21: 0.07 | H21: =PREÇOS!E22 -> 7.56 | I21: =IF(F21=0,,H21*(1+F21)*C21-(H21*B21)) -> 0 | J21: =IF(G21=0,IF(F21=0,,H21*(1+F21)*C21-(H21*B21)),H21*(1+G21)*C21-(H21*B21)) -> 0
A22: RO | B22: 0.07 | C22: 0.07 | H22: =PREÇOS!E23 -> 7.56 | I22: =IF(F22=0,,H22*(1+F22)*C22-(H22*B22)) -> 0 | J22: =IF(G22=0,IF(F22=0,,H22*(1+F22)*C22-(H22*B22)),H22*(1+G22)*C22-(H22*B22)) -> 0
A23: RR | B23: 0.07 | C23: 0.07 | H23: =PREÇOS!E24 -> 7.56 | I23: =IF(F23=0,,H23*(1+F23)*C23-(H23*B23)) -> 0 | J23: =IF(G23=0,IF(F23=0,,H23*(1+F23)*C23-(H23*B23)),H23*(1+G23)*C23-(H23*B23)) -> 0
A24: RS | B24: 0.12 | C24: 0.12 | H24: =PREÇOS!E25 -> 8.07 | I24: =IF(F24=0,,H24*(1+F24)*C24-(H24*B24)) -> 0 | J24: =IF(G24=0,IF(F24=0,,H24*(1+F24)*C24-(H24*B24)),H24*(1+G24)*C24-(H24*B24)) -> 0
A25: SC | B25: 0.12 | C25: 0.12 | H25: =PREÇOS!E26 -> 8.07 | I25: =IF(F25=0,,H25*(1+F25)*C25-(H25*B25)) -> 0 | J25: =IF(G25=0,IF(F25=0,,H25*(1+F25)*C25-(H25*B25)),H25*(1+G25)*C25-(H25*B25)) -> 0
A26: SE | B26: 0.07 | C26: 0.07 | H26: =PREÇOS!E27 -> 7.56 | I26: =IF(F26=0,,H26*(1+F26)*C26-(H26*B26)) -> 0 | J26: =IF(G26=0,IF(F26=0,,H26*(1+F26)*C26-(H26*B26)),H26*(1+G26)*C26-(H26*B26)) -> 0
A27: SP | B27: 0.12 | C27: 0.12 | H27: =PREÇOS!E28 -> 8.07 | I27: =IF(F27=0,,H27*(1+F27)*C27-(H27*B27)) -> 0 | J27: =IF(G27=0,IF(F27=0,,H27*(1+F27)*C27-(H27*B27)),H27*(1+G27)*C27-(H27*B27)) -> 0
A28: SP/Atacado | B28: =B27 -> 0.12 | C28: =C27 -> 0.12 | D28: =D27 -> 0 | E28: =E27 -> 0 | F28: =F27 -> 0 | G28: =G27 -> 0 | H28: =PREÇOS!E29 -> 8.07 | I28: =IF(F28=0,,H28*(1+F28)*C28-(H28*B28)) -> 0 | J28: =IF(G28=0,IF(F28=0,,H28*(1+F28)*C28-(H28*B28)),H28*(1+G28)*C28-(H28*B28)) -> 0
A29: TO | B29: 0.07 | C29: 0.07 | H29: =PREÇOS!E30 -> 7.56 | I29: =IF(F29=0,,H29*(1+F29)*C29-(H29*B29)) -> 0 | J29: =IF(G29=0,IF(F29=0,,H29*(1+F29)*C29-(H29*B29)),H29*(1+G29)*C29-(H29*B29)) -> 0
A30: EX | H30: =PREÇOS!E31 -> 6.35 | I30: =IF(F30=0,,H30*(1+F30)*C30-(H30*B30)) -> 0 | J30: =IF(G30=0,IF(F30=0,,H30*(1+F30)*C30-(H30*B30)),H30*(1+G30)*C30-(H30*B30)) -> 0

Sheet ST PALITINHOS
A1: Estado | B1: Aliquota interestadual | C1: Aliquota interna | D1: MVA (normal) | E1: MVA (simples) | F1: Ajustada (normal) | G1: Ajustada (simples) | H1: Preço | I1: ST Normal | J1: ST Simples
A2: AC | B2: 0.07 | C2: 0.07 | H2: =PREÇOS!C3 -> 3.36 | I2: =IF(F2=0,,H2*(1+F2)*C2-(H2*B2)) -> 0 | J2: =IF(G2=0,IF(F2=0,,H2*(1+F2)*C2-(H2*B2)),H2*(1+G2)*C2-(H2*B2)) -> 0
A3: AL | B3: 0.07 | C3: 0.19 | D3: 0.5432 | F3: 0.794 | H3: =PREÇOS!C4 -> 3.36 | I3: =IF(F3=0,,H3*(1+F3)*C3-(H3*B3)) -> 0.9100896 | J3: =IF(G3=0,IF(F3=0,,H3*(1+F3)*C3-(H3*B3)),H3*(1+G3)*C3-(H3*B3)) -> 0.9100896
A4: AM | B4: 0.07 | C4: 0.18 | H4: =PREÇOS!C5 -> 3.36 | I4: =IF(F4=0,,H4*(1+F4)*C4-(H4*B4)) -> 0 | J4: =IF(G4=0,IF(F4=0,,H4*(1+F4)*C4-(H4*B4)),H4*(1+G4)*C4-(H4*B4)) -> 0
A5: AP | B5: 0.07 | C5: 0.18 | D5: 0.41 | F5: 0.5991 | H5: =PREÇOS!C6 -> 3.36 | I5: =IF(F5=0,,H5*(1+F5)*C5-(H5*B5)) -> 0.73193568 | J5: =IF(G5=0,IF(F5=0,,H5*(1+F5)*C5-(H5*B5)),H5*(1+G5)*C5-(H5*B5)) -> 0.73193568
A6: BA | B6: 0.07 | C6: 0.07 | H6: =PREÇOS!C7 -> 3.36 | I6: =IF(F6=0,,H6*(1+F6)*C6-(H6*B6)) -> 0 | J6: =IF(G6=0,IF(F6=0,,H6*(1+F6)*C6-(H6*B6)),H6*(1+G6)*C6-(H6*B6)) -> 0
A7: CE | B7: 0.07 | C7: 0.07 | H7: =PREÇOS!C8 -> 3.36 | I7: =IF(F7=0,,H7*(1+F7)*C7-(H7*B7)) -> 0 | J7: =IF(G7=0,IF(F7=0,,H7*(1+F7)*C7-(H7*B7)),H7*(1+G7)*C7-(H7*B7)) -> 0
A8: DF | B8: 0.07 | C8: 0.07 | H8: =PREÇOS!C9 -> 3.36 | I8: =IF(F8=0,,H8*(1+F8)*C8-(H8*B8)) -> 0 | J8: =IF(G8=0,IF(F8=0,,H8*(1+F8)*C8-(H8*B8)),H8*(1+G8)*C8-(H8*B8)) -> 0
A9: ES | B9: 0.07 | C9: 0.07 | H9: =PREÇOS!C10 -> 3.36 | I9: =IF(F9=0,,H9*(1+F9)*C9-(H9*B9)) -> 0 | J9: =IF(G9=0,IF(F9=0,,H9*(1+F9)*C9-(H9*B9)),H9*(1+G9)*C9-(H9*B9)) -> 0
A10: GO | B10: 0.07 | C10: 0.07 | H10: =PREÇOS!C11 -> 3.36 | I10: =IF(F10=0,,H10*(1+F10)*C10-(H10*B10)) -> 0 | J10: =IF(G10=0,IF(F10=0,,H10*(1+F10)*C10-(H10*B10)),H10*(1+G10)*C10-(H10*B10)) -> 0
A11: MA | B11: 0.07 | C11: 0.07 | H11: =PREÇOS!C12 -> 3.36 | I11: =IF(F11=0,,H11*(1+F11)*C11-(H11*B11)) -> 0 | J11: =IF(G11=0,IF(F11=0,,H11*(1+F11)*C11-(H11*B11)),H11*(1+G11)*C11-(H11*B11)) -> 0
A12: MG | B12: 0.12 | C12: 0.18 | D12: 0.4 | F12: 0.5024 | H12: =PREÇOS!C13 -> 3.58 | I12: =IF(F12=0,,H12*(1+F12)*C12-(H12*B12)) -> 0.53854656 | J12: =IF(G12=0,IF(F12=0,,H12*(1+F12)*C12-(H12*B12)),H12*(1+G12)*C12-(H12*B12)) -> 0.53854656
A13: MS | B13: 0.07 | C13: 0.07 | H13: =PREÇOS!C14 -> 3.36 | I13: =IF(F13=0,,H13*(1+F13)*C13-(H13*B13)) -> 0 | J13: =IF(G13=0,IF(F13=0,,H13*(1+F13)*C13-(H13*B13)),H13*(1+G13)*C13-(H13*B13)) -> 0
A14: MT | B14: 0.07 | C14: 0.17 | D14: 0.4552 | F14: 0.6305 | H14: =PREÇOS!C15 -> 3.36 | I14: =IF(F14=0,,H14*(1+F14)*C14-(H14*B14)) -> 0.6961416 | J14: =IF(G14=0,IF(F14=0,,H14*(1+F14)*C14-(H14*B14)),H14*(1+G14)*C14-(H14*B14)) -> 0.6961416
A15: PA | B15: 0.07 | C15: 0.07 | H15: =PREÇOS!C16 -> 3.36 | I15: =IF(F15=0,,H15*(1+F15)*C15-(H15*B15)) -> 0 | J15: =IF(G15=0,IF(F15=0,,H15*(1+F15)*C15-(H15*B15)),H15*(1+G15)*C15-(H15*B15)) -> 0
A16: PB | B16: 0.07 | C16: 0.07 | H16: =PREÇOS!C17 -> 3.36 | I16: =IF(F16=0,,H16*(1+F16)*C16-(H16*B16)) -> 0 | J16: =IF(G16=0,IF(F16=0,,H16*(1+F16)*C16-(H16*B16)),H16*(1+G16)*C16-(H16*B16)) -> 0
A17: PE | B17: 0.07 | C17: 0.07 | H17: =PREÇOS!C18 -> 3.36 | I17: =IF(F17=0,,H17*(1+F17)*C17-(H17*B17)) -> 0 | J17: =IF(G17=0,IF(F17=0,,H17*(1+F17)*C17-(H17*B17)),H17*(1+G17)*C17-(H17*B17)) -> 0
A18: PI | B18: 0.07 | C18: 0.07 | H18: =PREÇOS!C19 -> 3.36 | I18: =IF(F18=0,,H18*(1+F18)*C18-(H18*B18)) -> 0 | J18: =IF(G18=0,IF(F18=0,,H18*(1+F18)*C18-(H18*B18)),H18*(1+G18)*C18-(H18*B18)) -> 0
A19: PR | B19: 0.12 | C19: 0.195 | D19: 0.5432 | E19: 0.163 | F19: 0.687 | G19: 0.1968 | H19: =PREÇOS!C20 -> 3.58 | I19: =IF(F19=0,,H19*(1+F19)*C19-(H19*B19)) -> 0.7480947 | J19: =IF(G19=0,IF(F19=0,,H19*(1+F19)*C19-(H19*B19)),H19*(1+G19)*C19-(H19*B19)) -> 0.40588608
A20: RJ | B20: 0.12 | C20: 0.22 | D20: 0.4698 | F20: 0.6582 | H20: =PREÇOS!C21 -> 3.58 | I20: =IF(F20=0,,H20*(1+F20)*C20-(H20*B20)) -> 0.87639832 | J20: =IF(G20=0,IF(F20=0,,H20*(1+F20)*C20-(H20*B20)),H20*(1+G20)*C20-(H20*B20)) -> 0.87639832
A21: RN | B21: 0.07 | C21: 0.07 | H21: =PREÇOS!C22 -> 3.36 | I21: =IF(F21=0,,H21*(1+F21)*C21-(H21*B21)) -> 0 | J21: =IF(G21=0,IF(F21=0,,H21*(1+F21)*C21-(H21*B21)),H21*(1+G21)*C21-(H21*B21)) -> 0
A22: RO | B22: 0.07 | C22: 0.07 | H22: =PREÇOS!C23 -> 3.36 | I22: =IF(F22=0,,H22*(1+F22)*C22-(H22*B22)) -> 0 | J22: =IF(G22=0,IF(F22=0,,H22*(1+F22)*C22-(H22*B22)),H22*(1+G22)*C22-(H22*B22)) -> 0
A23: RR | B23: 0.07 | C23: 0.07 | H23: =PREÇOS!C24 -> 3.36 | I23: =IF(F23=0,,H23*(1+F23)*C23-(H23*B23)) -> 0 | J23: =IF(G23=0,IF(F23=0,,H23*(1+F23)*C23-(H23*B23)),H23*(1+G23)*C23-(H23*B23)) -> 0
A24: RS | B24: 0.12 | C24: 0.12 | H24: =PREÇOS!C25 -> 3.58 | I24: =IF(F24=0,,H24*(1+F24)*C24-(H24*B24)) -> 0 | J24: =IF(G24=0,IF(F24=0,,H24*(1+F24)*C24-(H24*B24)),H24*(1+G24)*C24-(H24*B24)) -> 0
A25: SC | B25: 0.12 | C25: 0.12 | H25: =PREÇOS!C26 -> 3.58 | I25: =IF(F25=0,,H25*(1+F25)*C25-(H25*B25)) -> 0 | J25: =IF(G25=0,IF(F25=0,,H25*(1+F25)*C25-(H25*B25)),H25*(1+G25)*C25-(H25*B25)) -> 0
A26: SE | B26: 0.07 | C26: 0.07 | H26: =PREÇOS!C27 -> 3.36 | I26: =IF(F26=0,,H26*(1+F26)*C26-(H26*B26)) -> 0 | J26: =IF(G26=0,IF(F26=0,,H26*(1+F26)*C26-(H26*B26)),H26*(1+G26)*C26-(H26*B26)) -> 0
A27: SP | B27: 0.12 | C27: 0.18 | H27: =PREÇOS!C28 -> 3.58 | I27: =IF(F27=0,,H27*(1+F27)*C27-(H27*B27)) -> 0 | J27: =IF(G27=0,IF(F27=0,,H27*(1+F27)*C27-(H27*B27)),H27*(1+G27)*C27-(H27*B27)) -> 0
A28: SP/Atacado | B28: =B27 -> 0.12 | C28: =C27 -> 0.18 | H28: =PREÇOS!C29 -> 3.58 | I28: =IF(F28=0,,H28*(1+F28)*C28-(H28*B28)) -> 0 | J28: =IF(G28=0,IF(F28=0,,H28*(1+F28)*C28-(H28*B28)),H28*(1+G28)*C28-(H28*B28)) -> 0
A29: TO | B29: 0.07 | C29: 0.07 | H29: =PREÇOS!C30 -> 3.36 | I29: =IF(F29=0,,H29*(1+F29)*C29-(H29*B29)) -> 0 | J29: =IF(G29=0,IF(F29=0,,H29*(1+F29)*C29-(H29*B29)),H29*(1+G29)*C29-(H29*B29)) -> 0
A30: EX | H30: =PREÇOS!C31 -> 2.82 | I30: =IF(F30=0,,H30*(1+F30)*C30-(H30*B30)) -> 0 | J30: =IF(G30=0,IF(F30=0,,H30*(1+F30)*C30-(H30*B30)),H30*(1+G30)*C30-(H30*B30)) -> 0

Sheet ST EXTRUSADOS
A1: Estado | B1: Aliquota interestadual | C1: Aliquota interna | D1: MVA (normal) | E1: MVA (simples) | F1: Ajustada (normal) | G1: Ajustada (simples) | H1: Preço | I1: ST Normal | J1: ST Simples
A2: AC | B2: 0.07 | C2: 0.07 | H2: =PREÇOS!O3 -> 4.116129 | I2: =IF(F2=0,,H2*(1+F2)*C2-(H2*B2)) -> 0 | J2: =IF(G2=0,IF(F2=0,,H2*(1+F2)*C2-(H2*B2)),H2*(1+G2)*C2-(H2*B2)) -> 0
A3: AL | B3: 0.07 | C3: 0.19 | D3: 0.5432 | F3: 0.794 | H3: =PREÇOS!O4 -> 4.116129 | I3: =IF(F3=0,,H3*(1+F3)*C3-(H3*B3)) -> 1.1148947 | J3: =IF(G3=0,IF(F3=0,,H3*(1+F3)*C3-(H3*B3)),H3*(1+G3)*C3-(H3*B3)) -> 1.1148947
A4: AM | B4: 0.07 | C4: 0.18 | H4: =PREÇOS!O5 -> 4.116129 | I4: =IF(F4=0,,H4*(1+F4)*C4-(H4*B4)) -> 0 | J4: =IF(G4=0,IF(F4=0,,H4*(1+F4)*C4-(H4*B4)),H4*(1+G4)*C4-(H4*B4)) -> 0
A5: AP | B5: 0.07 | C5: 0.18 | D5: 0.41 | F5: 0.5991 | H5: =PREÇOS!O6 -> 4.116129 | I5: =IF(F5=0,,H5*(1+F5)*C5-(H5*B5)) -> 0.89664932 | J5: =IF(G5=0,IF(F5=0,,H5*(1+F5)*C5-(H5*B5)),H5*(1+G5)*C5-(H5*B5)) -> 0.89664932
A6: BA | B6: 0.07 | C6: 0.07 | H6: =PREÇOS!O7 -> 4.116129 | I6: =IF(F6=0,,H6*(1+F6)*C6-(H6*B6)) -> 0 | J6: =IF(G6=0,IF(F6=0,,H6*(1+F6)*C6-(H6*B6)),H6*(1+G6)*C6-(H6*B6)) -> 0
A7: CE | B7: 0.07 | C7: 0.07 | H7: =PREÇOS!O8 -> 4.116129 | I7: =IF(F7=0,,H7*(1+F7)*C7-(H7*B7)) -> 0 | J7: =IF(G7=0,IF(F7=0,,H7*(1+F7)*C7-(H7*B7)),H7*(1+G7)*C7-(H7*B7)) -> 0
A8: DF | B8: 0.07 | C8: 0.07 | H8: =PREÇOS!O9 -> 4.116129 | I8: =IF(F8=0,,H8*(1+F8)*C8-(H8*B8)) -> 0 | J8: =IF(G8=0,IF(F8=0,,H8*(1+F8)*C8-(H8*B8)),H8*(1+G8)*C8-(H8*B8)) -> 0
A9: ES | B9: 0.07 | C9: 0.07 | H9: =PREÇOS!O10 -> 4.116129 | I9: =IF(F9=0,,H9*(1+F9)*C9-(H9*B9)) -> 0 | J9: =IF(G9=0,IF(F9=0,,H9*(1+F9)*C9-(H9*B9)),H9*(1+G9)*C9-(H9*B9)) -> 0
A10: GO | B10: 0.07 | C10: 0.07 | H10: =PREÇOS!O11 -> 4.116129 | I10: =IF(F10=0,,H10*(1+F10)*C10-(H10*B10)) -> 0 | J10: =IF(G10=0,IF(F10=0,,H10*(1+F10)*C10-(H10*B10)),H10*(1+G10)*C10-(H10*B10)) -> 0
A11: MA | B11: 0.07 | C11: 0.07 | H11: =PREÇOS!O12 -> 4.116129 | I11: =IF(F11=0,,H11*(1+F11)*C11-(H11*B11)) -> 0 | J11: =IF(G11=0,IF(F11=0,,H11*(1+F11)*C11-(H11*B11)),H11*(1+G11)*C11-(H11*B11)) -> 0
A12: MG | B12: 0.12 | C12: 0.18 | D12: 0.4 | F12: 0.5024 | H12: =PREÇOS!O13 -> 4.35 | I12: =IF(F12=0,,H12*(1+F12)*C12-(H12*B12)) -> 0.6543792 | J12: =IF(G12=0,IF(F12=0,,H12*(1+F12)*C12-(H12*B12)),H12*(1+G12)*C12-(H12*B12)) -> 0.6543792
A13: MS | B13: 0.07 | C13: 0.07 | H13: =PREÇOS!O14 -> 4.116129 | I13: =IF(F13=0,,H13*(1+F13)*C13-(H13*B13)) -> 0 | J13: =IF(G13=0,IF(F13=0,,H13*(1+F13)*C13-(H13*B13)),H13*(1+G13)*C13-(H13*B13)) -> 0
A14: MT | B14: 0.07 | C14: 0.17 | D14: 0.4552 | F14: 0.6305 | H14: =PREÇOS!O15 -> 4.116129 | I14: =IF(F14=0,,H14*(1+F14)*C14-(H14*B14)) -> 0.85280019 | J14: =IF(G14=0,IF(F14=0,,H14*(1+F14)*C14-(H14*B14)),H14*(1+G14)*C14-(H14*B14)) -> 0.85280019
A15: PA | B15: 0.07 | C15: 0.07 | H15: =PREÇOS!O16 -> 4.116129 | I15: =IF(F15=0,,H15*(1+F15)*C15-(H15*B15)) -> 0 | J15: =IF(G15=0,IF(F15=0,,H15*(1+F15)*C15-(H15*B15)),H15*(1+G15)*C15-(H15*B15)) -> 0
A16: PB | B16: 0.07 | C16: 0.07 | H16: =PREÇOS!O17 -> 4.116129 | I16: =IF(F16=0,,H16*(1+F16)*C16-(H16*B16)) -> 0 | J16: =IF(G16=0,IF(F16=0,,H16*(1+F16)*C16-(H16*B16)),H16*(1+G16)*C16-(H16*B16)) -> 0
A17: PE | B17: 0.07 | C17: 0.07 | H17: =PREÇOS!O18 -> 4.116129 | I17: =IF(F17=0,,H17*(1+F17)*C17-(H17*B17)) -> 0 | J17: =IF(G17=0,IF(F17=0,,H17*(1+F17)*C17-(H17*B17)),H17*(1+G17)*C17-(H17*B17)) -> 0
A18: PI | B18: 0.07 | C18: 0.07 | H18: =PREÇOS!O19 -> 4.116129 | I18: =IF(F18=0,,H18*(1+F18)*C18-(H18*B18)) -> 0 | J18: =IF(G18=0,IF(F18=0,,H18*(1+F18)*C18-(H18*B18)),H18*(1+G18)*C18-(H18*B18)) -> 0
A19: PR | B19: 0.12 | C19: 0.195 | D19: 0.5432 | E19: 0.163 | F19: 0.687 | G19: 0.1968 | H19: =PREÇOS!O20 -> 4.35 | I19: =IF(F19=0,,H19*(1+F19)*C19-(H19*B19)) -> 0.90899775 | J19: =IF(G19=0,IF(F19=0,,H19*(1+F19)*C19-(H19*B19)),H19*(1+G19)*C19-(H19*B19)) -> 0.4931856
A20: RJ | B20: 0.12 | C20: 0.22 | D20: 0.4698 | F20: 0.6582 | H20: =PREÇOS!O21 -> 4.35 | I20: =IF(F20=0,,H20*(1+F20)*C20-(H20*B20)) -> 1.0648974 | J20: =IF(G20=0,IF(F20=0,,H20*(1+F20)*C20-(H20*B20)),H20*(1+G20)*C20-(H20*B20)) -> 1.0648974
A21: RN | B21: 0.07 | C21: 0.07 | H21: =PREÇOS!O22 -> 4.116129 | I21: =IF(F21=0,,H21*(1+F21)*C21-(H21*B21)) -> 0 | J21: =IF(G21=0,IF(F21=0,,H21*(1+F21)*C21-(H21*B21)),H21*(1+G21)*C21-(H21*B21)) -> 0
A22: RO | B22: 0.07 | C22: 0.07 | H22: =PREÇOS!O23 -> 4.116129 | I22: =IF(F22=0,,H22*(1+F22)*C22-(H22*B22)) -> 0 | J22: =IF(G22=0,IF(F22=0,,H22*(1+F22)*C22-(H22*B22)),H22*(1+G22)*C22-(H22*B22)) -> 0
A23: RR | B23: 0.07 | C23: 0.07 | H23: =PREÇOS!O24 -> 4.116129 | I23: =IF(F23=0,,H23*(1+F23)*C23-(H23*B23)) -> 0 | J23: =IF(G23=0,IF(F23=0,,H23*(1+F23)*C23-(H23*B23)),H23*(1+G23)*C23-(H23*B23)) -> 0
A24: RS | B24: 0.12 | C24: 0.12 | H24: =PREÇOS!O25 -> 4.35 | I24: =IF(F24=0,,H24*(1+F24)*C24-(H24*B24)) -> 0 | J24: =IF(G24=0,IF(F24=0,,H24*(1+F24)*C24-(H24*B24)),H24*(1+G24)*C24-(H24*B24)) -> 0
A25: SC | B25: 0.12 | C25: 0.12 | H25: =PREÇOS!O26 -> 4.35 | I25: =IF(F25=0,,H25*(1+F25)*C25-(H25*B25)) -> 0 | J25: =IF(G25=0,IF(F25=0,,H25*(1+F25)*C25-(H25*B25)),H25*(1+G25)*C25-(H25*B25)) -> 0
A26: SE | B26: 0.07 | C26: 0.07 | H26: =PREÇOS!O27 -> 4.116129 | I26: =IF(F26=0,,H26*(1+F26)*C26-(H26*B26)) -> 0 | J26: =IF(G26=0,IF(F26=0,,H26*(1+F26)*C26-(H26*B26)),H26*(1+G26)*C26-(H26*B26)) -> 0
A27: SP | B27: 0.12 | C27: 0.18 | H27: =PREÇOS!O28 -> 4.35 | I27: =IF(F27=0,,H27*(1+F27)*C27-(H27*B27)) -> 0 | J27: =IF(G27=0,IF(F27=0,,H27*(1+F27)*C27-(H27*B27)),H27*(1+G27)*C27-(H27*B27)) -> 0
A28: SP/Atacado | B28: =B27 -> 0.12 | C28: =C27 -> 0.18 | H28: =PREÇOS!O29 -> 4.35 | I28: =IF(F28=0,,H28*(1+F28)*C28-(H28*B28)) -> 0 | J28: =IF(G28=0,IF(F28=0,,H28*(1+F28)*C28-(H28*B28)),H28*(1+G28)*C28-(H28*B28)) -> 0
A29: TO | B29: 0.07 | C29: 0.07 | H29: =PREÇOS!O30 -> 4.116129 | I29: =IF(F29=0,,H29*(1+F29)*C29-(H29*B29)) -> 0 | J29: =IF(G29=0,IF(F29=0,,H29*(1+F29)*C29-(H29*B29)),H29*(1+G29)*C29-(H29*B29)) -> 0
A30: EX | H30: =PREÇOS!O31 -> 4.116129 | I30: =IF(F30=0,,H30*(1+F30)*C30-(H30*B30)) -> 0 | J30: =IF(G30=0,IF(F30=0,,H30*(1+F30)*C30-(H30*B30)),H30*(1+G30)*C30-(H30*B30)) -> 0

Sheet ST BISCOTTI
A1: Estado | B1: Aliquota interestadual | C1: Aliquota interna | D1: MVA (normal) | E1: MVA (simples) | F1: Ajustada (normal) | G1: Ajustada (simples) | H1: Preço | I1: ST Normal | J1: ST Simples
A2: AC | B2: 0.07 | C2: =VLOOKUP(A2,[1]DIFAL!$C$13:$H$39,6,) -> 0.19 | H2: =PREÇOS!H3 -> 7.24 | I2: =IF(F2=0,,H2*(1+F2)*C2-(H2*B2)) -> 0 | J2: =IF(G2=0,IF(F2=0,,H2*(1+F2)*C2-(H2*B2)),H2*(1+G2)*C2-(H2*B2)) -> 0
A3: AL | B3: 0.07 | C3: 0.2 | F3: 0.5113 | H3: =PREÇOS!H4 -> 7.24 | I3: =IF(F3=0,,H3*(1+F3)*C3-(H3*B3)) -> 1.6815624 | J3: =IF(G3=0,IF(F3=0,,H3*(1+F3)*C3-(H3*B3)),H3*(1+G3)*C3-(H3*B3)) -> 1.6815624
A4: AM | B4: 0.07 | C4: =VLOOKUP(A4,[1]DIFAL!$C$13:$H$39,6,) -> 0.2 | H4: =PREÇOS!H5 -> 7.24 | I4: =IF(F4=0,,H4*(1+F4)*C4-(H4*B4)) -> 0 | J4: =IF(G4=0,IF(F4=0,,H4*(1+F4)*C4-(H4*B4)),H4*(1+G4)*C4-(H4*B4)) -> 0
A5: AP | B5: 0.07 | C5: =VLOOKUP(A5,[1]DIFAL!$C$13:$H$39,5,) -> 0.18 | F5: 0.5198 | H5: =PREÇOS!H6 -> 7.24 | I5: =IF(F5=0,,H5*(1+F5)*C5-(H5*B5)) -> 1.4738034 | J5: =IF(G5=0,IF(F5=0,,H5*(1+F5)*C5-(H5*B5)),H5*(1+G5)*C5-(H5*B5)) -> 1.4738034
A6: BA | B6: 0.07 | C6: =VLOOKUP(A6,[1]DIFAL!$C$13:$H$39,6,) -> 0.19 | H6: =PREÇOS!H7 -> 7.24 | I6: =IF(F6=0,,H6*(1+F6)*C6-(H6*B6)) -> 0 | J6: =IF(G6=0,IF(F6=0,,H6*(1+F6)*C6-(H6*B6)),H6*(1+G6)*C6-(H6*B6)) -> 0
A7: CE | B7: 0.07 | C7: =VLOOKUP(A7,[1]DIFAL!$C$13:$H$39,6,) -> 0.2 | H7: =PREÇOS!H8 -> 7.24 | I7: =IF(F7=0,,H7*(1+F7)*C7-(H7*B7)) -> 0 | J7: =IF(G7=0,IF(F7=0,,H7*(1+F7)*C7-(H7*B7)),H7*(1+G7)*C7-(H7*B7)) -> 0
A8: DF | B8: 0.07 | C8: =VLOOKUP(A8,[1]DIFAL!$C$13:$H$39,5,) -> 0.18 | H8: =PREÇOS!H9 -> 7.24 | I8: =IF(F8=0,,H8*(1+F8)*C8-(H8*B8)) -> 0 | J8: =IF(G8=0,IF(F8=0,,H8*(1+F8)*C8-(H8*B8)),H8*(1+G8)*C8-(H8*B8)) -> 0
A9: ES | B9: 0.07 | C9: =VLOOKUP(A9,[1]DIFAL!$C$13:$H$39,5,) -> 0.17 | H9: =PREÇOS!H10 -> 7.24 | I9: =IF(F9=0,,H9*(1+F9)*C9-(H9*B9)) -> 0 | J9: =IF(G9=0,IF(F9=0,,H9*(1+F9)*C9-(H9*B9)),H9*(1+G9)*C9-(H9*B9)) -> 0
A10: GO | B10: 0.07 | C10: =VLOOKUP(A10,[1]DIFAL!$C$13:$H$39,5,) -> 0.17 | H10: =PREÇOS!H11 -> 7.24 | I10: =IF(F10=0,,H10*(1+F10)*C10-(H10*B10)) -> 0 | J10: =IF(G10=0,IF(F10=0,,H10*(1+F10)*C10-(H10*B10)),H10*(1+G10)*C10-(H10*B10)) -> 0
A11: MA | B11: 0.07 | C11: =VLOOKUP(A11,[1]DIFAL!$C$13:$H$39,6,) -> 0.2 | H11: =PREÇOS!H12 -> 7.24 | I11: =IF(F11=0,,H11*(1+F11)*C11-(H11*B11)) -> 0 | J11: =IF(G11=0,IF(F11=0,,H11*(1+F11)*C11-(H11*B11)),H11*(1+G11)*C11-(H11*B11)) -> 0
A12: MG | B12: 0.12 | C12: 0.12 | F12: 0.25 | H12: =PREÇOS!H13 -> 7.73 | I12: =IF(F12=0,,H12*(1+F12)*C12-(H12*B12)) -> 0.2319 | J12: =IF(G12=0,IF(F12=0,,H12*(1+F12)*C12-(H12*B12)),H12*(1+G12)*C12-(H12*B12)) -> 0.2319
A13: MS | B13: 0.07 | C13: =VLOOKUP(A13,[1]DIFAL!$C$13:$H$39,5,) -> 0.17 | H13: =PREÇOS!H14 -> 7.24 | I13: =IF(F13=0,,H13*(1+F13)*C13-(H13*B13)) -> 0 | J13: =IF(G13=0,IF(F13=0,,H13*(1+F13)*C13-(H13*B13)),H13*(1+G13)*C13-(H13*B13)) -> 0
A14: MT | B14: 0.07 | C14: =VLOOKUP(A14,[1]DIFAL!$C$13:$H$39,5,) -> 0.17 | F14: 0.3978 | H14: =PREÇOS!H15 -> 7.24 | I14: =IF(F14=0,,H14*(1+F14)*C14-(H14*B14)) -> 1.2136122 | J14: =IF(G14=0,IF(F14=0,,H14*(1+F14)*C14-(H14*B14)),H14*(1+G14)*C14-(H14*B14)) -> 1.2136122
A15: PA | B15: 0.07 | C15: =VLOOKUP(A15,[1]DIFAL!$C$13:$H$39,6,) -> 0.19 | H15: =PREÇOS!H16 -> 7.24 | I15: =IF(F15=0,,H15*(1+F15)*C15-(H15*B15)) -> 0 | J15: =IF(G15=0,IF(F15=0,,H15*(1+F15)*C15-(H15*B15)),H15*(1+G15)*C15-(H15*B15)) -> 0
A16: PB | B16: 0.07 | C16: =VLOOKUP(A16,[1]DIFAL!$C$13:$H$39,5,) -> 0.18 | H16: =PREÇOS!H17 -> 7.24 | I16: =IF(F16=0,,H16*(1+F16)*C16-(H16*B16)) -> 0 | J16: =IF(G16=0,IF(F16=0,,H16*(1+F16)*C16-(H16*B16)),H16*(1+G16)*C16-(H16*B16)) -> 0
A17: PE | B17: 0.07 | C17: =VLOOKUP(A17,[1]DIFAL!$C$13:$H$39,5,) -> 0.18 | H17: =PREÇOS!H18 -> 7.24 | I17: =IF(F17=0,,H17*(1+F17)*C17-(H17*B17)) -> 0 | J17: =IF(G17=0,IF(F17=0,,H17*(1+F17)*C17-(H17*B17)),H17*(1+G17)*C17-(H17*B17)) -> 0
A18: PI | B18: 0.07 | C18: =VLOOKUP(A18,[1]DIFAL!$C$13:$H$39,6,) -> 0.21 | H18: =PREÇOS!H19 -> 7.24 | I18: =IF(F18=0,,H18*(1+F18)*C18-(H18*B18)) -> 0 | J18: =IF(G18=0,IF(F18=0,,H18*(1+F18)*C18-(H18*B18)),H18*(1+G18)*C18-(H18*B18)) -> 0
A19: PR | B19: 0.12 | C19: 0.12 | H19: =PREÇOS!H20 -> 7.73 | I19: =IF(F19=0,,H19*(1+F19)*C19-(H19*B19)) -> 0 | J19: =IF(G19=0,IF(F19=0,,H19*(1+F19)*C19-(H19*B19)),H19*(1+G19)*C19-(H19*B19)) -> 0
A20: RJ | B20: 0.12 | C20: 0.22 | F20: 0.5253 | H20: =PREÇOS!H21 -> 7.73 | I20: =IF(F20=0,,H20*(1+F20)*C20-(H20*B20)) -> 1.6663252 | J20: =IF(G20=0,IF(F20=0,,H20*(1+F20)*C20-(H20*B20)),H20*(1+G20)*C20-(H20*B20)) -> 1.6663252
A21: RN | B21: 0.07 | C21: =VLOOKUP(A21,[1]DIFAL!$C$13:$H$39,6,) -> 0.2 | H21: =PREÇOS!H22 -> 7.24 | I21: =IF(F21=0,,H21*(1+F21)*C21-(H21*B21)) -> 0 | J21: =IF(G21=0,IF(F21=0,,H21*(1+F21)*C21-(H21*B21)),H21*(1+G21)*C21-(H21*B21)) -> 0
A22: RO | B22: 0.07 | C22: =VLOOKUP(A22,[1]DIFAL!$C$13:$H$39,5,) -> 0.175 | H22: =PREÇOS!H23 -> 7.24 | I22: =IF(F22=0,,H22*(1+F22)*C22-(H22*B22)) -> 0 | J22: =IF(G22=0,IF(F22=0,,H22*(1+F22)*C22-(H22*B22)),H22*(1+G22)*C22-(H22*B22)) -> 0
A23: RR | B23: 0.07 | C23: =VLOOKUP(A23,[1]DIFAL!$C$13:$H$39,6,) -> 0.2 | H23: =PREÇOS!H24 -> 7.24 | I23: =IF(F23=0,,H23*(1+F23)*C23-(H23*B23)) -> 0 | J23: =IF(G23=0,IF(F23=0,,H23*(1+F23)*C23-(H23*B23)),H23*(1+G23)*C23-(H23*B23)) -> 0
A24: RS | B24: 0.12 | C24: =VLOOKUP(A24,[1]DIFAL!$C$13:$H$39,5,) -> 0.17 | H24: =PREÇOS!H25 -> 7.73 | I24: =IF(F24=0,,H24*(1+F24)*C24-(H24*B24)) -> 0 | J24: =IF(G24=0,IF(F24=0,,H24*(1+F24)*C24-(H24*B24)),H24*(1+G24)*C24-(H24*B24)) -> 0
A25: SC | B25: 0.12 | C25: =VLOOKUP(A25,[1]DIFAL!$C$13:$H$39,5,) -> 0.17 | H25: =PREÇOS!H26 -> 7.73 | I25: =IF(F25=0,,H25*(1+F25)*C25-(H25*B25)) -> 0 | J25: =IF(G25=0,IF(F25=0,,H25*(1+F25)*C25-(H25*B25)),H25*(1+G25)*C25-(H25*B25)) -> 0
A26: SE | B26: 0.07 | C26: 0.2 | H26: =PREÇOS!H27 -> 7.24 | I26: =IF(F26=0,,H26*(1+F26)*C26-(H26*B26)) -> 0 | J26: =IF(G26=0,IF(F26=0,,H26*(1+F26)*C26-(H26*B26)),H26*(1+G26)*C26-(H26*B26)) -> 0
A27: SP | B27: 0.12 | C27: =VLOOKUP(A27,[1]DIFAL!$C$13:$H$39,5,) -> 0.18 | D27: 0.5917 | F27: 0.5917 | H27: =PREÇOS!H28 -> 7.73 | I27: =IF(F27=0,,H27*(1+F27)*C27-(H27*B27)) -> 1.2870914 | J27: =IF(G27=0,IF(F27=0,,H27*(1+F27)*C27-(H27*B27)),H27*(1+G27)*C27-(H27*B27)) -> 1.2870914
A28: SP/Atacado | B28: =B27 -> 0.12 | C28: =C27 -> 0.18 | D28: 0.4832 | E28: =E27 -> 0 | F28: 0.4832 | G28: =G27 -> 0 | H28: =PREÇOS!H29 -> 7.73 | I28: =IF(F28=0,,H28*(1+F28)*C28-(H28*B28)) -> 1.1361245 | J28: =IF(G28=0,IF(F28=0,,H28*(1+F28)*C28-(H28*B28)),H28*(1+G28)*C28-(H28*B28)) -> 1.1361245
A29: TO | B29: 0.07 | C29: =VLOOKUP(A29,[1]DIFAL!$C$13:$H$39,6,) -> 0.2 | H29: =PREÇOS!H30 -> 7.24 | I29: =IF(F29=0,,H29*(1+F29)*C29-(H29*B29)) -> 0 | J29: =IF(G29=0,IF(F29=0,,H29*(1+F29)*C29-(H29*B29)),H29*(1+G29)*C29-(H29*B29)) -> 0
A30: EX

Sheet ST CEREAL
A1: Estado | B1: Aliquota interestadual | C1: Aliquota interna | D1: MVA (normal) | E1: MVA (simples) | F1: Ajustada (normal) | G1: Ajustada (simples) | H1: Preço | I1: ST Normal | J1: ST Simples
A2: AC | B2: =VLOOKUP(A2,[1]DIFAL!$C$13:$E$39,3,0) -> 0.07 | C2: 0.17 | H2: =PREÇOS!G3 -> 7.42 | I2: =IF(F2=0,,H2*(1+F2)*C2-(H2*B2)) -> 0 | J2: =IF(G2=0,IF(F2=0,,H2*(1+F2)*C2-(H2*B2)),H2*(1+G2)*C2-(H2*B2)) -> 0
A3: AL | B3: =VLOOKUP(A3,[1]DIFAL!$C$13:$E$39,3,0) -> 0.07 | C3: 0.2 | F3: 0.71 | H3: =PREÇOS!G4 -> 7.42 | I3: =IF(F3=0,,H3*(1+F3)*C3-(H3*B3)) -> 2.01824 | J3: =IF(G3=0,IF(F3=0,,H3*(1+F3)*C3-(H3*B3)),H3*(1+G3)*C3-(H3*B3)) -> 2.01824
A4: AM | B4: =VLOOKUP(A4,[1]DIFAL!$C$13:$E$39,3,0) -> 0.07 | C4: 0.2 | F4: 0.5538 | H4: =PREÇOS!G5 -> 7.42 | I4: =IF(F4=0,,H4*(1+F4)*C4-(H4*B4)) -> 1.7864392 | J4: =IF(G4=0,IF(F4=0,,H4*(1+F4)*C4-(H4*B4)),H4*(1+G4)*C4-(H4*B4)) -> 1.7864392
A5: AP | B5: =VLOOKUP(A5,[1]DIFAL!$C$13:$E$39,3,0) -> 0.07 | C5: 0.18 | H5: =PREÇOS!G6 -> 7.42 | I5: =IF(F5=0,,H5*(1+F5)*C5-(H5*B5)) -> 0 | J5: =IF(G5=0,IF(F5=0,,H5*(1+F5)*C5-(H5*B5)),H5*(1+G5)*C5-(H5*B5)) -> 0
A6: BA | B6: =VLOOKUP(A6,[1]DIFAL!$C$13:$E$39,3,0) -> 0.07 | C6: 0.19 | H6: =PREÇOS!G7 -> 7.42 | I6: =IF(F6=0,,H6*(1+F6)*C6-(H6*B6)) -> 0 | J6: =IF(G6=0,IF(F6=0,,H6*(1+F6)*C6-(H6*B6)),H6*(1+G6)*C6-(H6*B6)) -> 0
A7: CE | B7: =VLOOKUP(A7,[1]DIFAL!$C$13:$E$39,3,0) -> 0.07 | C7: 0.2 | H7: =PREÇOS!G8 -> 7.42 | I7: =IF(F7=0,,H7*(1+F7)*C7-(H7*B7)) -> 0 | J7: =IF(G7=0,IF(F7=0,,H7*(1+F7)*C7-(H7*B7)),H7*(1+G7)*C7-(H7*B7)) -> 0
A8: DF | B8: =VLOOKUP(A8,[1]DIFAL!$C$13:$E$39,3,0) -> 0.07 | C8: 0.18 | H8: =PREÇOS!G9 -> 7.42 | I8: =IF(F8=0,,H8*(1+F8)*C8-(H8*B8)) -> 0 | J8: =IF(G8=0,IF(F8=0,,H8*(1+F8)*C8-(H8*B8)),H8*(1+G8)*C8-(H8*B8)) -> 0
A9: ES | B9: =VLOOKUP(A9,[1]DIFAL!$C$13:$E$39,3,0) -> 0.07 | C9: 0.17 | H9: =PREÇOS!G10 -> 7.42 | I9: =IF(F9=0,,H9*(1+F9)*C9-(H9*B9)) -> 0 | J9: =IF(G9=0,IF(F9=0,,H9*(1+F9)*C9-(H9*B9)),H9*(1+G9)*C9-(H9*B9)) -> 0
A10: GO | B10: =VLOOKUP(A10,[1]DIFAL!$C$13:$E$39,3,0) -> 0.07 | C10: 0.17 | H10: =PREÇOS!G11 -> 7.42 | I10: =IF(F10=0,,H10*(1+F10)*C10-(H10*B10)) -> 0 | J10: =IF(G10=0,IF(F10=0,,H10*(1+F10)*C10-(H10*B10)),H10*(1+G10)*C10-(H10*B10)) -> 0
A11: MA | B11: =VLOOKUP(A11,[1]DIFAL!$C$13:$E$39,3,0) -> 0.07 | C11: 0.2 | H11: =PREÇOS!G12 -> 7.42 | I11: =IF(F11=0,,H11*(1+F11)*C11-(H11*B11)) -> 0 | J11: =IF(G11=0,IF(F11=0,,H11*(1+F11)*C11-(H11*B11)),H11*(1+G11)*C11-(H11*B11)) -> 0
A12: MG | B12: =VLOOKUP(A12,[1]DIFAL!$C$13:$E$39,3,0) -> 0.12 | C12: 0.18 | F12: 0.4488 | H12: =PREÇOS!G13 -> 7.89 | I12: =IF(F12=0,,H12*(1+F12)*C12-(H12*B12)) -> 1.1107858 | J12: =IF(G12=0,IF(F12=0,,H12*(1+F12)*C12-(H12*B12)),H12*(1+G12)*C12-(H12*B12)) -> 1.1107858
A13: MS | B13: =VLOOKUP(A13,[1]DIFAL!$C$13:$E$39,3,0) -> 0.07 | C13: 0.17 | H13: =PREÇOS!G14 -> 7.42 | I13: =IF(F13=0,,H13*(1+F13)*C13-(H13*B13)) -> 0 | J13: =IF(G13=0,IF(F13=0,,H13*(1+F13)*C13-(H13*B13)),H13*(1+G13)*C13-(H13*B13)) -> 0
A14: MT | B14: =VLOOKUP(A14,[1]DIFAL!$C$13:$E$39,3,0) -> 0.07 | C14: 0.17 | F14: 0.4552 | H14: =PREÇOS!G15 -> 7.42 | I14: =IF(F14=0,,H14*(1+F14)*C14-(H14*B14)) -> 1.3161893 | J14: =IF(G14=0,IF(F14=0,,H14*(1+F14)*C14-(H14*B14)),H14*(1+G14)*C14-(H14*B14)) -> 1.3161893
A15: PA | B15: =VLOOKUP(A15,[1]DIFAL!$C$13:$E$39,3,0) -> 0.07 | C15: 0.19 | H15: =PREÇOS!G16 -> 7.42 | I15: =IF(F15=0,,H15*(1+F15)*C15-(H15*B15)) -> 0 | J15: =IF(G15=0,IF(F15=0,,H15*(1+F15)*C15-(H15*B15)),H15*(1+G15)*C15-(H15*B15)) -> 0
A16: PB | B16: =VLOOKUP(A16,[1]DIFAL!$C$13:$E$39,3,0) -> 0.07 | C16: 0.18 | H16: =PREÇOS!G17 -> 7.42 | I16: =IF(F16=0,,H16*(1+F16)*C16-(H16*B16)) -> 0 | J16: =IF(G16=0,IF(F16=0,,H16*(1+F16)*C16-(H16*B16)),H16*(1+G16)*C16-(H16*B16)) -> 0
A17: PE | B17: =VLOOKUP(A17,[1]DIFAL!$C$13:$E$39,3,0) -> 0.07 | C17: 0.18 | H17: =PREÇOS!G18 -> 7.42 | I17: =IF(F17=0,,H17*(1+F17)*C17-(H17*B17)) -> 0 | J17: =IF(G17=0,IF(F17=0,,H17*(1+F17)*C17-(H17*B17)),H17*(1+G17)*C17-(H17*B17)) -> 0
A18: PI | B18: =VLOOKUP(A18,[1]DIFAL!$C$13:$E$39,3,0) -> 0.07 | C18: 0.21 | H18: =PREÇOS!G19 -> 7.42 | I18: =IF(F18=0,,H18*(1+F18)*C18-(H18*B18)) -> 0 | J18: =IF(G18=0,IF(F18=0,,H18*(1+F18)*C18-(H18*B18)),H18*(1+G18)*C18-(H18*B18)) -> 0
A19: PR | B19: 0.12 | C19: 0.195 | F19: 0.608 | H19: =PREÇOS!G20 -> 7.89 | I19: =IF(F19=0,,H19*(1+F19)*C19-(H19*B19)) -> 1.5271884 | J19: =IF(G19=0,IF(F19=0,,H19*(1+F19)*C19-(H19*B19)),H19*(1+G19)*C19-(H19*B19)) -> 1.5271884
A20: RJ | B20: =VLOOKUP(A20,[1]DIFAL!$C$13:$E$39,3,0) -> 0.12 | C20: 0.22 | F20: 0.5473 | H20: =PREÇOS!G21 -> 7.89 | I20: =IF(F20=0,,H20*(1+F20)*C20-(H20*B20)) -> 1.7390033 | J20: =IF(G20=0,IF(F20=0,,H20*(1+F20)*C20-(H20*B20)),H20*(1+G20)*C20-(H20*B20)) -> 1.7390033
A21: RN | B21: =VLOOKUP(A21,[1]DIFAL!$C$13:$E$39,3,0) -> 0.07 | C21: 0.2 | H21: =PREÇOS!G22 -> 7.42 | I21: =IF(F21=0,,H21*(1+F21)*C21-(H21*B21)) -> 0 | J21: =IF(G21=0,IF(F21=0,,H21*(1+F21)*C21-(H21*B21)),H21*(1+G21)*C21-(H21*B21)) -> 0
A22: RO | B22: =VLOOKUP(A22,[1]DIFAL!$C$13:$E$39,3,0) -> 0.07 | C22: 0.175 | H22: =PREÇOS!G23 -> 7.42 | I22: =IF(F22=0,,H22*(1+F22)*C22-(H22*B22)) -> 0 | J22: =IF(G22=0,IF(F22=0,,H22*(1+F22)*C22-(H22*B22)),H22*(1+G22)*C22-(H22*B22)) -> 0
A23: RR | B23: =VLOOKUP(A23,[1]DIFAL!$C$13:$E$39,3,0) -> 0.07 | C23: 0.2 | H23: =PREÇOS!G24 -> 7.42 | I23: =IF(F23=0,,H23*(1+F23)*C23-(H23*B23)) -> 0 | J23: =IF(G23=0,IF(F23=0,,H23*(1+F23)*C23-(H23*B23)),H23*(1+G23)*C23-(H23*B23)) -> 0
A24: RS | B24: =VLOOKUP(A24,[1]DIFAL!$C$13:$E$39,3,0) -> 0.12 | C24: 0.17 | H24: =PREÇOS!G25 -> 7.89 | I24: =IF(F24=0,,H24*(1+F24)*C24-(H24*B24)) -> 0 | J24: =IF(G24=0,IF(F24=0,,H24*(1+F24)*C24-(H24*B24)),H24*(1+G24)*C24-(H24*B24)) -> 0
A25: SC | B25: =VLOOKUP(A25,[1]DIFAL!$C$13:$E$39,3,0) -> 0.12 | C25: 0.17 | H25: =PREÇOS!G26 -> 7.89 | I25: =IF(F25=0,,H25*(1+F25)*C25-(H25*B25)) -> 0 | J25: =IF(G25=0,IF(F25=0,,H25*(1+F25)*C25-(H25*B25)),H25*(1+G25)*C25-(H25*B25)) -> 0
A26: SE | B26: =VLOOKUP(A26,[1]DIFAL!$C$13:$E$39,3,0) -> 0.07 | C26: 0.2 | H26: =PREÇOS!G27 -> 7.42 | I26: =IF(F26=0,,H26*(1+F26)*C26-(H26*B26)) -> 0 | J26: =IF(G26=0,IF(F26=0,,H26*(1+F26)*C26-(H26*B26)),H26*(1+G26)*C26-(H26*B26)) -> 0
A27: SP | B27: =VLOOKUP(A27,[1]DIFAL!$C$13:$E$39,3,0) -> 0.12 | C27: 0.18 | F27: 0.463 | H27: =PREÇOS!G28 -> 7.89 | I27: =IF(F27=0,,H27*(1+F27)*C27-(H27*B27)) -> 1.1309526 | J27: =IF(G27=0,IF(F27=0,,H27*(1+F27)*C27-(H27*B27)),H27*(1+G27)*C27-(H27*B27)) -> 1.1309526
A28: SP/Atacado | B28: =B27 -> 0.12 | C28: =C27 -> 0.18 | D28: =D27 -> 0 | E28: =E27 -> 0 | F28: =F27 -> 0.463 | G28: =G27 -> 0 | H28: =PREÇOS!G29 -> 7.89 | I28: =IF(F28=0,,H28*(1+F28)*C28-(H28*B28)) -> 1.1309526 | J28: =IF(G28=0,IF(F28=0,,H28*(1+F28)*C28-(H28*B28)),H28*(1+G28)*C28-(H28*B28)) -> 1.1309526
A29: TO | B29: =VLOOKUP(A29,[1]DIFAL!$C$13:$E$39,3,0) -> 0.07 | C29: 0.2 | H29: =PREÇOS!G30 -> 7.42 | I29: =IF(F29=0,,H29*(1+F29)*C29-(H29*B29)) -> 0 | J29: =IF(G29=0,IF(F29=0,,H29*(1+F29)*C29-(H29*B29)),H29*(1+G29)*C29-(H29*B29)) -> 0
A30: EX | H30: =PREÇOS!G31 -> 6.21 | I30: =IF(F30=0,,H30*(1+F30)*C30-(H30*B30)) -> 0 | J30: =IF(G30=0,IF(F30=0,,H30*(1+F30)*C30-(H30*B30)),H30*(1+G30)*C30-(H30*B30)) -> 0

Sheet ST CEREAL SABOR POUCH 170
A1: Estado | B1: Aliquota interestadual | C1: Aliquota interna | D1: MVA (normal) | E1: MVA (simples) | F1: Ajustada (normal) | G1: Ajustada (simples) | H1: Preço | I1: ST Normal | J1: ST Simples
A2: AC | B2: =VLOOKUP(A2,[1]DIFAL!$C$13:$E$39,3,0) -> 0.07 | C2: 0.17 | H2: =PREÇOS!J3 -> 6 | I2: =IF(F2=0,,H2*(1+F2)*C2-(H2*B2)) -> 0 | J2: =IF(G2=0,IF(F2=0,,H2*(1+F2)*C2-(H2*B2)),H2*(1+G2)*C2-(H2*B2)) -> 0
A3: AL | B3: =VLOOKUP(A3,[1]DIFAL!$C$13:$E$39,3,0) -> 0.07 | C3: 0.2 | F3: 0.71 | H3: =PREÇOS!J4 -> 6 | I3: =IF(F3=0,,H3*(1+F3)*C3-(H3*B3)) -> 1.632 | J3: =IF(G3=0,IF(F3=0,,H3*(1+F3)*C3-(H3*B3)),H3*(1+G3)*C3-(H3*B3)) -> 1.632
A4: AM | B4: =VLOOKUP(A4,[1]DIFAL!$C$13:$E$39,3,0) -> 0.07 | C4: 0.2 | F4: 0.5538 | H4: =PREÇOS!J5 -> 6 | I4: =IF(F4=0,,H4*(1+F4)*C4-(H4*B4)) -> 1.44456 | J4: =IF(G4=0,IF(F4=0,,H4*(1+F4)*C4-(H4*B4)),H4*(1+G4)*C4-(H4*B4)) -> 1.44456
A5: AP | B5: =VLOOKUP(A5,[1]DIFAL!$C$13:$E$39,3,0) -> 0.07 | C5: 0.18 | H5: =PREÇOS!J6 -> 6 | I5: =IF(F5=0,,H5*(1+F5)*C5-(H5*B5)) -> 0 | J5: =IF(G5=0,IF(F5=0,,H5*(1+F5)*C5-(H5*B5)),H5*(1+G5)*C5-(H5*B5)) -> 0
A6: BA | B6: =VLOOKUP(A6,[1]DIFAL!$C$13:$E$39,3,0) -> 0.07 | C6: 0.19 | H6: =PREÇOS!J7 -> 6 | I6: =IF(F6=0,,H6*(1+F6)*C6-(H6*B6)) -> 0 | J6: =IF(G6=0,IF(F6=0,,H6*(1+F6)*C6-(H6*B6)),H6*(1+G6)*C6-(H6*B6)) -> 0
A7: CE | B7: =VLOOKUP(A7,[1]DIFAL!$C$13:$E$39,3,0) -> 0.07 | C7: 0.2 | H7: =PREÇOS!J8 -> 6 | I7: =IF(F7=0,,H7*(1+F7)*C7-(H7*B7)) -> 0 | J7: =IF(G7=0,IF(F7=0,,H7*(1+F7)*C7-(H7*B7)),H7*(1+G7)*C7-(H7*B7)) -> 0
A8: DF | B8: =VLOOKUP(A8,[1]DIFAL!$C$13:$E$39,3,0) -> 0.07 | C8: 0.18 | H8: =PREÇOS!J9 -> 6 | I8: =IF(F8=0,,H8*(1+F8)*C8-(H8*B8)) -> 0 | J8: =IF(G8=0,IF(F8=0,,H8*(1+F8)*C8-(H8*B8)),H8*(1+G8)*C8-(H8*B8)) -> 0
A9: ES | B9: =VLOOKUP(A9,[1]DIFAL!$C$13:$E$39,3,0) -> 0.07 | C9: 0.17 | H9: =PREÇOS!J10 -> 5.47 | I9: =IF(F9=0,,H9*(1+F9)*C9-(H9*B9)) -> 0 | J9: =IF(G9=0,IF(F9=0,,H9*(1+F9)*C9-(H9*B9)),H9*(1+G9)*C9-(H9*B9)) -> 0
A10: GO | B10: =VLOOKUP(A10,[1]DIFAL!$C$13:$E$39,3,0) -> 0.07 | C10: 0.17 | H10: =PREÇOS!J11 -> 6 | I10: =IF(F10=0,,H10*(1+F10)*C10-(H10*B10)) -> 0 | J10: =IF(G10=0,IF(F10=0,,H10*(1+F10)*C10-(H10*B10)),H10*(1+G10)*C10-(H10*B10)) -> 0
A11: MA | B11: =VLOOKUP(A11,[1]DIFAL!$C$13:$E$39,3,0) -> 0.07 | C11: 0.2 | H11: =PREÇOS!J12 -> 6 | I11: =IF(F11=0,,H11*(1+F11)*C11-(H11*B11)) -> 0 | J11: =IF(G11=0,IF(F11=0,,H11*(1+F11)*C11-(H11*B11)),H11*(1+G11)*C11-(H11*B11)) -> 0
A12: MG | B12: =VLOOKUP(A12,[1]DIFAL!$C$13:$E$39,3,0) -> 0.12 | C12: 0.18 | F12: 0.4488 | H12: =PREÇOS!J13 -> 5.78 | I12: =IF(F12=0,,H12*(1+F12)*C12-(H12*B12)) -> 0.81373152 | J12: =IF(G12=0,IF(F12=0,,H12*(1+F12)*C12-(H12*B12)),H12*(1+G12)*C12-(H12*B12)) -> 0.81373152
A13: MS | B13: =VLOOKUP(A13,[1]DIFAL!$C$13:$E$39,3,0) -> 0.07 | C13: 0.17 | H13: =PREÇOS!J14 -> 6 | I13: =IF(F13=0,,H13*(1+F13)*C13-(H13*B13)) -> 0 | J13: =IF(G13=0,IF(F13=0,,H13*(1+F13)*C13-(H13*B13)),H13*(1+G13)*C13-(H13*B13)) -> 0
A14: MT | B14: =VLOOKUP(A14,[1]DIFAL!$C$13:$E$39,3,0) -> 0.07 | C14: 0.17 | F14: 0.4552 | H14: =PREÇOS!J15 -> 6 | I14: =IF(F14=0,,H14*(1+F14)*C14-(H14*B14)) -> 1.064304 | J14: =IF(G14=0,IF(F14=0,,H14*(1+F14)*C14-(H14*B14)),H14*(1+G14)*C14-(H14*B14)) -> 1.064304
A15: PA | B15: =VLOOKUP(A15,[1]DIFAL!$C$13:$E$39,3,0) -> 0.07 | C15: 0.19 | H15: =PREÇOS!J16 -> 6 | I15: =IF(F15=0,,H15*(1+F15)*C15-(H15*B15)) -> 0 | J15: =IF(G15=0,IF(F15=0,,H15*(1+F15)*C15-(H15*B15)),H15*(1+G15)*C15-(H15*B15)) -> 0
A16: PB | B16: =VLOOKUP(A16,[1]DIFAL!$C$13:$E$39,3,0) -> 0.07 | C16: 0.18 | H16: =PREÇOS!J17 -> 6 | I16: =IF(F16=0,,H16*(1+F16)*C16-(H16*B16)) -> 0 | J16: =IF(G16=0,IF(F16=0,,H16*(1+F16)*C16-(H16*B16)),H16*(1+G16)*C16-(H16*B16)) -> 0
A17: PE | B17: =VLOOKUP(A17,[1]DIFAL!$C$13:$E$39,3,0) -> 0.07 | C17: 0.18 | H17: =PREÇOS!J18 -> 6 | I17: =IF(F17=0,,H17*(1+F17)*C17-(H17*B17)) -> 0 | J17: =IF(G17=0,IF(F17=0,,H17*(1+F17)*C17-(H17*B17)),H17*(1+G17)*C17-(H17*B17)) -> 0
A18: PI | B18: =VLOOKUP(A18,[1]DIFAL!$C$13:$E$39,3,0) -> 0.07 | C18: 0.21 | H18: =PREÇOS!J19 -> 6 | I18: =IF(F18=0,,H18*(1+F18)*C18-(H18*B18)) -> 0 | J18: =IF(G18=0,IF(F18=0,,H18*(1+F18)*C18-(H18*B18)),H18*(1+G18)*C18-(H18*B18)) -> 0
A19: PR | B19: 0.12 | C19: 0.195 | F19: 0.608 | H19: =PREÇOS!J20 -> 5.78 | I19: =IF(F19=0,,H19*(1+F19)*C19-(H19*B19)) -> 1.1187768 | J19: =IF(G19=0,IF(F19=0,,H19*(1+F19)*C19-(H19*B19)),H19*(1+G19)*C19-(H19*B19)) -> 1.1187768
A20: RJ | B20: =VLOOKUP(A20,[1]DIFAL!$C$13:$E$39,3,0) -> 0.12 | C20: 0.22 | F20: 0.5473 | H20: =PREÇOS!J21 -> 5.78 | I20: =IF(F20=0,,H20*(1+F20)*C20-(H20*B20)) -> 1.2739467 | J20: =IF(G20=0,IF(F20=0,,H20*(1+F20)*C20-(H20*B20)),H20*(1+G20)*C20-(H20*B20)) -> 1.2739467
A21: RN | B21: =VLOOKUP(A21,[1]DIFAL!$C$13:$E$39,3,0) -> 0.07 | C21: 0.2 | H21: =PREÇOS!J22 -> 6 | I21: =IF(F21=0,,H21*(1+F21)*C21-(H21*B21)) -> 0 | J21: =IF(G21=0,IF(F21=0,,H21*(1+F21)*C21-(H21*B21)),H21*(1+G21)*C21-(H21*B21)) -> 0
A22: RO | B22: =VLOOKUP(A22,[1]DIFAL!$C$13:$E$39,3,0) -> 0.07 | C22: 0.175 | H22: =PREÇOS!J23 -> 6 | I22: =IF(F22=0,,H22*(1+F22)*C22-(H22*B22)) -> 0 | J22: =IF(G22=0,IF(F22=0,,H22*(1+F22)*C22-(H22*B22)),H22*(1+G22)*C22-(H22*B22)) -> 0
A23: RR | B23: =VLOOKUP(A23,[1]DIFAL!$C$13:$E$39,3,0) -> 0.07 | C23: 0.2 | H23: =PREÇOS!J24 -> 6 | I23: =IF(F23=0,,H23*(1+F23)*C23-(H23*B23)) -> 0 | J23: =IF(G23=0,IF(F23=0,,H23*(1+F23)*C23-(H23*B23)),H23*(1+G23)*C23-(H23*B23)) -> 0
A24: RS | B24: =VLOOKUP(A24,[1]DIFAL!$C$13:$E$39,3,0) -> 0.12 | C24: 0.17 | H24: =PREÇOS!J25 -> 5.78 | I24: =IF(F24=0,,H24*(1+F24)*C24-(H24*B24)) -> 0 | J24: =IF(G24=0,IF(F24=0,,H24*(1+F24)*C24-(H24*B24)),H24*(1+G24)*C24-(H24*B24)) -> 0
A25: SC | B25: =VLOOKUP(A25,[1]DIFAL!$C$13:$E$39,3,0) -> 0.12 | C25: 0.17 | H25: =PREÇOS!J26 -> 5.78 | I25: =IF(F25=0,,H25*(1+F25)*C25-(H25*B25)) -> 0 | J25: =IF(G25=0,IF(F25=0,,H25*(1+F25)*C25-(H25*B25)),H25*(1+G25)*C25-(H25*B25)) -> 0
A26: SE | B26: =VLOOKUP(A26,[1]DIFAL!$C$13:$E$39,3,0) -> 0.07 | C26: 0.2 | H26: =PREÇOS!J27 -> 6 | I26: =IF(F26=0,,H26*(1+F26)*C26-(H26*B26)) -> 0 | J26: =IF(G26=0,IF(F26=0,,H26*(1+F26)*C26-(H26*B26)),H26*(1+G26)*C26-(H26*B26)) -> 0
A27: SP | B27: =VLOOKUP(A27,[1]DIFAL!$C$13:$E$39,3,0) -> 0.12 | C27: 0.18 | F27: 0.463 | H27: =PREÇOS!J28 -> 5.78 | I27: =IF(F27=0,,H27*(1+F27)*C27-(H27*B27)) -> 0.8285052 | J27: =IF(G27=0,IF(F27=0,,H27*(1+F27)*C27-(H27*B27)),H27*(1+G27)*C27-(H27*B27)) -> 0.8285052
A28: SP/Atacado | B28: =B27 -> 0.12 | C28: =C27 -> 0.18 | D28: =D27 -> 0 | E28: =E27 -> 0 | F28: =F27 -> 0.463 | G28: =G27 -> 0 | H28: =PREÇOS!J29 -> 5.78 | I28: =IF(F28=0,,H28*(1+F28)*C28-(H28*B28)) -> 0.8285052 | J28: =IF(G28=0,IF(F28=0,,H28*(1+F28)*C28-(H28*B28)),H28*(1+G28)*C28-(H28*B28)) -> 0.8285052
A29: TO | B29: =VLOOKUP(A29,[1]DIFAL!$C$13:$E$39,3,0) -> 0.07 | C29: 0.2 | H29: =PREÇOS!J30 -> 6 | I29: =IF(F29=0,,H29*(1+F29)*C29-(H29*B29)) -> 0 | J29: =IF(G29=0,IF(F29=0,,H29*(1+F29)*C29-(H29*B29)),H29*(1+G29)*C29-(H29*B29)) -> 0
A30: EX | H30: =PREÇOS!J31 -> 5.2 | I30: =IF(F30=0,,H30*(1+F30)*C30-(H30*B30)) -> 0 | J30: =IF(G30=0,IF(F30=0,,H30*(1+F30)*C30-(H30*B30)),H30*(1+G30)*C30-(H30*B30)) -> 0

Sheet ST MULTI 170 POUCH
A1: Estado | B1: Aliquota interestadual | C1: Aliquota interna | D1: MVA (normal) | E1: MVA (simples) | F1: Ajustada (normal) | G1: Ajustada (simples) | H1: Preço | I1: ST Normal | J1: ST Simples
A2: AC | B2: =VLOOKUP(A2,[1]DIFAL!$C$13:$E$39,3,0) -> 0.07 | C2: 0.17 | H2: =PREÇOS!K3 -> 4.94 | I2: =IF(F2=0,,H2*(1+F2)*C2-(H2*B2)) -> 0 | J2: =IF(G2=0,IF(F2=0,,H2*(1+F2)*C2-(H2*B2)),H2*(1+G2)*C2-(H2*B2)) -> 0
A3: AL | B3: =VLOOKUP(A3,[1]DIFAL!$C$13:$E$39,3,0) -> 0.07 | C3: 0.2 | F3: 0.71 | H3: =PREÇOS!K4 -> 4.94 | I3: =IF(F3=0,,H3*(1+F3)*C3-(H3*B3)) -> 1.34368 | J3: =IF(G3=0,IF(F3=0,,H3*(1+F3)*C3-(H3*B3)),H3*(1+G3)*C3-(H3*B3)) -> 1.34368
A4: AM | B4: =VLOOKUP(A4,[1]DIFAL!$C$13:$E$39,3,0) -> 0.07 | C4: 0.2 | F4: 0.5538 | H4: =PREÇOS!K5 -> 4.94 | I4: =IF(F4=0,,H4*(1+F4)*C4-(H4*B4)) -> 1.1893544 | J4: =IF(G4=0,IF(F4=0,,H4*(1+F4)*C4-(H4*B4)),H4*(1+G4)*C4-(H4*B4)) -> 1.1893544
A5: AP | B5: =VLOOKUP(A5,[1]DIFAL!$C$13:$E$39,3,0) -> 0.07 | C5: 0.18 | H5: =PREÇOS!K6 -> 4.94 | I5: =IF(F5=0,,H5*(1+F5)*C5-(H5*B5)) -> 0 | J5: =IF(G5=0,IF(F5=0,,H5*(1+F5)*C5-(H5*B5)),H5*(1+G5)*C5-(H5*B5)) -> 0
A6: BA | B6: =VLOOKUP(A6,[1]DIFAL!$C$13:$E$39,3,0) -> 0.07 | C6: 0.19 | H6: =PREÇOS!K7 -> 4.94 | I6: =IF(F6=0,,H6*(1+F6)*C6-(H6*B6)) -> 0 | J6: =IF(G6=0,IF(F6=0,,H6*(1+F6)*C6-(H6*B6)),H6*(1+G6)*C6-(H6*B6)) -> 0
A7: CE | B7: =VLOOKUP(A7,[1]DIFAL!$C$13:$E$39,3,0) -> 0.07 | C7: 0.2 | H7: =PREÇOS!K8 -> 4.94 | I7: =IF(F7=0,,H7*(1+F7)*C7-(H7*B7)) -> 0 | J7: =IF(G7=0,IF(F7=0,,H7*(1+F7)*C7-(H7*B7)),H7*(1+G7)*C7-(H7*B7)) -> 0
A8: DF | B8: =VLOOKUP(A8,[1]DIFAL!$C$13:$E$39,3,0) -> 0.07 | C8: 0.18 | H8: =PREÇOS!K9 -> 4.94 | I8: =IF(F8=0,,H8*(1+F8)*C8-(H8*B8)) -> 0 | J8: =IF(G8=0,IF(F8=0,,H8*(1+F8)*C8-(H8*B8)),H8*(1+G8)*C8-(H8*B8)) -> 0
A9: ES | B9: =VLOOKUP(A9,[1]DIFAL!$C$13:$E$39,3,0) -> 0.07 | C9: 0.17 | H9: =PREÇOS!K10 -> 5.47 | I9: =IF(F9=0,,H9*(1+F9)*C9-(H9*B9)) -> 0 | J9: =IF(G9=0,IF(F9=0,,H9*(1+F9)*C9-(H9*B9)),H9*(1+G9)*C9-(H9*B9)) -> 0
A10: GO | B10: =VLOOKUP(A10,[1]DIFAL!$C$13:$E$39,3,0) -> 0.07 | C10: 0.17 | H10: =PREÇOS!K11 -> 4.94 | I10: =IF(F10=0,,H10*(1+F10)*C10-(H10*B10)) -> 0 | J10: =IF(G10=0,IF(F10=0,,H10*(1+F10)*C10-(H10*B10)),H10*(1+G10)*C10-(H10*B10)) -> 0
A11: MA | B11: =VLOOKUP(A11,[1]DIFAL!$C$13:$E$39,3,0) -> 0.07 | C11: 0.2 | H11: =PREÇOS!K12 -> 4.94 | I11: =IF(F11=0,,H11*(1+F11)*C11-(H11*B11)) -> 0 | J11: =IF(G11=0,IF(F11=0,,H11*(1+F11)*C11-(H11*B11)),H11*(1+G11)*C11-(H11*B11)) -> 0
A12: MG | B12: =VLOOKUP(A12,[1]DIFAL!$C$13:$E$39,3,0) -> 0.12 | C12: 0.18 | F12: 0.4488 | H12: =PREÇOS!K13 -> 5.78 | I12: =IF(F12=0,,H12*(1+F12)*C12-(H12*B12)) -> 0.81373152 | J12: =IF(G12=0,IF(F12=0,,H12*(1+F12)*C12-(H12*B12)),H12*(1+G12)*C12-(H12*B12)) -> 0.81373152
A13: MS | B13: =VLOOKUP(A13,[1]DIFAL!$C$13:$E$39,3,0) -> 0.07 | C13: 0.17 | H13: =PREÇOS!K14 -> 4.94 | I13: =IF(F13=0,,H13*(1+F13)*C13-(H13*B13)) -> 0 | J13: =IF(G13=0,IF(F13=0,,H13*(1+F13)*C13-(H13*B13)),H13*(1+G13)*C13-(H13*B13)) -> 0
A14: MT | B14: =VLOOKUP(A14,[1]DIFAL!$C$13:$E$39,3,0) -> 0.07 | C14: 0.17 | F14: 0.4552 | H14: =PREÇOS!K15 -> 4.94 | I14: =IF(F14=0,,H14*(1+F14)*C14-(H14*B14)) -> 0.87627696 | J14: =IF(G14=0,IF(F14=0,,H14*(1+F14)*C14-(H14*B14)),H14*(1+G14)*C14-(H14*B14)) -> 0.87627696
A15: PA | B15: =VLOOKUP(A15,[1]DIFAL!$C$13:$E$39,3,0) -> 0.07 | C15: 0.19 | H15: =PREÇOS!K16 -> 4.94 | I15: =IF(F15=0,,H15*(1+F15)*C15-(H15*B15)) -> 0 | J15: =IF(G15=0,IF(F15=0,,H15*(1+F15)*C15-(H15*B15)),H15*(1+G15)*C15-(H15*B15)) -> 0
A16: PB | B16: =VLOOKUP(A16,[1]DIFAL!$C$13:$E$39,3,0) -> 0.07 | C16: 0.18 | H16: =PREÇOS!K17 -> 4.94 | I16: =IF(F16=0,,H16*(1+F16)*C16-(H16*B16)) -> 0 | J16: =IF(G16=0,IF(F16=0,,H16*(1+F16)*C16-(H16*B16)),H16*(1+G16)*C16-(H16*B16)) -> 0
A17: PE | B17: =VLOOKUP(A17,[1]DIFAL!$C$13:$E$39,3,0) -> 0.07 | C17: 0.18 | H17: =PREÇOS!K18 -> 4.94 | I17: =IF(F17=0,,H17*(1+F17)*C17-(H17*B17)) -> 0 | J17: =IF(G17=0,IF(F17=0,,H17*(1+F17)*C17-(H17*B17)),H17*(1+G17)*C17-(H17*B17)) -> 0
A18: PI | B18: =VLOOKUP(A18,[1]DIFAL!$C$13:$E$39,3,0) -> 0.07 | C18: 0.21 | H18: =PREÇOS!K19 -> 4.94 | I18: =IF(F18=0,,H18*(1+F18)*C18-(H18*B18)) -> 0 | J18: =IF(G18=0,IF(F18=0,,H18*(1+F18)*C18-(H18*B18)),H18*(1+G18)*C18-(H18*B18)) -> 0
A19: PR | B19: 0.12 | C19: 0.195 | F19: 0.608 | H19: =PREÇOS!K20 -> 5.78 | I19: =IF(F19=0,,H19*(1+F19)*C19-(H19*B19)) -> 1.1187768 | J19: =IF(G19=0,IF(F19=0,,H19*(1+F19)*C19-(H19*B19)),H19*(1+G19)*C19-(H19*B19)) -> 1.1187768
A20: RJ | B20: =VLOOKUP(A20,[1]DIFAL!$C$13:$E$39,3,0) -> 0.12 | C20: 0.22 | F20: 0.5473 | H20: =PREÇOS!K21 -> 5.78 | I20: =IF(F20=0,,H20*(1+F20)*C20-(H20*B20)) -> 1.2739467 | J20: =IF(G20=0,IF(F20=0,,H20*(1+F20)*C20-(H20*B20)),H20*(1+G20)*C20-(H20*B20)) -> 1.2739467
A21: RN | B21: =VLOOKUP(A21,[1]DIFAL!$C$13:$E$39,3,0) -> 0.07 | C21: 0.2 | H21: =PREÇOS!K22 -> 4.94 | I21: =IF(F21=0,,H21*(1+F21)*C21-(H21*B21)) -> 0 | J21: =IF(G21=0,IF(F21=0,,H21*(1+F21)*C21-(H21*B21)),H21*(1+G21)*C21-(H21*B21)) -> 0
A22: RO | B22: =VLOOKUP(A22,[1]DIFAL!$C$13:$E$39,3,0) -> 0.07 | C22: 0.175 | H22: =PREÇOS!K23 -> 4.94 | I22: =IF(F22=0,,H22*(1+F22)*C22-(H22*B22)) -> 0 | J22: =IF(G22=0,IF(F22=0,,H22*(1+F22)*C22-(H22*B22)),H22*(1+G22)*C22-(H22*B22)) -> 0
A23: RR | B23: =VLOOKUP(A23,[1]DIFAL!$C$13:$E$39,3,0) -> 0.07 | C23: 0.2 | H23: =PREÇOS!K24 -> 4.94 | I23: =IF(F23=0,,H23*(1+F23)*C23-(H23*B23)) -> 0 | J23: =IF(G23=0,IF(F23=0,,H23*(1+F23)*C23-(H23*B23)),H23*(1+G23)*C23-(H23*B23)) -> 0
A24: RS | B24: =VLOOKUP(A24,[1]DIFAL!$C$13:$E$39,3,0) -> 0.12 | C24: 0.17 | H24: =PREÇOS!K25 -> 5.78 | I24: =IF(F24=0,,H24*(1+F24)*C24-(H24*B24)) -> 0 | J24: =IF(G24=0,IF(F24=0,,H24*(1+F24)*C24-(H24*B24)),H24*(1+G24)*C24-(H24*B24)) -> 0
A25: SC | B25: =VLOOKUP(A25,[1]DIFAL!$C$13:$E$39,3,0) -> 0.12 | C25: 0.17 | H25: =PREÇOS!K26 -> 5.78 | I25: =IF(F25=0,,H25*(1+F25)*C25-(H25*B25)) -> 0 | J25: =IF(G25=0,IF(F25=0,,H25*(1+F25)*C25-(H25*B25)),H25*(1+G25)*C25-(H25*B25)) -> 0
A26: SE | B26: =VLOOKUP(A26,[1]DIFAL!$C$13:$E$39,3,0) -> 0.07 | C26: 0.2 | H26: =PREÇOS!K27 -> 4.94 | I26: =IF(F26=0,,H26*(1+F26)*C26-(H26*B26)) -> 0 | J26: =IF(G26=0,IF(F26=0,,H26*(1+F26)*C26-(H26*B26)),H26*(1+G26)*C26-(H26*B26)) -> 0
A27: SP | B27: =VLOOKUP(A27,[1]DIFAL!$C$13:$E$39,3,0) -> 0.12 | C27: 0.18 | F27: 0.463 | H27: =PREÇOS!K28 -> 5.78 | I27: =IF(F27=0,,H27*(1+F27)*C27-(H27*B27)) -> 0.8285052 | J27: =IF(G27=0,IF(F27=0,,H27*(1+F27)*C27-(H27*B27)),H27*(1+G27)*C27-(H27*B27)) -> 0.8285052
A28: SP/Atacado | B28: =B27 -> 0.12 | C28: =C27 -> 0.18 | D28: =D27 -> 0 | E28: =E27 -> 0 | F28: =F27 -> 0.463 | G28: =G27 -> 0 | H28: =PREÇOS!K29 -> 5.78 | I28: =IF(F28=0,,H28*(1+F28)*C28-(H28*B28)) -> 0.8285052 | J28: =IF(G28=0,IF(F28=0,,H28*(1+F28)*C28-(H28*B28)),H28*(1+G28)*C28-(H28*B28)) -> 0.8285052
A29: TO | B29: =VLOOKUP(A29,[1]DIFAL!$C$13:$E$39,3,0) -> 0.07 | C29: 0.2 | H29: =PREÇOS!K30 -> 4.94 | I29: =IF(F29=0,,H29*(1+F29)*C29-(H29*B29)) -> 0 | J29: =IF(G29=0,IF(F29=0,,H29*(1+F29)*C29-(H29*B29)),H29*(1+G29)*C29-(H29*B29)) -> 0
A30: EX | H30: =PREÇOS!K31 -> 4.29 | I30: =IF(F30=0,,H30*(1+F30)*C30-(H30*B30)) -> 0 | J30: =IF(G30=0,IF(F30=0,,H30*(1+F30)*C30-(H30*B30)),H30*(1+G30)*C30-(H30*B30)) -> 0

Sheet ST MULTI 500 POUCH
A1: Estado | B1: Aliquota interestadual | C1: Aliquota interna | D1: MVA (normal) | E1: MVA (simples) | F1: Ajustada (normal) | G1: Ajustada (simples) | H1: Preço | I1: ST Normal | J1: ST Simples
A2: AC | B2: =VLOOKUP(A2,[1]DIFAL!$C$13:$E$39,3,0) -> 0.07 | C2: 0.17 | H2: =PREÇOS!L3 -> 12.63 | I2: =IF(F2=0,,H2*(1+F2)*C2-(H2*B2)) -> 0 | J2: =IF(G2=0,IF(F2=0,,H2*(1+F2)*C2-(H2*B2)),H2*(1+G2)*C2-(H2*B2)) -> 0
A3: AL | B3: =VLOOKUP(A3,[1]DIFAL!$C$13:$E$39,3,0) -> 0.07 | C3: 0.2 | F3: 0.71 | H3: =PREÇOS!L4 -> 12.63 | I3: =IF(F3=0,,H3*(1+F3)*C3-(H3*B3)) -> 3.43536 | J3: =IF(G3=0,IF(F3=0,,H3*(1+F3)*C3-(H3*B3)),H3*(1+G3)*C3-(H3*B3)) -> 3.43536
A4: AM | B4: =VLOOKUP(A4,[1]DIFAL!$C$13:$E$39,3,0) -> 0.07 | C4: 0.2 | F4: 0.5538 | H4: =PREÇOS!L5 -> 12.63 | I4: =IF(F4=0,,H4*(1+F4)*C4-(H4*B4)) -> 3.0407988 | J4: =IF(G4=0,IF(F4=0,,H4*(1+F4)*C4-(H4*B4)),H4*(1+G4)*C4-(H4*B4)) -> 3.0407988
A5: AP | B5: =VLOOKUP(A5,[1]DIFAL!$C$13:$E$39,3,0) -> 0.07 | C5: 0.18 | H5: =PREÇOS!L6 -> 12.63 | I5: =IF(F5=0,,H5*(1+F5)*C5-(H5*B5)) -> 0 | J5: =IF(G5=0,IF(F5=0,,H5*(1+F5)*C5-(H5*B5)),H5*(1+G5)*C5-(H5*B5)) -> 0
A6: BA | B6: =VLOOKUP(A6,[1]DIFAL!$C$13:$E$39,3,0) -> 0.07 | C6: 0.19 | H6: =PREÇOS!L7 -> 12.63 | I6: =IF(F6=0,,H6*(1+F6)*C6-(H6*B6)) -> 0 | J6: =IF(G6=0,IF(F6=0,,H6*(1+F6)*C6-(H6*B6)),H6*(1+G6)*C6-(H6*B6)) -> 0
A7: CE | B7: =VLOOKUP(A7,[1]DIFAL!$C$13:$E$39,3,0) -> 0.07 | C7: 0.2 | H7: =PREÇOS!L8 -> 12.63 | I7: =IF(F7=0,,H7*(1+F7)*C7-(H7*B7)) -> 0 | J7: =IF(G7=0,IF(F7=0,,H7*(1+F7)*C7-(H7*B7)),H7*(1+G7)*C7-(H7*B7)) -> 0
A8: DF | B8: =VLOOKUP(A8,[1]DIFAL!$C$13:$E$39,3,0) -> 0.07 | C8: 0.18 | H8: =PREÇOS!L9 -> 12.63 | I8: =IF(F8=0,,H8*(1+F8)*C8-(H8*B8)) -> 0 | J8: =IF(G8=0,IF(F8=0,,H8*(1+F8)*C8-(H8*B8)),H8*(1+G8)*C8-(H8*B8)) -> 0
A9: ES | B9: =VLOOKUP(A9,[1]DIFAL!$C$13:$E$39,3,0) -> 0.07 | C9: 0.17 | H9: =PREÇOS!L10 -> 13.45 | I9: =IF(F9=0,,H9*(1+F9)*C9-(H9*B9)) -> 0 | J9: =IF(G9=0,IF(F9=0,,H9*(1+F9)*C9-(H9*B9)),H9*(1+G9)*C9-(H9*B9)) -> 0
A10: GO | B10: =VLOOKUP(A10,[1]DIFAL!$C$13:$E$39,3,0) -> 0.07 | C10: 0.17 | H10: =PREÇOS!L11 -> 12.63 | I10: =IF(F10=0,,H10*(1+F10)*C10-(H10*B10)) -> 0 | J10: =IF(G10=0,IF(F10=0,,H10*(1+F10)*C10-(H10*B10)),H10*(1+G10)*C10-(H10*B10)) -> 0
A11: MA | B11: =VLOOKUP(A11,[1]DIFAL!$C$13:$E$39,3,0) -> 0.07 | C11: 0.2 | H11: =PREÇOS!L12 -> 12.63 | I11: =IF(F11=0,,H11*(1+F11)*C11-(H11*B11)) -> 0 | J11: =IF(G11=0,IF(F11=0,,H11*(1+F11)*C11-(H11*B11)),H11*(1+G11)*C11-(H11*B11)) -> 0
A12: MG | B12: =VLOOKUP(A12,[1]DIFAL!$C$13:$E$39,3,0) -> 0.12 | C12: 0.18 | F12: 0.4488 | H12: =PREÇOS!L13 -> 14.21 | I12: =IF(F12=0,,H12*(1+F12)*C12-(H12*B12)) -> 2.0005406 | J12: =IF(G12=0,IF(F12=0,,H12*(1+F12)*C12-(H12*B12)),H12*(1+G12)*C12-(H12*B12)) -> 2.0005406
A13: MS | B13: =VLOOKUP(A13,[1]DIFAL!$C$13:$E$39,3,0) -> 0.07 | C13: 0.17 | H13: =PREÇOS!L14 -> 12.63 | I13: =IF(F13=0,,H13*(1+F13)*C13-(H13*B13)) -> 0 | J13: =IF(G13=0,IF(F13=0,,H13*(1+F13)*C13-(H13*B13)),H13*(1+G13)*C13-(H13*B13)) -> 0
A14: MT | B14: =VLOOKUP(A14,[1]DIFAL!$C$13:$E$39,3,0) -> 0.07 | C14: 0.17 | F14: 0.4552 | H14: =PREÇOS!L15 -> 12.63 | I14: =IF(F14=0,,H14*(1+F14)*C14-(H14*B14)) -> 2.2403599 | J14: =IF(G14=0,IF(F14=0,,H14*(1+F14)*C14-(H14*B14)),H14*(1+G14)*C14-(H14*B14)) -> 2.2403599
A15: PA | B15: =VLOOKUP(A15,[1]DIFAL!$C$13:$E$39,3,0) -> 0.07 | C15: 0.19 | H15: =PREÇOS!L16 -> 12.63 | I15: =IF(F15=0,,H15*(1+F15)*C15-(H15*B15)) -> 0 | J15: =IF(G15=0,IF(F15=0,,H15*(1+F15)*C15-(H15*B15)),H15*(1+G15)*C15-(H15*B15)) -> 0
A16: PB | B16: =VLOOKUP(A16,[1]DIFAL!$C$13:$E$39,3,0) -> 0.07 | C16: 0.18 | H16: =PREÇOS!L17 -> 12.63 | I16: =IF(F16=0,,H16*(1+F16)*C16-(H16*B16)) -> 0 | J16: =IF(G16=0,IF(F16=0,,H16*(1+F16)*C16-(H16*B16)),H16*(1+G16)*C16-(H16*B16)) -> 0
A17: PE | B17: =VLOOKUP(A17,[1]DIFAL!$C$13:$E$39,3,0) -> 0.07 | C17: 0.18 | H17: =PREÇOS!L18 -> 12.63 | I17: =IF(F17=0,,H17*(1+F17)*C17-(H17*B17)) -> 0 | J17: =IF(G17=0,IF(F17=0,,H17*(1+F17)*C17-(H17*B17)),H17*(1+G17)*C17-(H17*B17)) -> 0
A18: PI | B18: =VLOOKUP(A18,[1]DIFAL!$C$13:$E$39,3,0) -> 0.07 | C18: 0.21 | H18: =PREÇOS!L19 -> 12.63 | I18: =IF(F18=0,,H18*(1+F18)*C18-(H18*B18)) -> 0 | J18: =IF(G18=0,IF(F18=0,,H18*(1+F18)*C18-(H18*B18)),H18*(1+G18)*C18-(H18*B18)) -> 0
A19: PR | B19: 0.12 | C19: 0.195 | F19: 0.608 | H19: =PREÇOS!L20 -> 14.21 | I19: =IF(F19=0,,H19*(1+F19)*C19-(H19*B19)) -> 2.7504876 | J19: =IF(G19=0,IF(F19=0,,H19*(1+F19)*C19-(H19*B19)),H19*(1+G19)*C19-(H19*B19)) -> 2.7504876
A20: RJ | B20: =VLOOKUP(A20,[1]DIFAL!$C$13:$E$39,3,0) -> 0.12 | C20: 0.22 | F20: 0.5473 | H20: =PREÇOS!L21 -> 14.21 | I20: =IF(F20=0,,H20*(1+F20)*C20-(H20*B20)) -> 3.1319693 | J20: =IF(G20=0,IF(F20=0,,H20*(1+F20)*C20-(H20*B20)),H20*(1+G20)*C20-(H20*B20)) -> 3.1319693
A21: RN | B21: =VLOOKUP(A21,[1]DIFAL!$C$13:$E$39,3,0) -> 0.07 | C21: 0.2 | H21: =PREÇOS!L22 -> 12.63 | I21: =IF(F21=0,,H21*(1+F21)*C21-(H21*B21)) -> 0 | J21: =IF(G21=0,IF(F21=0,,H21*(1+F21)*C21-(H21*B21)),H21*(1+G21)*C21-(H21*B21)) -> 0
A22: RO | B22: =VLOOKUP(A22,[1]DIFAL!$C$13:$E$39,3,0) -> 0.07 | C22: 0.175 | H22: =PREÇOS!L23 -> 12.63 | I22: =IF(F22=0,,H22*(1+F22)*C22-(H22*B22)) -> 0 | J22: =IF(G22=0,IF(F22=0,,H22*(1+F22)*C22-(H22*B22)),H22*(1+G22)*C22-(H22*B22)) -> 0
A23: RR | B23: =VLOOKUP(A23,[1]DIFAL!$C$13:$E$39,3,0) -> 0.07 | C23: 0.2 | H23: =PREÇOS!L24 -> 12.63 | I23: =IF(F23=0,,H23*(1+F23)*C23-(H23*B23)) -> 0 | J23: =IF(G23=0,IF(F23=0,,H23*(1+F23)*C23-(H23*B23)),H23*(1+G23)*C23-(H23*B23)) -> 0
A24: RS | B24: =VLOOKUP(A24,[1]DIFAL!$C$13:$E$39,3,0) -> 0.12 | C24: 0.17 | H24: =PREÇOS!L25 -> 14.21 | I24: =IF(F24=0,,H24*(1+F24)*C24-(H24*B24)) -> 0 | J24: =IF(G24=0,IF(F24=0,,H24*(1+F24)*C24-(H24*B24)),H24*(1+G24)*C24-(H24*B24)) -> 0
A25: SC | B25: =VLOOKUP(A25,[1]DIFAL!$C$13:$E$39,3,0) -> 0.12 | C25: 0.17 | H25: =PREÇOS!L26 -> 14.21 | I25: =IF(F25=0,,H25*(1+F25)*C25-(H25*B25)) -> 0 | J25: =IF(G25=0,IF(F25=0,,H25*(1+F25)*C25-(H25*B25)),H25*(1+G25)*C25-(H25*B25)) -> 0
A26: SE | B26: =VLOOKUP(A26,[1]DIFAL!$C$13:$E$39,3,0) -> 0.07 | C26: 0.2 | H26: =PREÇOS!L27 -> 12.63 | I26: =IF(F26=0,,H26*(1+F26)*C26-(H26*B26)) -> 0 | J26: =IF(G26=0,IF(F26=0,,H26*(1+F26)*C26-(H26*B26)),H26*(1+G26)*C26-(H26*B26)) -> 0
A27: SP | B27: =VLOOKUP(A27,[1]DIFAL!$C$13:$E$39,3,0) -> 0.12 | C27: 0.18 | F27: 0.463 | H27: =PREÇOS!L28 -> 14.21 | I27: =IF(F27=0,,H27*(1+F27)*C27-(H27*B27)) -> 2.0368614 | J27: =IF(G27=0,IF(F27=0,,H27*(1+F27)*C27-(H27*B27)),H27*(1+G27)*C27-(H27*B27)) -> 2.0368614
A28: SP/Atacado | B28: =B27 -> 0.12 | C28: =C27 -> 0.18 | D28: =D27 -> 0 | E28: =E27 -> 0 | F28: =F27 -> 0.463 | G28: =G27 -> 0 | H28: =PREÇOS!L29 -> 14.21 | I28: =IF(F28=0,,H28*(1+F28)*C28-(H28*B28)) -> 2.0368614 | J28: =IF(G28=0,IF(F28=0,,H28*(1+F28)*C28-(H28*B28)),H28*(1+G28)*C28-(H28*B28)) -> 2.0368614
A29: TO | B29: =VLOOKUP(A29,[1]DIFAL!$C$13:$E$39,3,0) -> 0.07 | C29: 0.2 | H29: =PREÇOS!L30 -> 12.63 | I29: =IF(F29=0,,H29*(1+F29)*C29-(H29*B29)) -> 0 | J29: =IF(G29=0,IF(F29=0,,H29*(1+F29)*C29-(H29*B29)),H29*(1+G29)*C29-(H29*B29)) -> 0
A30: EX | H30: =PREÇOS!L31 -> 10.95 | I30: =IF(F30=0,,H30*(1+F30)*C30-(H30*B30)) -> 0 | J30: =IF(G30=0,IF(F30=0,,H30*(1+F30)*C30-(H30*B30)),H30*(1+G30)*C30-(H30*B30)) -> 0

Sheet PSC
A1: CONSUMIDOR | B1: CONSUMIDOR | C1: CONSUMIDOR | D1: CONSUMIDOR | E1: CONSUMIDOR | F1: CONSUMIDOR | G1: CONSUMIDOR | H1: CONSUMIDOR | I1: CONSUMIDOR | J1: CONSUMIDOR | K1: CONSUMIDOR | L1: CONSUMIDOR | M1: CONSUMIDOR | N1: CONSUMIDOR | O1: CONSUMIDOR
A2: Estado | B2: Papinhas | C2: Palitinhos | D2: Biscoitinhos | E2: Papapasta | F2: La Chef | G2: Linha Cerais | H2: Biscotti | I2: Pouch Carne | J2: P. Cereal 170g Sache sabores | K2: P. Cereal 170g Sache MULTI | L2: MULTI sache 500 g | M2: Yoguzinho | N2: Bowl | O2: Salgadinhos | P2: Bisc. Recheados | Q2: Sucos | R2: Achocolatado | S2: Puer. Talheres | T2: Puer. Bolw | U2: Puer. Babador | V2: Puer. Pratinho
A3: AC | B3: 9.49 | C3: 5.79 | D3: 19.99 | E3: 13.69 | F3: 17.99 | G3: 13.89 | H3: 13.49 | I3: 13.49 | J3: 8.99 | K3: 7.99 | L3: 19.99 | M3: 9.49 | N3: 18.99 | O3: 6.99 | P3: 7.6 | Q3: 3.99 | R3: 4.99 | S3: 35 | T3: 35 | U3: 26 | V3: 47
A4: AL | B4: 9.49 | C4: 5.79 | D4: 19.99 | E4: 13.69 | F4: 17.99 | G4: 13.89 | H4: 13.49 | I4: 13.49 | J4: 8.99 | K4: 7.99 | L4: 19.99 | M4: 9.49 | N4: 18.99 | O4: 6.99 | P4: 7.6 | Q4: 3.99 | R4: 4.99 | S4: 35 | T4: 35 | U4: 26 | V4: 47
A5: AM | B5: 9.49 | C5: 5.79 | D5: 19.99 | E5: 13.69 | F5: 17.99 | G5: 13.89 | H5: 13.49 | I5: 13.49 | J5: 8.99 | K5: 7.99 | L5: 19.99 | M5: 9.49 | N5: 18.99 | O5: 6.99 | P5: 7.6 | Q5: 3.99 | R5: 4.99 | S5: 35 | T5: 35 | U5: 26 | V5: 47
A6: AP | B6: 9.49 | C6: 5.79 | D6: 19.99 | E6: 13.69 | F6: 17.99 | G6: 13.89 | H6: 13.49 | I6: 13.49 | J6: 8.99 | K6: 7.99 | L6: 19.99 | M6: 9.49 | N6: 18.99 | O6: 6.99 | P6: 7.6 | Q6: 3.99 | R6: 4.99 | S6: 35 | T6: 35 | U6: 26 | V6: 47
A7: BA | B7: 9.49 | C7: 5.79 | D7: 19.99 | E7: 13.69 | F7: 17.99 | G7: 13.89 | H7: 13.49 | I7: 13.49 | J7: 8.99 | K7: 7.99 | L7: 19.99 | M7: 9.49 | N7: 18.99 | O7: 6.99 | P7: 7.6 | Q7: 3.99 | R7: 4.99 | S7: 35 | T7: 35 | U7: 26 | V7: 47
A8: CE | B8: 9.49 | C8: 5.79 | D8: 19.99 | E8: 13.69 | F8: 17.99 | G8: 13.89 | H8: 13.49 | I8: 13.49 | J8: 8.99 | K8: 7.99 | L8: 19.99 | M8: 9.49 | N8: 18.99 | O8: 6.99 | P8: 7.6 | Q8: 3.99 | R8: 4.99 | S8: 35 | T8: 35 | U8: 26 | V8: 47
A9: DF | B9: 9.49 | C9: 5.79 | D9: 19.99 | E9: 13.69 | F9: 17.99 | G9: 13.89 | H9: 13.49 | I9: 13.49 | J9: 8.99 | K9: 7.99 | L9: 19.99 | M9: 9.49 | N9: 18.99 | O9: 6.99 | P9: 7.6 | Q9: 3.99 | R9: 4.99 | S9: 35 | T9: 35 | U9: 26 | V9: 47
A10: ES | B10: 9.49 | C10: 5.79 | D10: 19.99 | E10: 13.69 | F10: 17.99 | G10: 13.89 | H10: 13.49 | I10: 13.49 | J10: 9.99 | K10: 9.99 | L10: 24.99 | M10: 9.49 | N10: 18.99 | O10: 6.99 | P10: 7.6 | Q10: 3.99 | R10: 4.99 | S10: 35 | T10: 35 | U10: 26 | V10: 47
A11: GO | B11: 9.49 | C11: 5.79 | D11: 19.99 | E11: 13.69 | F11: 17.99 | G11: 13.89 | H11: 13.49 | I11: 13.49 | J11: 8.99 | K11: 7.99 | L11: 19.99 | M11: 9.49 | N11: 18.99 | O11: 6.99 | P11: 7.6 | Q11: 3.99 | R11: 4.99 | S11: 35 | T11: 35 | U11: 26 | V11: 47
A12: MA | B12: 9.49 | C12: 5.79 | D12: 19.99 | E12: 13.69 | F12: 17.99 | G12: 13.89 | H12: 13.49 | I12: 13.49 | J12: 8.99 | K12: 7.99 | L12: 19.99 | M12: 9.49 | N12: 18.99 | O12: 6.99 | P12: 7.6 | Q12: 3.99 | R12: 4.99 | S12: 35 | T12: 35 | U12: 26 | V12: 47
A13: MG | B13: 9.49 | C13: 5.79 | D13: 19.99 | E13: 13.69 | F13: 17.99 | G13: 13.89 | H13: 13.49 | I13: 13.49 | J13: 9.99 | K13: 9.99 | L13: 24.99 | M13: 9.49 | N13: 18.99 | O13: 6.99 | P13: 7.6 | Q13: 3.99 | R13: 4.99 | S13: 35 | T13: 35 | U13: 26 | V13: 47
A14: MS | B14: 9.49 | C14: 5.79 | D14: 19.99 | E14: 13.69 | F14: 17.99 | G14: 13.89 | H14: 13.49 | I14: 13.49 | J14: 8.99 | K14: 7.99 | L14: 19.99 | M14: 9.49 | N14: 18.99 | O14: 6.99 | P14: 7.6 | Q14: 3.99 | R14: 4.99 | S14: 35 | T14: 35 | U14: 26 | V14: 47
... A30: TO | B30: 9.49 | C30: 5.79 | D30: 19.99 | E30: 13.69 | F30: 17.99 | G30: 13.89 | H30: 13.49 | I30: 13.49 | J30: 8.99 | K30: 7.99 | L30: 19.99 | M30: 9.49 | N30: 18.99 | O30: 6.99 | P30: 7.6 | Q30: 3.99 | R30: 4.99 | S30: 35 | T30: 35 | U30: 26 | V30: 47
A31: EX | N31: 18.99
A33: PSC | B33: 9.49 | C33: 5.79 | D33: 19.99 | E33: 13.69 | F33: 17.99 | G33: 13.89 | H33: 13.49 | I33: 12.49 | J33: 9.99 | K33: 9.99 | L33: 24.99 | M33: 0 | N33: 18.99 | O33: 0
I34: icms 7% | J34: 8.99 | K34: 7.99 | L34: 19.99

Sheet ST RECHEADOS
A1: Estado | B1: Aliquota interestadual | C1: Aliquota interna | D1: MVA (normal) | E1: MVA (simples) | F1: Ajustada (normal) | G1: Ajustada (simples) | H1: Preço | I1: ST Normal | J1: ST Simples
A2: AC | B2: 0.07 | C2: =VLOOKUP(A2,[1]DIFAL!$C$13:$H$39,6,) -> 0.19 | H2: =PREÇOS!P3 -> 4.7311828 | I2: =IF(F2=0,,H2*(1+F2)*C2-(H2*B2)) -> 0 | J2: =IF(G2=0,IF(F2=0,,H2*(1+F2)*C2-(H2*B2)),H2*(1+G2)*C2-(H2*B2)) -> 0
A3: AL | B3: 0.07 | C3: 0.2 | F3: 0.5113 | H3: =PREÇOS!P4 -> 4.7311828 | I3: =IF(F3=0,,H3*(1+F3)*C3-(H3*B3)) -> 1.0988645 | J3: =IF(G3=0,IF(F3=0,,H3*(1+F3)*C3-(H3*B3)),H3*(1+G3)*C3-(H3*B3)) -> 1.0988645
A4: AM | B4: 0.07 | C4: =VLOOKUP(A4,[1]DIFAL!$C$13:$H$39,6,) -> 0.2 | H4: =PREÇOS!P5 -> 4.7311828 | I4: =IF(F4=0,,H4*(1+F4)*C4-(H4*B4)) -> 0 | J4: =IF(G4=0,IF(F4=0,,H4*(1+F4)*C4-(H4*B4)),H4*(1+G4)*C4-(H4*B4)) -> 0
A5: AP | B5: 0.07 | C5: =VLOOKUP(A5,[1]DIFAL!$C$13:$H$39,5,) -> 0.18 | F5: 0.5198 | H5: =PREÇOS!P6 -> 4.7311828 | I5: =IF(F5=0,,H5*(1+F5)*C5-(H5*B5)) -> 0.96309849 | J5: =IF(G5=0,IF(F5=0,,H5*(1+F5)*C5-(H5*B5)),H5*(1+G5)*C5-(H5*B5)) -> 0.96309849
A6: BA | B6: 0.07 | C6: =VLOOKUP(A6,[1]DIFAL!$C$13:$H$39,6,) -> 0.19 | H6: =PREÇOS!P7 -> 4.7311828 | I6: =IF(F6=0,,H6*(1+F6)*C6-(H6*B6)) -> 0 | J6: =IF(G6=0,IF(F6=0,,H6*(1+F6)*C6-(H6*B6)),H6*(1+G6)*C6-(H6*B6)) -> 0
A7: CE | B7: 0.07 | C7: =VLOOKUP(A7,[1]DIFAL!$C$13:$H$39,6,) -> 0.2 | H7: =PREÇOS!P8 -> 4.7311828 | I7: =IF(F7=0,,H7*(1+F7)*C7-(H7*B7)) -> 0 | J7: =IF(G7=0,IF(F7=0,,H7*(1+F7)*C7-(H7*B7)),H7*(1+G7)*C7-(H7*B7)) -> 0
A8: DF | B8: 0.07 | C8: =VLOOKUP(A8,[1]DIFAL!$C$13:$H$39,5,) -> 0.18 | H8: =PREÇOS!P9 -> 4.7311828 | I8: =IF(F8=0,,H8*(1+F8)*C8-(H8*B8)) -> 0 | J8: =IF(G8=0,IF(F8=0,,H8*(1+F8)*C8-(H8*B8)),H8*(1+G8)*C8-(H8*B8)) -> 0
A9: ES | B9: 0.07 | C9: =VLOOKUP(A9,[1]DIFAL!$C$13:$H$39,5,) -> 0.17 | H9: =PREÇOS!P10 -> 4.7311828 | I9: =IF(F9=0,,H9*(1+F9)*C9-(H9*B9)) -> 0 | J9: =IF(G9=0,IF(F9=0,,H9*(1+F9)*C9-(H9*B9)),H9*(1+G9)*C9-(H9*B9)) -> 0
A10: GO | B10: 0.07 | C10: =VLOOKUP(A10,[1]DIFAL!$C$13:$H$39,5,) -> 0.17 | H10: =PREÇOS!P11 -> 4.7311828 | I10: =IF(F10=0,,H10*(1+F10)*C10-(H10*B10)) -> 0 | J10: =IF(G10=0,IF(F10=0,,H10*(1+F10)*C10-(H10*B10)),H10*(1+G10)*C10-(H10*B10)) -> 0
A11: MA | B11: 0.07 | C11: =VLOOKUP(A11,[1]DIFAL!$C$13:$H$39,6,) -> 0.2 | H11: =PREÇOS!P12 -> 4.7311828 | I11: =IF(F11=0,,H11*(1+F11)*C11-(H11*B11)) -> 0 | J11: =IF(G11=0,IF(F11=0,,H11*(1+F11)*C11-(H11*B11)),H11*(1+G11)*C11-(H11*B11)) -> 0
A12: MG | B12: 0.12 | C12: 0.12 | F12: 0.25 | H12: =PREÇOS!P13 -> 5 | I12: =IF(F12=0,,H12*(1+F12)*C12-(H12*B12)) -> 0.15 | J12: =IF(G12=0,IF(F12=0,,H12*(1+F12)*C12-(H12*B12)),H12*(1+G12)*C12-(H12*B12)) -> 0.15
A13: MS | B13: 0.07 | C13: =VLOOKUP(A13,[1]DIFAL!$C$13:$H$39,5,) -> 0.17 | H13: =PREÇOS!P14 -> 5 | I13: =IF(F13=0,,H13*(1+F13)*C13-(H13*B13)) -> 0 | J13: =IF(G13=0,IF(F13=0,,H13*(1+F13)*C13-(H13*B13)),H13*(1+G13)*C13-(H13*B13)) -> 0
A14: MT | B14: 0.07 | C14: =VLOOKUP(A14,[1]DIFAL!$C$13:$H$39,5,) -> 0.17 | F14: 0.3978 | H14: =PREÇOS!P15 -> 5 | I14: =IF(F14=0,,H14*(1+F14)*C14-(H14*B14)) -> 0.83813 | J14: =IF(G14=0,IF(F14=0,,H14*(1+F14)*C14-(H14*B14)),H14*(1+G14)*C14-(H14*B14)) -> 0.83813
A15: PA | B15: 0.07 | C15: =VLOOKUP(A15,[1]DIFAL!$C$13:$H$39,6,) -> 0.19 | H15: =PREÇOS!P16 -> 5 | I15: =IF(F15=0,,H15*(1+F15)*C15-(H15*B15)) -> 0 | J15: =IF(G15=0,IF(F15=0,,H15*(1+F15)*C15-(H15*B15)),H15*(1+G15)*C15-(H15*B15)) -> 0
A16: PB | B16: 0.07 | C16: =VLOOKUP(A16,[1]DIFAL!$C$13:$H$39,5,) -> 0.18 | H16: =PREÇOS!P17 -> 5 | I16: =IF(F16=0,,H16*(1+F16)*C16-(H16*B16)) -> 0 | J16: =IF(G16=0,IF(F16=0,,H16*(1+F16)*C16-(H16*B16)),H16*(1+G16)*C16-(H16*B16)) -> 0
A17: PE | B17: 0.07 | C17: =VLOOKUP(A17,[1]DIFAL!$C$13:$H$39,5,) -> 0.18 | H17: =PREÇOS!P18 -> 5 | I17: =IF(F17=0,,H17*(1+F17)*C17-(H17*B17)) -> 0 | J17: =IF(G17=0,IF(F17=0,,H17*(1+F17)*C17-(H17*B17)),H17*(1+G17)*C17-(H17*B17)) -> 0
A18: PI | B18: 0.07 | C18: =VLOOKUP(A18,[1]DIFAL!$C$13:$H$39,6,) -> 0.21 | H18: =PREÇOS!P19 -> 5 | I18: =IF(F18=0,,H18*(1+F18)*C18-(H18*B18)) -> 0 | J18: =IF(G18=0,IF(F18=0,,H18*(1+F18)*C18-(H18*B18)),H18*(1+G18)*C18-(H18*B18)) -> 0
A19: PR | B19: 0.12 | C19: 0.12 | H19: =PREÇOS!P20 -> 5 | I19: =IF(F19=0,,H19*(1+F19)*C19-(H19*B19)) -> 0 | J19: =IF(G19=0,IF(F19=0,,H19*(1+F19)*C19-(H19*B19)),H19*(1+G19)*C19-(H19*B19)) -> 0
A20: RJ | B20: 0.12 | C20: 0.22 | F20: 0.5253 | H20: =PREÇOS!P21 -> 5 | I20: =IF(F20=0,,H20*(1+F20)*C20-(H20*B20)) -> 1.07783 | J20: =IF(G20=0,IF(F20=0,,H20*(1+F20)*C20-(H20*B20)),H20*(1+G20)*C20-(H20*B20)) -> 1.07783
A21: RN | B21: 0.07 | C21: =VLOOKUP(A21,[1]DIFAL!$C$13:$H$39,6,) -> 0.2 | H21: =PREÇOS!P22 -> 5 | I21: =IF(F21=0,,H21*(1+F21)*C21-(H21*B21)) -> 0 | J21: =IF(G21=0,IF(F21=0,,H21*(1+F21)*C21-(H21*B21)),H21*(1+G21)*C21-(H21*B21)) -> 0
A22: RO | B22: 0.07 | C22: =VLOOKUP(A22,[1]DIFAL!$C$13:$H$39,5,) -> 0.175 | H22: =PREÇOS!P23 -> 5 | I22: =IF(F22=0,,H22*(1+F22)*C22-(H22*B22)) -> 0 | J22: =IF(G22=0,IF(F22=0,,H22*(1+F22)*C22-(H22*B22)),H22*(1+G22)*C22-(H22*B22)) -> 0
A23: RR | B23: 0.07 | C23: =VLOOKUP(A23,[1]DIFAL!$C$13:$H$39,6,) -> 0.2 | H23: =PREÇOS!P24 -> 5 | I23: =IF(F23=0,,H23*(1+F23)*C23-(H23*B23)) -> 0 | J23: =IF(G23=0,IF(F23=0,,H23*(1+F23)*C23-(H23*B23)),H23*(1+G23)*C23-(H23*B23)) -> 0
A24: RS | B24: 0.12 | C24: =VLOOKUP(A24,[1]DIFAL!$C$13:$H$39,5,) -> 0.17 | H24: =PREÇOS!P25 -> 5 | I24: =IF(F24=0,,H24*(1+F24)*C24-(H24*B24)) -> 0 | J24: =IF(G24=0,IF(F24=0,,H24*(1+F24)*C24-(H24*B24)),H24*(1+G24)*C24-(H24*B24)) -> 0
A25: SC | B25: 0.12 | C25: =VLOOKUP(A25,[1]DIFAL!$C$13:$H$39,5,) -> 0.17 | H25: =PREÇOS!P26 -> 5 | I25: =IF(F25=0,,H25*(1+F25)*C25-(H25*B25)) -> 0 | J25: =IF(G25=0,IF(F25=0,,H25*(1+F25)*C25-(H25*B25)),H25*(1+G25)*C25-(H25*B25)) -> 0
A26: SE | B26: 0.07 | C26: 0.2 | H26: =PREÇOS!P27 -> 4.7311828 | I26: =IF(F26=0,,H26*(1+F26)*C26-(H26*B26)) -> 0 | J26: =IF(G26=0,IF(F26=0,,H26*(1+F26)*C26-(H26*B26)),H26*(1+G26)*C26-(H26*B26)) -> 0
A27: SP | B27: 0.12 | C27: =VLOOKUP(A27,[1]DIFAL!$C$13:$H$39,5,) -> 0.18 | D27: 0.5917 | F27: 0.5917 | H27: =PREÇOS!P28 -> 5 | I27: =IF(F27=0,,H27*(1+F27)*C27-(H27*B27)) -> 0.83253 | J27: =IF(G27=0,IF(F27=0,,H27*(1+F27)*C27-(H27*B27)),H27*(1+G27)*C27-(H27*B27)) -> 0.83253
A28: SP/Atacado | B28: =B27 -> 0.12 | C28: =C27 -> 0.18 | D28: 0.4832 | E28: =E27 -> 0 | F28: 0.4832 | G28: =G27 -> 0 | H28: =PREÇOS!P29 -> 5 | I28: =IF(F28=0,,H28*(1+F28)*C28-(H28*B28)) -> 0.73488 | J28: =IF(G28=0,IF(F28=0,,H28*(1+F28)*C28-(H28*B28)),H28*(1+G28)*C28-(H28*B28)) -> 0.73488
A29: TO | B29: 0.07 | C29: =VLOOKUP(A29,[1]DIFAL!$C$13:$H$39,6,) -> 0.2 | H29: =PREÇOS!P30 -> 4.7311828 | I29: =IF(F29=0,,H29*(1+F29)*C29-(H29*B29)) -> 0 | J29: =IF(G29=0,IF(F29=0,,H29*(1+F29)*C29-(H29*B29)),H29*(1+G29)*C29-(H29*B29)) -> 0
A30: EX

Sheet PREÇOS
A1: 0325Vv | B1: VAREJO cinco | D1: 1.03 | I1: 1.1 | N1: 1.05
A2: Estado | B2: Papinhas | C2: Palitinhos | D2: Biscoitinhos | E2: Papapasta | F2: La Chef | G2: Linha Cerais | H2: Biscotti | I2: Pouch Carne | J2: P. Cereal 170g Sache sabores | K2: P. Cereal 170g Sache MULTI | L2: MULTI sache 500 g | M2: Yoguzinho | N2: Bowl | O2: Salgadinhos | P2: Bisc. Recheados | Q2: Sucos | R2: Achocolatado | S2: Puer. Talheres | T2: Puer. Babador | U2: Puer. Bolw | V2: Puer. Pratinho
A3: AC | B3: 5.44 | C3: 3.36 | D3: 11.4433 | E3: 7.56 | F3: 10.47 | G3: 7.42 | H3: 7.24 | I3: 7.722 | J3: 6 | K3: 4.94 | L3: 12.63 | M3: 5.44 | N3: 11.605263 | O3: =O$12 -> 4.116129 | P3: =P$12 -> 4.7311828 | Q3: =Q$12 -> 2.3655914 | R3: =R$12 -> 2.9806452 | S3: 15 | T3: 13 | U3: 17 | V3: 26.29
A4: AL | B4: 5.44 | C4: 3.36 | D4: 11.4433 | E4: 7.56 | F4: 10.47 | G4: 7.42 | H4: 7.24 | I4: 7.722 | J4: 6 | K4: 4.94 | L4: 12.63 | M4: 5.44 | N4: 11.605263 | O4: =O$12 -> 4.116129 | P4: =P$12 -> 4.7311828 | Q4: =Q$12 -> 2.3655914 | R4: =R$12 -> 2.9806452 | S4: 15 | T4: 13 | U4: 17 | V4: 26.29
A5: AM | B5: 5.44 | C5: 3.36 | D5: 11.4433 | E5: 7.56 | F5: 10.47 | G5: 7.42 | H5: 7.24 | I5: 7.722 | J5: 6 | K5: 4.94 | L5: 12.63 | M5: 5.44 | N5: 11.605263 | O5: =O$12 -> 4.116129 | P5: =P$12 -> 4.7311828 | Q5: =Q$12 -> 2.3655914 | R5: =R$12 -> 2.9806452 | S5: 15 | T5: 13 | U5: 17 | V5: 26.29
A6: AP | B6: 5.44 | C6: 3.36 | D6: 11.4433 | E6: 7.56 | F6: 10.47 | G6: 7.42 | H6: 7.24 | I6: 7.722 | J6: 6 | K6: 4.94 | L6: 12.63 | M6: 5.44 | N6: 11.605263 | O6: =O$12 -> 4.116129 | P6: =P$12 -> 4.7311828 | Q6: =Q$12 -> 2.3655914 | R6: =R$12 -> 2.9806452 | S6: 15 | T6: 13 | U6: 17 | V6: 26.29
A7: BA | B7: 5.44 | C7: 3.36 | D7: 11.4433 | E7: 7.56 | F7: 10.47 | G7: 7.42 | H7: 7.24 | I7: 7.722 | J7: 6 | K7: 4.94 | L7: 12.63 | M7: 5.44 | N7: 11.605263 | O7: =O$12 -> 4.116129 | P7: =P$12 -> 4.7311828 | Q7: =Q$12 -> 2.3655914 | R7: =R$12 -> 2.9806452 | S7: 15 | T7: 13 | U7: 17 | V7: 26.29
A8: CE | B8: 5.44 | C8: 3.36 | D8: 11.4433 | E8: 7.56 | F8: 10.47 | G8: 7.42 | H8: 7.24 | I8: 7.722 | J8: 6 | K8: 4.94 | L8: 12.63 | M8: 5.44 | N8: 11.605263 | O8: =O$12 -> 4.116129 | P8: =P$12 -> 4.7311828 | Q8: =Q$12 -> 2.3655914 | R8: =R$12 -> 2.9806452 | S8: 15 | T8: 13 | U8: 17 | V8: 26.29
A9: DF | B9: 5.44 | C9: 3.36 | D9: 11.4433 | E9: 7.56 | F9: 10.47 | G9: 7.42 | H9: 7.24 | I9: 7.722 | J9: 6 | K9: 4.94 | L9: 12.63 | M9: 5.44 | N9: 11.605263 | O9: =O$12 -> 4.116129 | P9: =P$12 -> 4.7311828 | Q9: =Q$12 -> 2.3655914 | R9: =R$12 -> 2.9806452 | S9: 15 | T9: 13 | U9: 17 | V9: 26.29
A10: ES | B10: 5.44 | C10: 3.36 | D10: 11.4433 | E10: 7.56 | F10: 10.47 | G10: 7.42 | H10: 7.24 | I10: 7.722 | J10: 5.47 | K10: 5.47 | L10: 13.45 | M10: 5.44 | N10: 11.605263 | O10: =O$12 -> 4.116129 | P10: =P$12 -> 4.7311828 | Q10: =Q$12 -> 2.3655914 | R10: =R$12 -> 2.9806452 | S10: 15 | T10: 13 | U10: 17 | V10: 26.29
A11: GO | B11: 5.44 | C11: 3.36 | D11: 11.4433 | E11: 7.56 | F11: 10.47 | G11: 7.42 | H11: 7.24 | I11: 7.722 | J11: 6 | K11: 4.94 | L11: 12.63 | M11: 5.44 | N11: 11.605263 | O11: =O$12 -> 4.116129 | P11: =P$12 -> 4.7311828 | Q11: =Q$12 -> 2.3655914 | R11: =R$12 -> 2.9806452 | S11: 15 | T11: 13 | U11: 17 | V11: 26.29
A12: MA | B12: 5.44 | C12: 3.36 | D12: 11.4433 | E12: 7.56 | F12: 10.47 | G12: 7.42 | H12: 7.24 | I12: 7.722 | J12: 6 | K12: 4.94 | L12: 12.63 | M12: 5.44 | N12: 11.605263 | O12: =O13*0.88/0.93 -> 4.116129 | P12: =P13*0.88/0.93 -> 4.7311828 | Q12: =Q13*0.88/0.93 -> 2.3655914 | R12: =R13*0.88/0.93 -> 2.9806452 | S12: 15 | T12: 13 | U12: 17 | V12: 26.29
A13: MG | B13: 5.44 | C13: 3.58 | D13: 11.4433 | E13: 8.07 | F13: 11.15 | G13: 7.89 | H13: 7.73 | I13: 7.722 | J13: 5.78 | K13: 5.78 | L13: 14.21 | M13: 5.44 | N13: 12.378947 | O13: 4.35 | P13: 5 | Q13: 2.5 | R13: 3.15 | S13: 15 | T13: 13 | U13: 17 | V13: 26.29
A14: MS | B14: 5.44 | C14: 3.36 | D14: 11.4433 | E14: 7.56 | F14: 10.47 | G14: 7.42 | H14: 7.24 | I14: 7.722 | J14: 6 | K14: 4.94 | L14: 12.63 | M14: 5.44 | N14: 11.605263 | O14: =O$12 -> 4.116129 | P14: 5 | Q14: 2.5 | R14: 3.15 | S14: 15 | T14: 13 | U14: 17 | V14: 26.29
A15: MT | B15: 5.44 | C15: 3.36 | D15: 11.4433 | E15: 7.56 | F15: 10.47 | G15: 7.42 | H15: 7.24 | I15: 7.722 | J15: 6 | K15: 4.94 | L15: 12.63 | M15: 5.44 | N15: 11.605263 | O15: =O$12 -> 4.116129 | P15: 5 | Q15: 2.5 | R15: 3.15 | S15: 15 | T15: 13 | U15: 17 | V15: 26.29
A16: PA | B16: 5.44 | C16: 3.36 | D16: 11.4433 | E16: 7.56 | F16: 10.47 | G16: 7.42 | H16: 7.24 | I16: 7.722 | J16: 6 | K16: 4.94 | L16: 12.63 | M16: 5.44 | N16: 11.605263 | O16: =O$12 -> 4.116129 | P16: 5 | Q16: 2.5 | R16: 3.15 | S16: 15 | T16: 13 | U16: 17 | V16: 26.29
A17: PB | B17: 5.44 | C17: 3.36 | D17: 11.4433 | E17: 7.56 | F17: 10.47 | G17: 7.42 | H17: 7.24 | I17: 7.722 | J17: 6 | K17: 4.94 | L17: 12.63 | M17: 5.44 | N17: 11.605263 | O17: =O$12 -> 4.116129 | P17: 5 | Q17: 2.5 | R17: 3.15 | S17: 15 | T17: 13 | U17: 17 | V17: 26.29
A18: PE | B18: 5.44 | C18: 3.36 | D18: 11.4433 | E18: 7.56 | F18: 10.47 | G18: 7.42 | H18: 7.24 | I18: 7.722 | J18: 6 | K18: 4.94 | L18: 12.63 | M18: 5.44 | N18: 11.605263 | O18: =O$12 -> 4.116129 | P18: 5 | Q18: 2.5 | R18: 3.15 | S18: 15 | T18: 13 | U18: 17 | V18: 26.29
A19: PI | B19: 5.44 | C19: 3.36 | D19: 11.4433 | E19: 7.56 | F19: 10.47 | G19: 7.42 | H19: 7.24 | I19: 7.722 | J19: 6 | K19: 4.94 | L19: 12.63 | M19: 5.44 | N19: 11.605263 | O19: =O$12 -> 4.116129 | P19: 5 | Q19: 2.5 | R19: 3.15 | S19: 15 | T19: 13 | U19: 17 | V19: 26.29
A20: PR | B20: 5.91 | C20: 3.58 | D20: 12.5351 | E20: 8.07 | F20: 11.15 | G20: 7.89 | H20: 7.73 | I20: 8.393 | J20: 5.78 | K20: 5.78 | L20: 14.21 | M20: 5.91 | N20: 12.378947 | O20: =O$13 -> 4.35 | P20: =P$13 -> 5 | Q20: =Q$13 -> 2.5 | R20: =R$13 -> 3.15 | S20: =(S19*0.96)/0.88 -> 16.363636 | T20: =(T19*0.96)/0.88 -> 14.181818 | U20: =(U19*0.96)/0.88 -> 18.545455 | V20: =(V19*0.96)/0.88 -> 28.68
A21: RJ | B21: 5.44 | C21: 3.58 | D21: 11.4433 | E21: 8.07 | F21: 11.15 | G21: 7.89 | H21: 7.73 | I21: 7.722 | J21: 5.78 | K21: 5.78 | L21: 14.21 | M21: 5.44 | N21: 12.378947 | O21: =O$13 -> 4.35 | P21: =P$13 -> 5 | Q21: =Q$13 -> 2.5 | R21: =R$13 -> 3.15 | S21: 15 | T21: 13 | U21: 17 | V21: 26.29
A22: RN | B22: 5.44 | C22: 3.36 | D22: 11.4433 | E22: 7.56 | F22: 10.47 | G22: 7.42 | H22: 7.24 | I22: 7.722 | J22: 6 | K22: 4.94 | L22: 12.63 | M22: 5.44 | N22: 11.605263 | O22: =O$12 -> 4.116129 | P22: 5 | Q22: 2.5 | R22: 3.15 | S22: 15 | T22: 13 | U22: 17 | V22: 26.29
A23: RO | B23: 5.44 | C23: 3.36 | D23: 11.4433 | E23: 7.56 | F23: 10.47 | G23: 7.42 | H23: 7.24 | I23: 7.722 | J23: 6 | K23: 4.94 | L23: 12.63 | M23: 5.44 | N23: 11.605263 | O23: =O$12 -> 4.116129 | P23: 5 | Q23: 2.5 | R23: 3.15 | S23: 15 | T23: 13 | U23: 17 | V23: 26.29
A24: RR | B24: 5.44 | C24: 3.36 | D24: 11.4433 | E24: 7.56 | F24: 10.47 | G24: 7.42 | H24: 7.24 | I24: 7.722 | J24: 6 | K24: 4.94 | L24: 12.63 | M24: 5.44 | N24: 11.605263 | O24: =O$12 -> 4.116129 | P24: 5 | Q24: 2.5 | R24: 3.15 | S24: 15 | T24: 13 | U24: 17 | V24: 26.29
A25: RS | B25: 5.44 | C25: 3.58 | D25: 11.4433 | E25: 8.07 | F25: 11.15 | G25: 7.89 | H25: 7.73 | I25: 7.722 | J25: 5.78 | K25: 5.78 | L25: 14.21 | M25: 5.44 | N25: 12.378947 | O25: =O$13 -> 4.35 | P25: =P$13 -> 5 | Q25: =Q$13 -> 2.5 | R25: =R$13 -> 3.15 | S25: 15 | T25: 13 | U25: 17 | V25: 26.29
A26: SC | B26: 5.44 | C26: 3.58 | D26: 11.4433 | E26: 8.07 | F26: 11.15 | G26: 7.89 | H26: 7.73 | I26: 7.722 | J26: 5.78 | K26: 5.78 | L26: 14.21 | M26: 5.44 | N26: 12.378947 | O26: =O$13 -> 4.35 | P26: =P$13 -> 5 | Q26: =Q$13 -> 2.5 | R26: =R$13 -> 3.15 | S26: 15 | T26: 13 | U26: 17 | V26: 26.29
A27: SE | B27: 5.44 | C27: 3.36 | D27: 11.4433 | E27: 7.56 | F27: 10.47 | G27: 7.42 | H27: 7.24 | I27: 7.722 | J27: 6 | K27: 4.94 | L27: 12.63 | M27: 5.44 | N27: 11.605263 | O27: =O$12 -> 4.116129 | P27: =P$12 -> 4.7311828 | Q27: =Q$12 -> 2.3655914 | R27: =R$12 -> 2.9806452 | S27: 15 | T27: 13 | U27: 17 | V27: 26.29
A28: SP | B28: 5.44 | C28: 3.58 | D28: 11.4433 | E28: 8.07 | F28: 11.15 | G28: 7.89 | H28: 7.73 | I28: 7.722 | J28: 5.78 | K28: 5.78 | L28: 14.21 | M28: 5.44 | N28: 12.378947 | O28: =O$13 -> 4.35 | P28: =P$13 -> 5 | Q28: =Q$13 -> 2.5 | R28: =R$13 -> 3.15 | S28: 15 | T28: 13 | U28: 17 | V28: 26.29
A29: SP/Atacado | B29: 5.44 | C29: 3.58 | D29: 11.4433 | E29: 8.07 | F29: 11.15 | G29: 7.89 | H29: 7.73 | I29: 7.722 | J29: 5.78 | K29: 5.78 | L29: 14.21 | M29: 5.44 | N29: 12.378947 | O29: =O$13 -> 4.35 | P29: =P$13 -> 5 | Q29: =Q$13 -> 2.5 | R29: =R$13 -> 3.15 | S29: 15 | T29: 13 | U29: 17 | V29: 26.29
A30: TO | B30: 5.44 | C30: 3.36 | D30: 11.4433 | E30: 7.56 | F30: 10.47 | G30: 7.42 | H30: 7.24 | I30: 7.722 | J30: 6 | K30: 4.94 | L30: 12.63 | M30: 5.44 | N30: 11.605263 | O30: =O$12 -> 4.116129 | P30: =P$12 -> 4.7311828 | Q30: =Q$12 -> 2.3655914 | R30: =R$12 -> 2.9806452 | S30: 15 | T30: 13 | U30: 17 | V30: 26.29
A31: EX | B31: 4.72 | C31: 2.82 | D31: 9.9292 | E31: 6.35 | F31: 8.78 | G31: 6.21 | H31: 6.09 | I31: 6.699 | J31: 5.2 | K31: 4.29 | L31: 10.95 | M31: 4.72 | N31: 10.067566 | O31: =O$12 -> 4.116129 | P31: =P$12 -> 4.7311828 | Q31: =Q$12 -> 2.3655914 | R31: =R$12 -> 2.9806452 | S31: 15 | T31: 13 | U31: 17 | V31: 26.29
A33: PSC | B33: 8.99 | C33: 5.49 | D33: 18.99 | E33: 12.99 | F33: 17.99 | G33: 13.89 | H33: 12.9 | I33: 11.99 | J33: 9.99 | K33: 9.99 | L33: 24.99 | M33: 8.99
I34: icms 7% | J34: 8.99 | K34: 7.99 | L34: 19.99
C35: =C20/C19 -> 1.0654762 | D35: =D20/D19 -> 1.0954095 | E35: =E20/E19 -> 1.0674603 | F35: =F20/F19 -> 1.0649475 | G35: =G20/G19 -> 1.0633423 | H35: =H20/H19 -> 1.0676796 | I35: =I20/I19 -> 1.0868946 | J35: =J20/J19 -> 0.96333333 | ... V35: =V20/V19 -> 1.0909091
