Workbook

Sheet Tabelas
C1: BABY ROO COMERCIO DE ALIMENTOS EIRELI
C2: CNPJ: 34.282.307.0001-44
C3: INSC. ESTADUAL: 90821939-25
C4: ENDEREÇO: Rua Grã Nicco, 113 - sala 501, bloco 2 - Mossunguê, Curitiba - PR, 81200-200
B6: Nome / Razão Social: | J6: Nr. pedido | L6: E-mail XML:
B7: Endereço: | L7: Municipio: | Q7: UF: | R7: SP
B8: CNPJ: | G8: Inscrição Estadual: | J8: Regime SIMPLES? | K8: NÃO | L8: Fone contato com (DDD) | Q8: CEP:
B9: ESPECIAL
B10: Descrição | D10: Código | E10: Embalagem | F10: Validade | G10: PSC | H10: NCM | I10: Ean 13 | J10: Dun 14 | K10: Crédito ICMS (%) | L10: Valor Unit. | M10: Valor Caixa | N10: SUBSTITUIÇÃO TRIBUTÁRIA* | O10: IPI* | P10: Valor Caixa + ST + IPI | Q10: TOTAL Caixas | R10: Valor TOTAL | S10: Valor TOTAL + ST (*)
B11: Papinha Papapa Carne Arroz Legumes 120g | D11: 5313 | E11: 12 x 120g | F11: 12 meses | G11: =VLOOKUP($R$7,PSC!$A$2:$L$31,9,FALSE) -> 13.49 | H11: 2104.20.00 | I11: 7898969895316 | J11: 17898969895313 | K11: =VLOOKUP($R$7,'ST BISCOITINHOS'!A:B,2,FALSE) -> 0.04 | L11: =VLOOKUP($R$7,PREÇOS!$A$2:$L$31,9,FALSE) -> 8.9 | M11: =L11*12 -> 106.8 | N11: 0 | O11: 0 | P11: =(L11+N11+O11)*12 -> 106.8 | R11: =Q11*M11 -> 0 | S11: =Q11*P11 -> 0
B12: Papinha Papapa Frango Grão Vegetais 120g | D12: 5320 | E12: 12 x 120g | F12: 12 meses | G12: =VLOOKUP($R$7,PSC!$A$2:$L$31,9,FALSE) -> 13.49 | H12: 2104.20.00 | I12: 7898969895323 | J12: 17898969895320 | K12: =VLOOKUP($R$7,'ST BISCOITINHOS'!A:B,2,FALSE) -> 0.04 | L12: =VLOOKUP($R$7,PREÇOS!$A$2:$L$31,9,FALSE) -> 8.9 | M12: =L12*12 -> 106.8 | N12: 0 | O12: 0 | P12: =(L12+N12+O12)*12 -> 106.8 | R12: =Q12*M12 -> 0 | S12: =Q12*P12 -> 0
B14: Papinha Papapa Iogurte Frutas Amarelas e Banana 100g | D14: 5563 | E14: 16 x 100g | F14: 15 meses | G14: =VLOOKUP($R$7,PSC!$A$2:$M$31,13,FALSE) -> 9.49 | H14: 2104.20.00 | I14: 7898969895569 | J14: 27898969895563 | K14: =VLOOKUP($R$7,'ST BISCOITINHOS'!A:B,2,FALSE) -> 0.04 | L14: =VLOOKUP($R$7,PREÇOS!$A$2:$M$31,13,FALSE) -> 6.24 | M14: =L14*16 -> 99.84 | N14: 0 | O14: 0 | P14: =(L14+N14+O14)*16 -> 99.84 | R14: =Q14*M14 -> 0 | S14: =Q14*P14 -> 0
B15: Papinha Papapa Iogurte Frutas Vermelhas e Banana 100g | D15: 5570 | E15: 16 x 100g | F15: 15 meses | G15: =VLOOKUP($R$7,PSC!$A$2:$M$31,13,FALSE) -> 9.49 | H15: 2104.20.00 | I15: 7898969895576 | J15: 27898969895570 | K15: =VLOOKUP($R$7,'ST BISCOITINHOS'!A:B,2,FALSE) -> 0.04 | L15: =VLOOKUP($R$7,PREÇOS!$A$2:$M$31,13,FALSE) -> 6.24 | M15: =L15*16 -> 99.84 | N15: 0 | O15: 0 | P15: =(L15+N15+O15)*16 -> 99.84 | R15: =Q15*M15 -> 0 | S15: =Q15*P15 -> 0
B17: Papinha Papapá Org Maçã Ameixa 100g | D17: 17898994908729 | E17: 12 x 100g | F17: 16 meses | G17: =VLOOKUP($R$7,PSC!$A$2:$L$31,2,FALSE) -> 9.49 | H17: 2104.20.00 | I17: 7898994908722 | J17: 17898994908729 | K17: =VLOOKUP($R$7,'ST BISCOITINHOS'!A:B,2,FALSE) -> 0.04 | L17: =VLOOKUP($R$7,PREÇOS!$A$2:$L$31,2,FALSE) -> 6.24 | M17: =L17*12 -> 74.88 | N17: 0 | O17: 0 | P17: =(L17+N17+O17)*12 -> 74.88 | R17: =Q17*M17 -> 0 | S17: =Q17*P17 -> 0
B18: Papinha Papapá Org Banana Mirtilo Quinoa 100g | D18: 17898994908736 | E18: 12 x 100g | F18: 16 meses | G18: =VLOOKUP($R$7,PSC!$A$2:$L$31,2,FALSE) -> 9.49 | H18: 2104.20.00 | I18: 7898994908739 | J18: 17898994908736 | K18: =VLOOKUP($R$7,'ST BISCOITINHOS'!A:B,2,FALSE) -> 0.04 | L18: =VLOOKUP($R$7,PREÇOS!$A$2:$L$31,2,FALSE) -> 6.24 | M18: =L18*12 -> 74.88 | N18: 0 | O18: 0 | P18: =(L18+N18+O18)*12 -> 74.88 | R18: =Q18*M18 -> 0 | S18: =Q18*P18 -> 0
B19: Papinha Papapá Org Manga 100g | D19: 17898994908712 | E19: 12 x 100g | F19: 16 meses | G19: =VLOOKUP($R$7,PSC!$A$2:$L$31,2,FALSE) -> 9.49 | H19: 2104.20.00 | I19: 7898994908715 | J19: 17898994908712 | K19: =VLOOKUP($R$7,'ST BISCOITINHOS'!A:B,2,FALSE) -> 0.04 | L19: =VLOOKUP($R$7,PREÇOS!$A$2:$L$31,2,FALSE) -> 6.24 | M19: =L19*12 -> 74.88 | N19: 0 | O19: 0 | P19: =(L19+N19+O19)*12 -> 74.88 | R19: =Q19*M19 -> 0 | S19: =Q19*P19 -> 0
B20: Papinha Papapá Org Pera Espinafre Abobrinha 100g | D20: 17898994908750 | E20: 12 x 100g | F20: 16 meses | G20: =VLOOKUP($R$7,PSC!$A$2:$L$31,2,FALSE) -> 9.49 | H20: 2104.20.00 | I20: 7898994908753 | J20: 17898994908750 | K20: =VLOOKUP($R$7,'ST BISCOITINHOS'!A:B,2,FALSE) -> 0.04 | L20: =VLOOKUP($R$7,PREÇOS!$A$2:$L$31,2,FALSE) -> 6.24 | M20: =L20*12 -> 74.88 | N20: 0 | O20: 0 | P20: =(L20+N20+O20)*12 -> 74.88 | R20: =Q20*M20 -> 0 | S20: =Q20*P20 -> 0
B21: Papinha Papapá Org Maçã B. Doce Cenoura 100g | D21: 27898994908757 | E21: 12 x 100g | F21: 16 meses | G21: =VLOOKUP($R$7,PSC!$A$2:$L$31,2,FALSE) -> 9.49 | H21: 2104.20.00 | I21: 7898994908746 | J21: 27898994908757 | K21: =VLOOKUP($R$7,'ST BISCOITINHOS'!A:B,2,FALSE) -> 0.04 | L21: =VLOOKUP($R$7,PREÇOS!$A$2:$L$31,2,FALSE) -> 6.24 | M21: =L21*12 -> 74.88 | N21: 0 | O21: 0 | P21: =(L21+N21+O21)*12 -> 74.88 | R21: =Q21*M21 -> 0 | S21: =Q21*P21 -> 0
B22: Papinha Papapá Org Morango Maçã 100g | D22: 5306 | E22: 12 x 100g | F22: 16 meses | G22: =VLOOKUP($R$7,PSC!$A$2:$L$31,2,FALSE) -> 9.49 | H22: 2104.20.00 | I22: 7898969895309 | J22: 17898969895306 | K22: =VLOOKUP($R$7,'ST BISCOITINHOS'!A:B,2,FALSE) -> 0.04 | L22: =VLOOKUP($R$7,PREÇOS!$A$2:$L$31,2,FALSE) -> 6.24 | M22: =L22*12 -> 74.88 | N22: 0 | O22: 0 | P22: =(L22+N22+O22)*12 -> 74.88 | R22: =Q22*M22 -> 0 | S22: =Q22*P22 -> 0
B24: Biscoito inf Papapá org. Beterraba 20g | D24: 5085 | E24: 16 x 20g | F24: 9 meses | G24: =VLOOKUP($R$7,PSC!$A$2:$L$31,3,FALSE) -> 5.99 | H24: 1904.10.00 | I24: 7898969895088 | J24: 17898969895085 | K24: =VLOOKUP($R$7,'ST PALITINHOS'!A:B,2,FALSE) -> 0.12 | L24: =VLOOKUP($R$7,PREÇOS!$A$2:$L$31,3,FALSE) -> 3.9312 | M24: =L24*16 -> 62.8992 | N24: =IF($K$8="SIM",VLOOKUP($R$7,'ST PALITINHOS'!$A$1:$J$31,10,FALSE),VLOOKUP($R$7,'ST PALITINHOS'!$A$1:$J$31,9,FALSE)) -> 0 | O24: 0 | P24: =(L24+N24+O24)*16 -> 62.8992 | R24: =Q24*M24 -> 0 | S24: =Q24*P24 -> 0
B25: Biscoito inf Papapá org. Cenoura 20g | D25: 5078 | E25: 16 x 20g | F25: 9 meses | G25: =VLOOKUP($R$7,PSC!$A$2:$L$31,3,FALSE) -> 5.99 | H25: 1904.10.00 | I25: 7898969895071 | J25: 17898969895078 | K25: =VLOOKUP($R$7,'ST PALITINHOS'!A:B,2,FALSE) -> 0.12 | L25: =VLOOKUP($R$7,PREÇOS!$A$2:$L$31,3,FALSE) -> 3.9312 | M25: =L25*16 -> 62.8992 | N25: =IF($K$8="SIM",VLOOKUP($R$7,'ST PALITINHOS'!$A$1:$J$31,10,FALSE),VLOOKUP($R$7,'ST PALITINHOS'!$A$1:$J$31,9,FALSE)) -> 0 | O25: 0 | P25: =(L25+N25+O25)*16 -> 62.8992 | R25: =Q25*M25 -> 0 | S25: =Q25*P25 -> 0
B26: Biscoito inf Papapá org. Tomate/Manjericão 20g | D26: 5061 | E26: 16 x 20g | F26: 9 meses | G26: =VLOOKUP($R$7,PSC!$A$2:$L$31,3,FALSE) -> 5.99 | H26: 1904.10.00 | I26: 7898969895064 | J26: 17898969895061 | K26: =VLOOKUP($R$7,'ST PALITINHOS'!A:B,2,FALSE) -> 0.12 | L26: =VLOOKUP($R$7,PREÇOS!$A$2:$L$31,3,FALSE) -> 3.9312 | M26: =L26*16 -> 62.8992 | N26: =IF($K$8="SIM",VLOOKUP($R$7,'ST PALITINHOS'!$A$1:$J$31,10,FALSE),VLOOKUP($R$7,'ST PALITINHOS'!$A$1:$J$31,9,FALSE)) -> 0 | O26: 0 | P26: =(L26+N26+O26)*16 -> 62.8992 | R26: =Q26*M26 -> 0 | S26: =Q26*P26 -> 0
B28: Biscoito Inf Papapá dent. Maçã e Abóbora 36g | D28: 8774 | E28: 12 x 36g | F28: 15 meses | G28: =VLOOKUP($R$7,PSC!$A$2:$L$31,4,FALSE) -> 19.99 | H28: 1905.90.20 | I28: 7898994908777 | J28: 17898994908774 | K28: =VLOOKUP($R$7,'ST BISCOITINHOS'!A:B,2,FALSE) -> 0.04 | L28: =VLOOKUP($R$7,PREÇOS!$A$2:$L$31,4,FALSE) -> 13.3488 | M28: =L28*12 -> 160.1856 | N28: =IF($K$8="SIM",VLOOKUP($R$7,'ST BISCOITINHOS'!$A$1:$J$31,10,FALSE),VLOOKUP($R$7,'ST BISCOITINHOS'!$A$1:$J$31,9,FALSE)) -> 3.6802909 | O28: 0 | P28: =(L28+N28+O28)*12 -> 204.34909 | R28: =Q28*M28 -> 0 | S28: =Q28*P28 -> 0
B29: Biscoito Inf Papapá dent Vegetais 36g | D29: 8767 | E29: 12 x 36g | F29: 15 meses | G29: =VLOOKUP($R$7,PSC!$A$2:$L$31,4,FALSE) -> 19.99 | H29: 1905.90.20 | I29: 7898994908760 | J29: 17898994908767 | K29: =VLOOKUP($R$7,'ST BISCOITINHOS'!A:B,2,FALSE) -> 0.04 | L29: =VLOOKUP($R$7,PREÇOS!$A$2:$L$31,4,FALSE) -> 13.3488 | M29: =L29*12 -> 160.1856 | N29: =IF($K$8="SIM",VLOOKUP($R$7,'ST BISCOITINHOS'!$A$1:$J$31,10,FALSE),VLOOKUP($R$7,'ST BISCOITINHOS'!$A$1:$J$31,9,FALSE)) -> 3.6802909 | O29: 0 | P29: =(L29+N29+O29)*12 -> 204.34909 | R29: =Q29*M29 -> 0 | S29: =Q29*P29 -> 0
B31: Macarrao Inf Papapá m. Elbow Quinoa 200g | D31: 5290 | E31: 12 x 200g | F31: 14 meses | G31: =VLOOKUP($R$7,PSC!$A$2:$L$31,5,FALSE) -> 12.49 | H31: 19.02.19.00 | I31: 7898969895293 | J31: 17898969895293 | K31: =VLOOKUP($R$7,'ST PAPAPASTA'!A:B,2,FALSE) -> 0.12 | L31: =VLOOKUP($R$7,PREÇOS!$A$2:$L$31,5,FALSE) -> 8.619 | M31: =L31*12 -> 103.428 | N31: =IF($K$8="SIM",VLOOKUP($R$7,'ST PAPAPASTA'!$A$1:$J$31,10,FALSE),VLOOKUP($R$7,'ST PAPAPASTA'!$A$1:$J$31,9,FALSE)) -> 0 | O31: 0 | P31: =(L31+N31+O31)*12 -> 103.428 | R31: =Q31*M31 -> 0 | S31: =Q31*P31 -> 0
B32: Macarrao Inf Papapá m. Fusilli Vegetais 200g | D32: 5283 | E32: 12 x 200g | F32: 14 meses | G32: =VLOOKUP($R$7,PSC!$A$2:$L$31,5,FALSE) -> 12.49 | H32: 19.02.19.00 | I32: 7898969895286 | J32: 17898969895286 | K32: =VLOOKUP($R$7,'ST PAPAPASTA'!A:B,2,FALSE) -> 0.12 | L32: =VLOOKUP($R$7,PREÇOS!$A$2:$L$31,5,FALSE) -> 8.619 | M32: =L32*12 -> 103.428 | N32: =IF($K$8="SIM",VLOOKUP($R$7,'ST PAPAPASTA'!$A$1:$J$31,10,FALSE),VLOOKUP($R$7,'ST PAPAPASTA'!$A$1:$J$31,9,FALSE)) -> 0 | O32: 0 | P32: =(L32+N32+O32)*12 -> 103.428 | R32: =Q32*M32 -> 0 | S32: =Q32*P32 -> 0
B34: Sopinha Papapá org Lentinha Carne Legumes 180g | D34: 5276 | E34: 6 x 180g | F34: 16 meses | G34: =VLOOKUP($R$7,PSC!$A$2:$L$31,6,FALSE) -> 18.99 | H34: 2104.20.00 | I34: 7898969895279 | J34: 17898969895276 | K34: =VLOOKUP($R$7,'ST PAPAPASTA'!A:B,2,FALSE) -> 0.12 | L34: =VLOOKUP($R$7,PREÇOS!$A$2:$L$31,6,FALSE) -> 12.39 | M34: =L34*6 -> 74.34 | N34: 0 | O34: 0 | P34: =(L34+N34+O34)*6 -> 74.34 | R34: =Q34*M34 -> 0 | S34: =Q34*P34 -> 0
B35: Risotinho Papapá org Arroz quinoa frango 180g | D35: 5269 | E35: 6 x 180g | F35: 16 meses | G35: =VLOOKUP($R$7,PSC!$A$2:$L$31,6,FALSE) -> 18.99 | H35: 2104.20.00 | I35: 7898969895262 | J35: 17898969895269 | K35: =VLOOKUP($R$7,'ST PAPAPASTA'!A:B,2,FALSE) -> 0.12 | L35: =VLOOKUP($R$7,PREÇOS!$A$2:$L$31,6,FALSE) -> 12.39 | M35: =L35*6 -> 74.34 | N35: 0 | O35: 0 | P35: =(L35+N35+O35)*6 -> 74.34 | R35: =Q35*M35 -> 0 | S35: =Q35*P35 -> 0
B36: Caseirinho Papapá org Arroz feijão carne leg. 180g | D36: 5252 | E36: 6 x 180g | F36: 16 meses | G36: =VLOOKUP($R$7,PSC!$A$2:$L$31,6,FALSE) -> 18.99 | H36: 2104.20.00 | I36: 7898969895255 | J36: 17898969895252 | K36: =VLOOKUP($R$7,'ST PAPAPASTA'!A:B,2,FALSE) -> 0.12 | L36: =VLOOKUP($R$7,PREÇOS!$A$2:$L$31,6,FALSE) -> 12.39 | M36: =L36*6 -> 74.34 | N36: 0 | O36: 0 | P36: =(L36+N36+O36)*6 -> 74.34 | R36: =Q36*M36 -> 0 | S36: =Q36*P36 -> 0
B38: Cereal Infantil Papapá Aveia - Morango e Beterraba sache 170g | D38: 5402 | E38: 12 x 170g | F38: 12 meses | G38: =VLOOKUP($R$7,PSC!$A$2:$L$31,10,FALSE) -> 9.99 | H38: 19.01.10.30 | I38: 7898969895408 | J38: 27898969895402 | K38: =VLOOKUP($R$7,'ST CEREAL SABOR POUCH 170'!A:B,2,FALSE) -> 0.12 | L38: =VLOOKUP($R$7,PREÇOS!$A$2:$L$31,10,FALSE) -> 6.765 | M38: =L38*12 -> 81.18 | N38: =IF($K$8="SIM",VLOOKUP($R$7,'ST CEREAL SABOR POUCH 170'!$A$1:$J$31,10,FALSE),VLOOKUP($R$7,'ST CEREAL SABOR POUCH 170'!$A$1:$J$31,9,FALSE)) -> 0.9696951 | O38: 0 | P38: =(L38+N38+O38)*12 -> 92.816341 | R38: =Q38*M38 -> 0 | S38: =Q38*P38 -> 0
B39: Cereal Infantil Papapá Aveia - Banana e Ameixa sache 170g | D39: 5419 | E39: 12 x 170g | F39: 12 meses | G39: =VLOOKUP($R$7,PSC!$A$2:$L$31,10,FALSE) -> 9.99 | H39: 19.01.10.30 | I39: 7898969895415 | J39: 27898969895419 | K39: =VLOOKUP($R$7,'ST CEREAL SABOR POUCH 170'!A:B,2,FALSE) -> 0.12 | L39: =VLOOKUP($R$7,PREÇOS!$A$2:$L$31,10,FALSE) -> 6.765 | M39: =L39*12 -> 81.18 | N39: =IF($K$8="SIM",VLOOKUP($R$7,'ST CEREAL SABOR POUCH 170'!$A$1:$J$31,10,FALSE),VLOOKUP($R$7,'ST CEREAL SABOR POUCH 170'!$A$1:$J$31,9,FALSE)) -> 0.9696951 | O39: 0 | P39: =(L39+N39+O39)*12 -> 92.816341 | R39: =Q39*M39 -> 0 | S39: =Q39*P39 -> 0
B40: Cereal Infantil Papapá Aveia - Multicereais sache 170g | D40: 5429 | E40: 12 x 170g | F40: 12 meses | G40: =VLOOKUP($R$7,PSC!$A$2:$L$31,11,FALSE) -> 9.99 | H40: 19.01.10.30 | I40: 7898969895422 | J40: 17898969895429 | K40: =VLOOKUP($R$7,'ST MULTI 170 POUCH'!A:B,2,FALSE) -> 0.12 | L40: =VLOOKUP($R$7,PREÇOS!$A$2:$L$31,11,FALSE) -> 6.765 | M40: =L40*12 -> 81.18 | N40: =IF($K$8="SIM",VLOOKUP($R$7,'ST MULTI 170 POUCH'!$A$1:$J$31,10,FALSE),VLOOKUP($R$7,'ST MULTI 170 POUCH'!$A$1:$J$31,9,FALSE)) -> 0.9696951 | O40: 0 | P40: =(L40+N40+O40)*12 -> 92.816341 | R40: =Q40*M40 -> 0 | S40: =Q40*P40 -> 0
B41: Cereal Infantil Papapá Aveia - Multicereais sache 500g | D41: 5399 | E41: 12 x 500g | F41: 12 meses | G41: =VLOOKUP($R$7,PSC!$A$2:$L$31,12,FALSE) -> 23.99 | H41: 19.01.10.30 | I41: 7898969895392 | J41: 17898969895399 | K41: =VLOOKUP($R$7,'ST MULTI 500 POUCH'!A:B,2,FALSE) -> 0.12 | L41: =VLOOKUP($R$7,PREÇOS!$A$2:$L$31,12,FALSE) -> 16.1892 | M41: =L41*12 -> 194.2704 | N41: =IF($K$8="SIM",VLOOKUP($R$7,'ST MULTI 500 POUCH'!$A$1:$J$31,10,FALSE),VLOOKUP($R$7,'ST MULTI 500 POUCH'!$A$1:$J$31,9,FALSE)) -> 2.3205599 | O41: 0 | P41: =(L41+N41+O41)*12 -> 222.11712 | R41: =Q41*M41 -> 0 | S41: =Q41*P41 -> 0
B43: Biscoito Infantil Papapá Biscotti com Laranja e Cenoura 60g | D43: 5375 | E43: 12 x 60g | F43: 10 meses | G43: =VLOOKUP($R$7,PSC!$A$2:$L$31,8,FALSE) -> 13.49 | H43: 1905.90.20 | I43: 7898969895378 | J43: 17898969895375 | K43: =VLOOKUP($R$7,'ST BISCOTTI'!A:B,2,FALSE) -> 0.12 | L43: =VLOOKUP($R$7,PREÇOS!$A$2:$L$31,8,FALSE) -> 8.988 | M43: =L43*12 -> 107.856 | N43: =IF($K$8="SIM",VLOOKUP($R$7,'ST BISCOTTI'!$A$1:$J$31,10,FALSE),VLOOKUP($R$7,'ST BISCOTTI'!$A$1:$J$31,9,FALSE)) -> 1.5224414 | O43: 0 | P43: =(L43+N43+O43)*12 -> 126.1253 | R43: =Q43*M43 -> 0 | S43: =Q43*P43 -> 0
B44: Biscoito Infantil Papapá Biscotti com Maçã e Canela 60g | D44: 5351 | E44: 12 x 60g | F44: 10 meses | G44: =VLOOKUP($R$7,PSC!$A$2:$L$31,8,FALSE) -> 13.49 | H44: 1905.90.20 | I44: 7898969895354 | J44: 17898969895351 | K44: =VLOOKUP($R$7,'ST BISCOTTI'!A:B,2,FALSE) -> 0.12 | L44: =VLOOKUP($R$7,PREÇOS!$A$2:$L$31,8,FALSE) -> 8.988 | M44: =L44*12 -> 107.856 | N44: =IF($K$8="SIM",VLOOKUP($R$7,'ST BISCOTTI'!$A$1:$J$31,10,FALSE),VLOOKUP($R$7,'ST BISCOTTI'!$A$1:$J$31,9,FALSE)) -> 1.5224414 | O44: 0 | P44: =(L44+N44+O44)*12 -> 126.1253 | R44: =Q44*M44 -> 0 | S44: =Q44*P44 -> 0
B45: Biscoito Infantil Papapá Biscotti com Banana e Cacau 60g | D45: 5368 | E45: 12 x 60g | F45: 10 meses | G45: =VLOOKUP($R$7,PSC!$A$2:$L$31,8,FALSE) -> 13.49 | H45: 1905.90.20 | I45: 7898969895361 | J45: 17898969895368 | K45: =VLOOKUP($R$7,'ST BISCOTTI'!A:B,2,FALSE) -> 0.12 | L45: =VLOOKUP($R$7,PREÇOS!$A$2:$L$31,8,FALSE) -> 8.988 | M45: =L45*12 -> 107.856 | N45: =IF($K$8="SIM",VLOOKUP($R$7,'ST BISCOTTI'!$A$1:$J$31,10,FALSE),VLOOKUP($R$7,'ST BISCOTTI'!$A$1:$J$31,9,FALSE)) -> 1.5224414 | O45: 0 | P45: =(L45+N45+O45)*12 -> 126.1253 | R45: =Q45*M45 -> 0 | S45: =Q45*P45 -> 0
B46: Biscoito Infantil Papapá Biscotti Goiaba 60g | D46: 5597 | E46: 12 x 60g | F46: 10 meses | G46: =VLOOKUP($R$7,PSC!$A$2:$L$31,8,FALSE) -> 13.49 | H46: 1905.90.20 | I46: 7898969895590 | J46: 17898969895597 | K46: =VLOOKUP($R$7,'ST BISCOTTI'!A:B,2,FALSE) -> 0.12 | L46: =VLOOKUP($R$7,PREÇOS!$A$2:$L$31,8,FALSE) -> 8.988 | M46: =L46*12 -> 107.856 | N46: =IF($K$8="SIM",VLOOKUP($R$7,'ST BISCOTTI'!$A$1:$J$31,10,FALSE),VLOOKUP($R$7,'ST BISCOTTI'!$A$1:$J$31,9,FALSE)) -> 1.5224414 | O46: 0 | P46: =(L46+N46+O46)*12 -> 126.1253 | R46: =Q46*M46 -> 0 | S46: =Q46*P46 -> 0
B47: Biscoito Infantil Papapá Biscotti com Maracujá e Camomila 60g | D47: 5580 | E47: 12 x 60g | F47: 10 meses | G47: =VLOOKUP($R$7,PSC!$A$2:$L$31,8,FALSE) -> 13.49 | H47: 1905.90.20 | I47: 7898969895583 | J47: 17898969895580 | K47: =VLOOKUP($R$7,'ST BISCOTTI'!A:B,2,FALSE) -> 0.12 | L47: =VLOOKUP($R$7,PREÇOS!$A$2:$L$31,8,FALSE) -> 8.988 | M47: =L47*12 -> 107.856 | N47: =IF($K$8="SIM",VLOOKUP($R$7,'ST BISCOTTI'!$A$1:$J$31,10,FALSE),VLOOKUP($R$7,'ST BISCOTTI'!$A$1:$J$31,9,FALSE)) -> 1.5224414 | O47: 0 | P47: =(L47+N47+O47)*12 -> 126.1253 | R47: =Q47*M47 -> 0 | S47: =Q47*P47 -> 0
B49: Sopinha Papapá Frango Arroz Legumes 240g (2x 120g) | D49: 5610 | E49: 6 x 240g | F49: 12 meses | G49: 18.99 | H49: 2104.20.00 | I49: 7898969895613 | J49: 17898969895610 | K49: =VLOOKUP($R$7,'ST BISCOTTI'!A:B,2,FALSE) -> 0.12 | L49: =VLOOKUP($R$7,PREÇOS!$A$2:$N$31,14,FALSE) -> 12.94 | M49: =L49*6 -> 77.64 | N49: 0 | O49: 0 | P49: =(L49+N49+O49)*6 -> 77.64 | R49: =Q49*M49 -> 0 | S49: =Q49*P49 -> 0
B50: Sopinha Papapá Carne Macarrao Legumes 240g (2x 120g) | D50: 5634 | E50: 6 x 240g | F50: 12 meses | G50: 18.99 | H50: 2104.20.00 | I50: 7898969895637 | J50: 17898969895634 | K50: =VLOOKUP($R$7,'ST BISCOTTI'!A:B,2,FALSE) -> 0.12 | L50: =VLOOKUP($R$7,PREÇOS!$A$2:$N$31,14,FALSE) -> 12.94 | M50: =L50*6 -> 77.64 | N50: 0 | O50: 0 | P50: =(L50+N50+O50)*6 -> 77.64 | R50: =Q50*M50 -> 0 | S50: =Q50*P50 -> 0
B51: Sopinha Papapá Carne Mandioq Leg 240g (2x 120g) | D51: 5627 | E51: 6 x 240g | F51: 12 meses | G51: 18.99 | H51: 2104.20.00 | I51: 7898969895620 | J51: 17898969895627 | K51: =VLOOKUP($R$7,'ST BISCOTTI'!A:B,2,FALSE) -> 0.12 | L51: =VLOOKUP($R$7,PREÇOS!$A$2:$N$31,14,FALSE) -> 12.94 | M51: =L51*6 -> 77.64 | N51: 0 | O51: 0 | P51: =(L51+N51+O51)*6 -> 77.64 | R51: =Q51*M51 -> 0 | S51: =Q51*P51 -> 0
B52: Sopinha Papapá Feijão Carne Leg 240g (2x 120g) | D52: 5603 | E52: 6 x 240g | F52: 12 meses | G52: 18.99 | H52: 2104.20.00 | I52: 7898969895606 | J52: 17898969895603 | K52: =VLOOKUP($R$7,'ST BISCOTTI'!A:B,2,FALSE) -> 0.12 | L52: =VLOOKUP($R$7,PREÇOS!$A$2:$N$31,14,FALSE) -> 12.94 | M52: =L52*6 -> 77.64 | N52: 0 | O52: 0 | P52: =(L52+N52+O52)*6 -> 77.64 | R52: =Q52*M52 -> 0 | S52: =Q52*P52 -> 0
B54: Salgadinho Integral Orgânico Queijo Papapa Era Uma Vez 40g | D54: 5670 | E54: 18 x 40g | F54: 9 meses | G54: =VLOOKUP($R$7,PSC!$A$2:$Q$31,15,FALSE) -> 8.99 | H54: 1904.10.00 | I54: 7898969895811 | J54: 17898969895818 | K54: =VLOOKUP($R$7,'ST EXTRUSADOS'!A:B,2,FALSE) -> 0.12 | L54: =VLOOKUP($R$7,PREÇOS!$A$2:$Q$31,15,FALSE) -> 5.1 | M54: =L54*18 -> 91.8 | N54: =IF($K$8="SIM",VLOOKUP($R$7,'ST EXTRUSADOS'!$A$1:$J$31,10,FALSE),VLOOKUP($R$7,'ST EXTRUSADOS'!$A$1:$J$31,9,FALSE)) -> 0 | O54: 0 | P54: =(L54+N54+O54)*18 -> 91.8 | R54: =Q54*M54 -> 0 | S54: =Q54*P54 -> 0
B55: Salgadinho Integral Orgânico Cebola & Salsa Papapa Era Uma Vez 40g | D55: 5671 | E55: 18 x 40g | F55: 9 meses | G55: =VLOOKUP($R$7,PSC!$A$2:$Q$31,15,FALSE) -> 8.99 | H55: 1904.10.00 | I55: 7898969895804 | J55: 17898969895801 | K55: =VLOOKUP($R$7,'ST EXTRUSADOS'!A:B,2,FALSE) -> 0.12 | L55: =VLOOKUP($R$7,PREÇOS!$A$2:$Q$31,15,FALSE) -> 5.1 | M55: =L55*18 -> 91.8 | N55: =IF($K$8="SIM",VLOOKUP($R$7,'ST EXTRUSADOS'!$A$1:$J$31,10,FALSE),VLOOKUP($R$7,'ST EXTRUSADOS'!$A$1:$J$31,9,FALSE)) -> 0 | O55: 0 | P55: =(L55+N55+O55)*18 -> 91.8 | R55: =Q55*M55 -> 0 | S55: =Q55*P55 -> 0
B56: Salgadinho Integral Orgânico Churrasco Papapa Era Uma Vez 40g | D56: 5673 | E56: 18 x 40g | F56: 9 meses | G56: =VLOOKUP($R$7,PSC!$A$2:$Q$31,15,FALSE) -> 8.99 | H56: 1904.10.00 | I56: 7898969895798 | J56: 17898969895795 | K56: =VLOOKUP($R$7,'ST EXTRUSADOS'!A:B,2,FALSE) -> 0.12 | L56: =VLOOKUP($R$7,PREÇOS!$A$2:$Q$31,15,FALSE) -> 5.1 | M56: =L56*18 -> 91.8 | N56: =IF($K$8="SIM",VLOOKUP($R$7,'ST EXTRUSADOS'!$A$1:$J$31,10,FALSE),VLOOKUP($R$7,'ST EXTRUSADOS'!$A$1:$J$31,9,FALSE)) -> 0 | O56: 0 | P56: =(L56+N56+O56)*18 -> 91.8 | R56: =Q56*M56 -> 0 | S56: =Q56*P56 -> 0
B58: Biscoito Recheado de Frutas Amarelas Papapa Era Uma Vez 30g | D58: 5677 | E58: 8x30g | F58: 10 meses | G58: =VLOOKUP($R$7,PSC!$A$2:$Q$31,16,FALSE) -> 7.6 | H58: 1905.90.20 | I58: 7898969895828 | J58: 17898969895917 | K58: =VLOOKUP($R$7,'ST RECHEADOS'!A:B,2,FALSE) -> 0.12 | L58: =VLOOKUP($R$7,PREÇOS!$A$2:$Q$31,16,FALSE) -> 5 | M58: =L58*8 -> 40 | N58: =IF($K$8="SIM",VLOOKUP($R$7,'ST RECHEADOS'!$A$1:$J$31,10,FALSE),VLOOKUP($R$7,'ST RECHEADOS'!$A$1:$J$31,9,FALSE)) -> 0.84693 | O58: 0 | P58: =(L58+N58+O58)*8 -> 46.77544 | R58: =Q58*M58 -> 0 | S58: =Q58*P58 -> 0
B59: Biscoito Recheado de Morango Papapa Era Uma Vez 30g | D59: 5678 | E59: 8x30g | F59: 10 meses | G59: =VLOOKUP($R$7,PSC!$A$2:$Q$31,16,FALSE) -> 7.6 | H59: 1905.90.20 | I59: 7898969895835 | J59: 17898969895900 | K59: =VLOOKUP($R$7,'ST RECHEADOS'!A:B,2,FALSE) -> 0.12 | L59: =VLOOKUP($R$7,PREÇOS!$A$2:$Q$31,16,FALSE) -> 5 | M59: =L59*8 -> 40 | N59: =IF($K$8="SIM",VLOOKUP($R$7,'ST RECHEADOS'!$A$1:$J$31,10,FALSE),VLOOKUP($R$7,'ST RECHEADOS'!$A$1:$J$31,9,FALSE)) -> 0.84693 | O59: 0 | P59: =(L59+N59+O59)*8 -> 46.77544 | R59: =Q59*M59 -> 0 | S59: =Q59*P59 -> 0
B61: Bebida de Laranja Papapa Era Uma Vez 200ml | D61: 5680 | E61: 27 x 200 ml | F61: 8 meses | G61: =VLOOKUP($R$7,PSC!$A$2:$Q$31,17,FALSE) -> 5.19 | H61: 2202.99.00 | I61: 7898969895880 | J61: 17898969895887 | K61: =VLOOKUP($R$7,'ST BISCOTTI'!A:B,2,FALSE) -> 0.12 | L61: =VLOOKUP($R$7,PREÇOS!$A$2:$Q$31,17,FALSE) -> 3.3 | M61: =L61*27 -> 89.1 | N61: 0 | O61: 0 | P61: =(L61+N61+O61)*27 -> 89.1 | R61: =Q61*M61 -> 0 | S61: =Q61*P61 -> 0
B62: Bebida de Uva Papapa Era Uma Vez 200ml | D62: 5681 | E62: 27 x 200 ml | F62: 8 meses | G62: =VLOOKUP($R$7,PSC!$A$2:$Q$31,17,FALSE) -> 5.19 | H62: 2202.99.00 | I62: 7898969895859 | J62: 17898969895856 | K62: =VLOOKUP($R$7,'ST BISCOTTI'!A:B,2,FALSE) -> 0.12 | L62: =VLOOKUP($R$7,PREÇOS!$A$2:$Q$31,17,FALSE) -> 3.3 | M62: =L62*27 -> 89.1 | N62: 0 | O62: 0 | P62: =(L62+N62+O62)*27 -> 89.1 | R62: =Q62*M62 -> 0 | S62: =Q62*P62 -> 0
B63: Bebida de Morango Papapa Era Uma Vez 200ml | D63: 5682 | E63: 27 x 200 ml | F63: 8 meses | G63: =VLOOKUP($R$7,PSC!$A$2:$Q$31,17,FALSE) -> 5.19 | H63: 2202.99.00 | I63: 7898969895866 | J63: 17898969895863 | K63: =VLOOKUP($R$7,'ST BISCOTTI'!A:B,2,FALSE) -> 0.12 | L63: =VLOOKUP($R$7,PREÇOS!$A$2:$Q$31,17,FALSE) -> 3.3 | M63: =L63*27 -> 89.1 | N63: 0 | O63: 0 | P63: =(L63+N63+O63)*27 -> 89.1 | R63: =Q63*M63 -> 0 | S63: =Q63*P63 -> 0
B64: Bebida de Maçã Papapa Era Uma Vez 200ml | D64: 5683 | E64: 27 x 200 ml | F64: 8 meses | G64: =VLOOKUP($R$7,PSC!$A$2:$Q$31,17,FALSE) -> 5.19 | H64: 2202.99.00 | I64: 7898969895873 | J64: 17898969895870 | K64: =VLOOKUP($R$7,'ST BISCOTTI'!A:B,2,FALSE) -> 0.12 | L64: =VLOOKUP($R$7,PREÇOS!$A$2:$Q$31,17,FALSE) -> 3.3 | M64: =L64*27 -> 89.1 | N64: 0 | O64: 0 | P64: =(L64+N64+O64)*27 -> 89.1 | R64: =Q64*M64 -> 0 | S64: =Q64*P64 -> 0
B66: Bebida Láctea UHT Chocolate Papapa Era Uma Vez 200ml | D66: 5685 | E66: 27 x 200 ml | F66: 6 meses | G66: =VLOOKUP($R$7,PSC!$A$2:$T$31,18,FALSE) -> 5.99 | H66: 2202.99.00 | I66: 7898969895897 | J66: 17898969895894 | K66: =VLOOKUP($R$7,'ST BISCOTTI'!A:B,2,FALSE) -> 0.12 | L66: =VLOOKUP($R$7,PREÇOS!$A$2:$T$31,18,FALSE) -> 3.96 | M66: =L66*27 -> 106.92 | N66: 0 | O66: 0 | P66: =(L66+N66+O66)*27 -> 106.92 | R66: =Q66*M66 -> 0 | S66: =Q66*P66 -> 0
B68: Kit De Talheres Infantil - Azul | D68: 5641 | E68: 1un | F68: Indeterminado | G68: =VLOOKUP($R$7,PSC!$A$2:$V$31,19,FALSE) -> 35 | H68: 3924.10.00 | I68: 7898969895644 | J68: 17898969895641 | K68: =VLOOKUP($R$7,'ST BISCOITINHOS'!A:B,2,FALSE) -> 0.04 | L68: =VLOOKUP($R$7,PREÇOS!$A$2:$V$31,19,FALSE) -> 17 | M68: =L68 -> 17 | N68: 0 | O68: =L68*6.5% -> 1.105 | P68: =(L68+N68+O68) -> 18.105 | R68: =Q68*M68 -> 0 | S68: =Q68*P68 -> 0
B69: Kit De Talheres Infantil - Verde | D69: 5658 | E69: 1un | F69: Indeterminado | G69: =VLOOKUP($R$7,PSC!$A$2:$V$31,19,FALSE) -> 35 | H69: 3924.10.00 | I69: 7898969895651 | J69: 17898969895658 | K69: =VLOOKUP($R$7,'ST BISCOITINHOS'!A:B,2,FALSE) -> 0.04 | L69: =VLOOKUP($R$7,PREÇOS!$A$2:$V$31,19,FALSE) -> 17 | M69: =L69 -> 17 | N69: 0 | O69: =L69*6.5% -> 1.105 | P69: =(L69+N69+O69) -> 18.105 | R69: =Q69*M69 -> 0 | S69: =Q69*P69 -> 0
B70: Kit De Talheres Infantil - Rosa | D70: 5665 | E70: 1un | F70: Indeterminado | G70: =VLOOKUP($R$7,PSC!$A$2:$V$31,19,FALSE) -> 35 | H70: 3924.10.00 | I70: 7898969895668 | J70: 17898969895665 | K70: =VLOOKUP($R$7,'ST BISCOITINHOS'!A:B,2,FALSE) -> 0.04 | L70: =VLOOKUP($R$7,PREÇOS!$A$2:$V$31,19,FALSE) -> 17 | M70: =L70 -> 17 | N70: 0 | O70: =L70*6.5% -> 1.105 | P70: =(L70+N70+O70) -> 18.105 | R70: =Q70*M70 -> 0 | S70: =Q70*P70 -> 0
B71: Babador Infantil Com Bolso - Azul | D71: 5733 | E71: 1un | F71: Indeterminado | G71: =VLOOKUP($R$7,PSC!$A$2:$V$31,21,FALSE) -> 26 | H71: 3924.10.00 | I71: 7898969895736 | J71: 17898969895733 | K71: =VLOOKUP($R$7,'ST BISCOITINHOS'!A:B,2,FALSE) -> 0.04 | L71: =VLOOKUP($R$7,PREÇOS!$A$2:$V$31,20,FALSE) -> 15 | M71: =L71 -> 15 | N71: 0 | O71: =L71*6.5% -> 0.975 | P71: =(L71+N71+O71) -> 15.975 | R71: =Q71*M71 -> 0 | S71: =Q71*P71 -> 0
B72: Babador Infantil Com Bolso - Verde | D72: 5740 | E72: 1un | F72: Indeterminado | G72: =VLOOKUP($R$7,PSC!$A$2:$V$31,21,FALSE) -> 26 | H72: 3924.10.00 | I72: 7898969895743 | J72: 17898969895740 | K72: =VLOOKUP($R$7,'ST BISCOITINHOS'!A:B,2,FALSE) -> 0.04 | L72: =VLOOKUP($R$7,PREÇOS!$A$2:$V$31,20,FALSE) -> 15 | M72: =L72 -> 15 | N72: 0 | O72: =L72*6.5% -> 0.975 | P72: =(L72+N72+O72) -> 15.975 | R72: =Q72*M72 -> 0 | S72: =Q72*P72 -> 0
B73: Babador Infantil Com Bolso - Rosa | D73: 5757 | E73: 1un | F73: Indeterminado | G73: =VLOOKUP($R$7,PSC!$A$2:$V$31,21,FALSE) -> 26 | H73: 3924.10.00 | I73: 7898969895750 | J73: 17898969895757 | K73: =VLOOKUP($R$7,'ST BISCOITINHOS'!A:B,2,FALSE) -> 0.04 | L73: =VLOOKUP($R$7,PREÇOS!$A$2:$V$31,20,FALSE) -> 15 | M73: =L73 -> 15 | N73: 0 | O73: =L73*6.5% -> 0.975 | P73: =(L73+N73+O73) -> 15.975 | R73: =Q73*M73 -> 0 | S73: =Q73*P73 -> 0
B74: Bowl Infantil Com Ventosa - Azul | D74: 5702 | E74: 1un | F74: Indeterminado | G74: =VLOOKUP($R$7,PSC!$A$2:$V$31,20,FALSE) -> 35 | H74: 3924.10.00 | I74: 7898969895705 | J74: 17898969895702 | K74: =VLOOKUP($R$7,'ST BISCOITINHOS'!A:B,2,FALSE) -> 0.04 | L74: =VLOOKUP($R$7,PREÇOS!$A$2:$V$31,21,FALSE) -> 19 | M74: =L74 -> 19 | N74: 0 | O74: =L74*6.5% -> 1.235 | P74: =(L74+N74+O74) -> 20.235 | R74: =Q74*M74 -> 0 | S74: =Q74*P74 -> 0
B75: Bowl Infantil Com Ventosa - Verde | D75: 5719 | E75: 1un | F75: Indeterminado | G75: =VLOOKUP($R$7,PSC!$A$2:$V$31,20,FALSE) -> 35 | H75: 3924.10.00 | I75: 7898969895712 | J75: 17898969895719 | K75: =VLOOKUP($R$7,'ST BISCOITINHOS'!A:B,2,FALSE) -> 0.04 | L75: =VLOOKUP($R$7,PREÇOS!$A$2:$V$31,21,FALSE) -> 19 | M75: =L75 -> 19 | N75: 0 | O75: =L75*6.5% -> 1.235 | P75: =(L75+N75+O75) -> 20.235 | R75: =Q75*M75 -> 0 | S75: =Q75*P75 -> 0
B76: Bowl Infantil Com Ventosa - Rosa | D76: 5726 | E76: 1un | F76: Indeterminado | G76: =VLOOKUP($R$7,PSC!$A$2:$V$31,20,FALSE) -> 35 | H76: 3924.10.00 | I76: 7898969895729 | J76: 17898969895726 | K76: =VLOOKUP($R$7,'ST BISCOITINHOS'!A:B,2,FALSE) -> 0.04 | L76: =VLOOKUP($R$7,PREÇOS!$A$2:$V$31,21,FALSE) -> 19 | M76: =L76 -> 19 | N76: 0 | O76: =L76*6.5% -> 1.235 | P76: =(L76+N76+O76) -> 20.235 | R76: =Q76*M76 -> 0 | S76: =Q76*P76 -> 0
B77: Pratinho Infantil Com Ventosa - Azul | D77: 5675 | E77: 1un | F77: Indeterminado | G77: =VLOOKUP($R$7,PSC!$A$2:$V$31,22,FALSE) -> 47 | H77: 3924.10.00 | I77: 7898969895675 | J77: 17898969895672 | K77: =VLOOKUP($R$7,'ST BISCOITINHOS'!A:B,2,FALSE) -> 0.04 | L77: =VLOOKUP($R$7,PREÇOS!$A$2:$V$31,22,FALSE) -> 28.29 | M77: =L77 -> 28.29 | N77: 0 | O77: =L77*6.5% -> 1.83885 | P77: =(L77+N77+O77) -> 30.12885 | R77: =Q77*M77 -> 0 | S77: =Q77*P77 -> 0
B78: Pratinho Infantil Com Ventosa - Verde | D78: 5689 | E78: 1un | F78: Indeterminado | G78: =VLOOKUP($R$7,PSC!$A$2:$V$31,22,FALSE) -> 47 | H78: 3924.10.00 | I78: 7898969895682 | J78: 17898969895689 | K78: =VLOOKUP($R$7,'ST BISCOITINHOS'!A:B,2,FALSE) -> 0.04 | L78: =VLOOKUP($R$7,PREÇOS!$A$2:$V$31,22,FALSE) -> 28.29 | M78: =L78 -> 28.29 | N78: 0 | O78: =L78*6.5% -> 1.83885 | P78: =(L78+N78+O78) -> 30.12885 | R78: =Q78*M78 -> 0 | S78: =Q78*P78 -> 0
B79: Pratinho Infantil Com Ventosa - Rosa | D79: 5696 | E79: 1un | F79: Indeterminado | G79: =VLOOKUP($R$7,PSC!$A$2:$V$31,22,FALSE) -> 47 | H79: 3924.10.00 | I79: 7898969895699 | J79: 17898969895696 | K79: =VLOOKUP($R$7,'ST BISCOITINHOS'!A:B,2,FALSE) -> 0.04 | L79: =VLOOKUP($R$7,PREÇOS!$A$2:$V$31,22,FALSE) -> 28.29 | M79: =L79 -> 28.29 | N79: 0 | O79: =L79*6.5% -> 1.83885 | P79: =(L79+N79+O79) -> 30.12885 | R79: =Q79*M79 -> 0 | S79: =Q79*P79 -> 0
N80: (*) quando inside ST ou IPI o respectivo valor do imposto é adicionado nestas colunas
P82: VALOR TOTAL PRODUTOS (R$): | S82: =SUM(R11:R79) -> 0
P84: VALOR ST (R$): | S84: =S86-S82 -> 0
P86: VALOR TOTAL PEDIDO (R$): | S86: =SUM(S11:S79) -> 0

Sheet Planilha1
C2: SIM
C3: NÃO

Sheet ST BISCOITINHOS
A1: Estado | B1: Aliquota interestadual | C1: Aliquota interna | D1: MVA (normal) | E1: MVA (simples) | F1: Ajustada (normal) | G1: Ajustada (simples) | H1: Preço | I1: ST Normal | J1: ST Simples
A2: AC | B2: 0.04 | C2: 0.04 | H2: =PREÇOS!D3 -> 13.3488 | I2: =IF(F2=0,,H2*(1+F2)*C2-(H2*B2)) -> 0 | J2: =IF(G2=0,IF(F2=0,,H2*(1+F2)*C2-(H2*B2)),H2*(1+G2)*C2-(H2*B2)) -> 0
A3: AL | B3: 0.04 | C3: 0.2 | D3: 0.3 | F3: 0.56 | H3: =PREÇOS!D4 -> 13.3488 | I3: =IF(F3=0,,H3*(1+F3)*C3-(H3*B3)) -> 3.6308736 | J3: =IF(G3=0,IF(F3=0,,H3*(1+F3)*C3-(H3*B3)),H3*(1+G3)*C3-(H3*B3)) -> 3.6308736
A4: AM | B4: 0.04 | C4: 0.04 | H4: =PREÇOS!D5 -> 13.3488 | I4: =IF(F4=0,,H4*(1+F4)*C4-(H4*B4)) -> 0 | J4: =IF(G4=0,IF(F4=0,,H4*(1+F4)*C4-(H4*B4)),H4*(1+G4)*C4-(H4*B4)) -> 0
A5: AP | B5: 0.04 | C5: 0.18 | D5: 0.34 | F5: 0.5688 | H5: =PREÇOS!D6 -> 13.3488 | I5: =IF(F5=0,,H5*(1+F5)*C5-(H5*B5)) -> 3.2355355 | J5: =IF(G5=0,IF(F5=0,,H5*(1+F5)*C5-(H5*B5)),H5*(1+G5)*C5-(H5*B5)) -> 3.2355355
A6: BA | B6: 0.04 | C6: 0.04 | H6: =PREÇOS!D7 -> 13.3488 | I6: =IF(F6=0,,H6*(1+F6)*C6-(H6*B6)) -> 0 | J6: =IF(G6=0,IF(F6=0,,H6*(1+F6)*C6-(H6*B6)),H6*(1+G6)*C6-(H6*B6)) -> 0
A7: CE | B7: 0.04 | C7: 0.04 | H7: =PREÇOS!D8 -> 13.3488 | I7: =IF(F7=0,,H7*(1+F7)*C7-(H7*B7)) -> 0 | J7: =IF(G7=0,IF(F7=0,,H7*(1+F7)*C7-(H7*B7)),H7*(1+G7)*C7-(H7*B7)) -> 0
A8: DF | B8: 0.04 | C8: 0.04 | H8: =PREÇOS!D9 -> 13.3488 | I8: =IF(F8=0,,H8*(1+F8)*C8-(H8*B8)) -> 0 | J8: =IF(G8=0,IF(F8=0,,H8*(1+F8)*C8-(H8*B8)),H8*(1+G8)*C8-(H8*B8)) -> 0
A9: ES | B9: 0.04 | C9: 0.04 | H9: =PREÇOS!D10 -> 13.3488 | I9: =IF(F9=0,,H9*(1+F9)*C9-(H9*B9)) -> 0 | J9: =IF(G9=0,IF(F9=0,,H9*(1+F9)*C9-(H9*B9)),H9*(1+G9)*C9-(H9*B9)) -> 0
A10: GO | B10: 0.04 | C10: 0.04 | H10: =PREÇOS!D11 -> 13.3488 | I10: =IF(F10=0,,H10*(1+F10)*C10-(H10*B10)) -> 0 | J10: =IF(G10=0,IF(F10=0,,H10*(1+F10)*C10-(H10*B10)),H10*(1+G10)*C10-(H10*B10)) -> 0
A11: MA | B11: 0.04 | C11: 0.04 | H11: =PREÇOS!D12 -> 13.3488 | I11: =IF(F11=0,,H11*(1+F11)*C11-(H11*B11)) -> 0 | J11: =IF(G11=0,IF(F11=0,,H11*(1+F11)*C11-(H11*B11)),H11*(1+G11)*C11-(H11*B11)) -> 0
A12: MG | B12: 0.04 | C12: 0.18 | D12: 0.25 | F12: 0.3636 | H12: =PREÇOS!D13 -> 13.3488 | I12: =IF(F12=0,,H12*(1+F12)*C12-(H12*B12)) -> 2.7424843 | J12: =IF(G12=0,IF(F12=0,,H12*(1+F12)*C12-(H12*B12)),H12*(1+G12)*C12-(H12*B12)) -> 2.7424843
A13: MS | B13: 0.04 | C13: 0.04 | H13: =PREÇOS!D14 -> 13.3488 | I13: =IF(F13=0,,H13*(1+F13)*C13-(H13*B13)) -> 0 | J13: =IF(G13=0,IF(F13=0,,H13*(1+F13)*C13-(H13*B13)),H13*(1+G13)*C13-(H13*B13)) -> 0
A14: MT | B14: 0.04 | C14: 0.04 | H14: =PREÇOS!D15 -> 13.3488 | I14: =IF(F14=0,,H14*(1+F14)*C14-(H14*B14)) -> 0 | J14: =IF(G14=0,IF(F14=0,,H14*(1+F14)*C14-(H14*B14)),H14*(1+G14)*C14-(H14*B14)) -> 0
A15: PA | B15: 0.04 | C15: 0.04 | H15: =PREÇOS!D16 -> 13.3488 | I15: =IF(F15=0,,H15*(1+F15)*C15-(H15*B15)) -> 0 | J15: =IF(G15=0,IF(F15=0,,H15*(1+F15)*C15-(H15*B15)),H15*(1+G15)*C15-(H15*B15)) -> 0
A16: PB | B16: 0.04 | C16: 0.04 | H16: =PREÇOS!D17 -> 13.3488 | I16: =IF(F16=0,,H16*(1+F16)*C16-(H16*B16)) -> 0 | J16: =IF(G16=0,IF(F16=0,,H16*(1+F16)*C16-(H16*B16)),H16*(1+G16)*C16-(H16*B16)) -> 0
A17: PE | B17: 0.04 | C17: 0.04 | H17: =PREÇOS!D18 -> 13.3488 | I17: =IF(F17=0,,H17*(1+F17)*C17-(H17*B17)) -> 0 | J17: =IF(G17=0,IF(F17=0,,H17*(1+F17)*C17-(H17*B17)),H17*(1+G17)*C17-(H17*B17)) -> 0
A18: PI | B18: 0.04 | C18: 0.04 | H18: =PREÇOS!D19 -> 13.3488 | I18: =IF(F18=0,,H18*(1+F18)*C18-(H18*B18)) -> 0 | J18: =IF(G18=0,IF(F18=0,,H18*(1+F18)*C18-(H18*B18)),H18*(1+G18)*C18-(H18*B18)) -> 0
A19: PR | B19: 0.12 | C19: 0.12 | H19: =PREÇOS!D20 -> 14.562327 | I19: =IF(F19=0,,H19*(1+F19)*C19-(H19*B19)) -> 0 | J19: =IF(G19=0,IF(F19=0,,H19*(1+F19)*C19-(H19*B19)),H19*(1+G19)*C19-(H19*B19)) -> 0
A20: RJ | B20: 0.04 | C20: 0.22 | D20: 0.352 | F20: 0.664 | H20: =PREÇOS!D21 -> 13.3488 | I20: =IF(F20=0,,H20*(1+F20)*C20-(H20*B20)) -> 4.3527767 | J20: =IF(G20=0,IF(F20=0,,H20*(1+F20)*C20-(H20*B20)),H20*(1+G20)*C20-(H20*B20)) -> 4.3527767
A21: RN | B21: 0.04 | C21: 0.04 | H21: =PREÇOS!D22 -> 13.3488 | I21: =IF(F21=0,,H21*(1+F21)*C21-(H21*B21)) -> 0 | J21: =IF(G21=0,IF(F21=0,,H21*(1+F21)*C21-(H21*B21)),H21*(1+G21)*C21-(H21*B21)) -> 0
A22: RO | B22: 0.04 | C22: 0.04 | H22: =PREÇOS!D23 -> 13.3488 | I22: =IF(F22=0,,H22*(1+F22)*C22-(H22*B22)) -> 0 | J22: =IF(G22=0,IF(F22=0,,H22*(1+F22)*C22-(H22*B22)),H22*(1+G22)*C22-(H22*B22)) -> 0
A23: RR | B23: 0.04 | C23: 0.04 | H23: =PREÇOS!D24 -> 13.3488 | I23: =IF(F23=0,,H23*(1+F23)*C23-(H23*B23)) -> 0 | J23: =IF(G23=0,IF(F23=0,,H23*(1+F23)*C23-(H23*B23)),H23*(1+G23)*C23-(H23*B23)) -> 0
A24: RS | B24: 0.04 | C24: 0.04 | H24: =PREÇOS!D25 -> 13.3488 | I24: =IF(F24=0,,H24*(1+F24)*C24-(H24*B24)) -> 0 | J24: =IF(G24=0,IF(F24=0,,H24*(1+F24)*C24-(H24*B24)),H24*(1+G24)*C24-(H24*B24)) -> 0
A25: SC | B25: 0.04 | C25: 0.04 | H25: =PREÇOS!D26 -> 13.3488 | I25: =IF(F25=0,,H25*(1+F25)*C25-(H25*B25)) -> 0 | J25: =IF(G25=0,IF(F25=0,,H25*(1+F25)*C25-(H25*B25)),H25*(1+G25)*C25-(H25*B25)) -> 0
A26: SE | B26: 0.04 | C26: 0.04 | H26: =PREÇOS!D27 -> 13.3488 | I26: =IF(F26=0,,H26*(1+F26)*C26-(H26*B26)) -> 0 | J26: =IF(G26=0,IF(F26=0,,H26*(1+F26)*C26-(H26*B26)),H26*(1+G26)*C26-(H26*B26)) -> 0
A27: SP | B27: 0.04 | C27: 0.18 | D27: 0.7539 | F27: 0.7539 | H27: =PREÇOS!D28 -> 13.3488 | I27: =IF(F27=0,,H27*(1+F27)*C27-(H27*B27)) -> 3.6802909 | J27: =IF(G27=0,IF(F27=0,,H27*(1+F27)*C27-(H27*B27)),H27*(1+G27)*C27-(H27*B27)) -> 3.6802909 | K27: =J27/H27 -> 0.275702
A28: SP/Atacado | B28: =B27 -> 0.04 | C28: =C27 -> 0.18 | D28: =D27 -> 0.7539 | E28: =E27 -> 0 | F28: =F27 -> 0.7539 | G28: =G27 -> 0 | H28: =PREÇOS!D29 -> 13.3488 | I28: =IF(F28=0,,H28*(1+F28)*C28-(H28*B28)) -> 3.6802909 | J28: =IF(G28=0,IF(F28=0,,H28*(1+F28)*C28-(H28*B28)),H28*(1+G28)*C28-(H28*B28)) -> 3.6802909
A29: TO | B29: 0.04 | C29: 0.04 | H29: =PREÇOS!D30 -> 13.3488 | I29: =IF(F29=0,,H29*(1+F29)*C29-(H29*B29)) -> 0 | J29: =IF(G29=0,IF(F29=0,,H29*(1+F29)*C29-(H29*B29)),H29*(1+G29)*C29-(H29*B29)) -> 0
A30: EX | H30: =PREÇOS!D31 -> 11.580084 | I30: =IF(F30=0,,H30*(1+F30)*C30-(H30*B30)) -> 0 | J30: =IF(G30=0,IF(F30=0,,H30*(1+F30)*C30-(H30*B30)),H30*(1+G30)*C30-(H30*B30)) -> 0

Sheet ST PAPAPASTA
A1: Estado | B1: Aliquota interestadual | C1: Aliquota interna | D1: MVA (normal) | E1: MVA (simples) | F1: Ajustada (normal) | G1: Ajustada (simples) | H1: Preço | I1: ST Normal | J1: ST Simples
A2: AC | B2: 0.07 | C2: 0.07 | H2: =PREÇOS!E3 -> 8.1556129 | I2: =IF(F2=0,,H2*(1+F2)*C2-(H2*B2)) -> 0 | J2: =IF(G2=0,IF(F2=0,,H2*(1+F2)*C2-(H2*B2)),H2*(1+G2)*C2-(H2*B2)) -> 0
A3: AL | B3: 0.07 | C3: 0.19 | D3: 0.2 | F3: 0.361 | H3: =PREÇOS!E4 -> 8.1556129 | I3: =IF(F3=0,,H3*(1+F3)*C3-(H3*B3)) -> 1.538067 | J3: =IF(G3=0,IF(F3=0,,H3*(1+F3)*C3-(H3*B3)),H3*(1+G3)*C3-(H3*B3)) -> 1.538067
A4: AM | B4: 0.07 | C4: 0.07 | H4: =PREÇOS!E5 -> 8.1556129 | I4: =IF(F4=0,,H4*(1+F4)*C4-(H4*B4)) -> 0 | J4: =IF(G4=0,IF(F4=0,,H4*(1+F4)*C4-(H4*B4)),H4*(1+G4)*C4-(H4*B4)) -> 0
A5: AP | B5: 0.07 | C5: 0.18 | D5: 0.38 | F5: 0.5651 | H5: =PREÇOS!E6 -> 8.1556129 | I5: =IF(F5=0,,H5*(1+F5)*C5-(H5*B5)) -> 1.7266901 | J5: =IF(G5=0,IF(F5=0,,H5*(1+F5)*C5-(H5*B5)),H5*(1+G5)*C5-(H5*B5)) -> 1.7266901
A6: BA | B6: 0.07 | C6: 0.07 | H6: =PREÇOS!E7 -> 8.1556129 | I6: =IF(F6=0,,H6*(1+F6)*C6-(H6*B6)) -> 0 | J6: =IF(G6=0,IF(F6=0,,H6*(1+F6)*C6-(H6*B6)),H6*(1+G6)*C6-(H6*B6)) -> 0
A7: CE | B7: 0.07 | C7: 0.07 | H7: =PREÇOS!E8 -> 8.1556129 | I7: =IF(F7=0,,H7*(1+F7)*C7-(H7*B7)) -> 0 | J7: =IF(G7=0,IF(F7=0,,H7*(1+F7)*C7-(H7*B7)),H7*(1+G7)*C7-(H7*B7)) -> 0
A8: DF | B8: 0.07 | C8: 0.07 | H8: =PREÇOS!E9 -> 8.1556129 | I8: =IF(F8=0,,H8*(1+F8)*C8-(H8*B8)) -> 0 | J8: =IF(G8=0,IF(F8=0,,H8*(1+F8)*C8-(H8*B8)),H8*(1+G8)*C8-(H8*B8)) -> 0
A9: ES | B9: 0.07 | C9: 0.07 | H9: =PREÇOS!E10 -> 8.1556129 | I9: =IF(F9=0,,H9*(1+F9)*C9-(H9*B9)) -> 0 | J9: =IF(G9=0,IF(F9=0,,H9*(1+F9)*C9-(H9*B9)),H9*(1+G9)*C9-(H9*B9)) -> 0
A10: GO | B10: 0.07 | C10: 0.07 | H10: =PREÇOS!E11 -> 8.1556129 | I10: =IF(F10=0,,H10*(1+F10)*C10-(H10*B10)) -> 0 | J10: =IF(G10=0,IF(F10=0,,H10*(1+F10)*C10-(H10*B10)),H10*(1+G10)*C10-(H10*B10)) -> 0
A11: MA | B11: 0.07 | C11: 0.07 | H11: =PREÇOS!E12 -> 8.1556129 | I11: =IF(F11=0,,H11*(1+F11)*C11-(H11*B11)) -> 0 | J11: =IF(G11=0,IF(F11=0,,H11*(1+F11)*C11-(H11*B11)),H11*(1+G11)*C11-(H11*B11)) -> 0
A12: MG | B12: 0.12 | C12: 0.18 | D12: 0.35 | F12: 0.35 | H12: =PREÇOS!E13 -> 8.619 | I12: =IF(F12=0,,H12*(1+F12)*C12-(H12*B12)) -> 1.060137 | J12: =IF(G12=0,IF(F12=0,,H12*(1+F12)*C12-(H12*B12)),H12*(1+G12)*C12-(H12*B12)) -> 1.060137
A13: MS | B13: 0.07 | C13: 0.07 | H13: =PREÇOS!E14 -> 8.1556129 | I13: =IF(F13=0,,H13*(1+F13)*C13-(H13*B13)) -> 0 | J13: =IF(G13=0,IF(F13=0,,H13*(1+F13)*C13-(H13*B13)),H13*(1+G13)*C13-(H13*B13)) -> 0
A14: MT | B14: 0.07 | C14: 0.17 | D14: 0.3545 | F14: 0.3545 | H14: =PREÇOS!E15 -> 8.1556129 | I14: =IF(F14=0,,H14*(1+F14)*C14-(H14*B14)) -> 1.3070593 | J14: =IF(G14=0,IF(F14=0,,H14*(1+F14)*C14-(H14*B14)),H14*(1+G14)*C14-(H14*B14)) -> 1.3070593
A15: PA | B15: 0.07 | C15: 0.07 | H15: =PREÇOS!E16 -> 8.1556129 | I15: =IF(F15=0,,H15*(1+F15)*C15-(H15*B15)) -> 0 | J15: =IF(G15=0,IF(F15=0,,H15*(1+F15)*C15-(H15*B15)),H15*(1+G15)*C15-(H15*B15)) -> 0
A16: PB | B16: 0.07 | C16: 0.07 | H16: =PREÇOS!E17 -> 8.1556129 | I16: =IF(F16=0,,H16*(1+F16)*C16-(H16*B16)) -> 0 | J16: =IF(G16=0,IF(F16=0,,H16*(1+F16)*C16-(H16*B16)),H16*(1+G16)*C16-(H16*B16)) -> 0
A17: PE | B17: 0.07 | C17: 0.07 | H17: =PREÇOS!E18 -> 8.1556129 | I17: =IF(F17=0,,H17*(1+F17)*C17-(H17*B17)) -> 0 | J17: =IF(G17=0,IF(F17=0,,H17*(1+F17)*C17-(H17*B17)),H17*(1+G17)*C17-(H17*B17)) -> 0
A18: PI | B18: 0.07 | C18: 0.07 | H18: =PREÇOS!E19 -> 8.1556129 | I18: =IF(F18=0,,H18*(1+F18)*C18-(H18*B18)) -> 0 | J18: =IF(G18=0,IF(F18=0,,H18*(1+F18)*C18-(H18*B18)),H18*(1+G18)*C18-(H18*B18)) -> 0
A19: PR | B19: 0.12 | C19: 0.12 | H19: =PREÇOS!E20 -> 8.619 | I19: =IF(F19=0,,H19*(1+F19)*C19-(H19*B19)) -> 0 | J19: =IF(G19=0,IF(F19=0,,H19*(1+F19)*C19-(H19*B19)),H19*(1+G19)*C19-(H19*B19)) -> 0
A20: RJ | B20: 0.12 | C20: 0.12 | H20: =PREÇOS!E21 -> 8.619 | I20: =IF(F20=0,,H20*(1+F20)*C20-(H20*B20)) -> 0 | J20: =IF(G20=0,IF(F20=0,,H20*(1+F20)*C20-(H20*B20)),H20*(1+G20)*C20-(H20*B20)) -> 0
A21: RN | B21: 0.07 | C21: 0.07 | H21: =PREÇOS!E22 -> 8.1556129 | I21: =IF(F21=0,,H21*(1+F21)*C21-(H21*B21)) -> 0 | J21: =IF(G21=0,IF(F21=0,,H21*(1+F21)*C21-(H21*B21)),H21*(1+G21)*C21-(H21*B21)) -> 0
A22: RO | B22: 0.07 | C22: 0.07 | H22: =PREÇOS!E23 -> 8.1556129 | I22: =IF(F22=0,,H22*(1+F22)*C22-(H22*B22)) -> 0 | J22: =IF(G22=0,IF(F22=0,,H22*(1+F22)*C22-(H22*B22)),H22*(1+G22)*C22-(H22*B22)) -> 0
A23: RR | B23: 0.07 | C23: 0.07 | H23: =PREÇOS!E24 -> 8.1556129 | I23: =IF(F23=0,,H23*(1+F23)*C23-(H23*B23)) -> 0 | J23: =IF(G23=0,IF(F23=0,,H23*(1+F23)*C23-(H23*B23)),H23*(1+G23)*C23-(H23*B23)) -> 0
A24: RS | B24: 0.12 | C24: 0.12 | H24: =PREÇOS!E25 -> 8.619 | I24: =IF(F24=0,,H24*(1+F24)*C24-(H24*B24)) -> 0 | J24: =IF(G24=0,IF(F24=0,,H24*(1+F24)*C24-(H24*B24)),H24*(1+G24)*C24-(H24*B24)) -> 0
A25: SC | B25: 0.12 | C25: 0.12 | H25: =PREÇOS!E26 -> 8.619 | I25: =IF(F25=0,,H25*(1+F25)*C25-(H25*B25)) -> 0 | J25: =IF(G25=0,IF(F25=0,,H25*(1+F25)*C25-(H25*B25)),H25*(1+G25)*C25-(H25*B25)) -> 0
A26: SE | B26: 0.07 | C26: 0.07 | H26: =PREÇOS!E27 -> 8.1556129 | I26: =IF(F26=0,,H26*(1+F26)*C26-(H26*B26)) -> 0 | J26: =IF(G26=0,IF(F26=0,,H26*(1+F26)*C26-(H26*B26)),H26*(1+G26)*C26-(H26*B26)) -> 0
A27: SP | B27: 0.12 | C27: 0.12 | H27: =PREÇOS!E28 -> 8.619 | I27: =IF(F27=0,,H27*(1+F27)*C27-(H27*B27)) -> 0 | J27: =IF(G27=0,IF(F27=0,,H27*(1+F27)*C27-(H27*B27)),H27*(1+G27)*C27-(H27*B27)) -> 0
A28: SP/Atacado | B28: =B27 -> 0.12 | C28: =C27 -> 0.12 | D28: =D27 -> 0 | E28: =E27 -> 0 | F28: =F27 -> 0 | G28: =G27 -> 0 | H28: =PREÇOS!E29 -> 8.619 | I28: =IF(F28=0,,H28*(1+F28)*C28-(H28*B28)) -> 0 | J28: =IF(G28=0,IF(F28=0,,H28*(1+F28)*C28-(H28*B28)),H28*(1+G28)*C28-(H28*B28)) -> 0
A29: TO | B29: 0.07 | C29: 0.07 | H29: =PREÇOS!E30 -> 8.1556129 | I29: =IF(F29=0,,H29*(1+F29)*C29-(H29*B29)) -> 0 | J29: =IF(G29=0,IF(F29=0,,H29*(1+F29)*C29-(H29*B29)),H29*(1+G29)*C29-(H29*B29)) -> 0
A30: EX | H30: =PREÇOS!E31 -> 6.4225452 | I30: =IF(F30=0,,H30*(1+F30)*C30-(H30*B30)) -> 0 | J30: =IF(G30=0,IF(F30=0,,H30*(1+F30)*C30-(H30*B30)),H30*(1+G30)*C30-(H30*B30)) -> 0

Sheet ST PALITINHOS
A1: Estado | B1: Aliquota interestadual | C1: Aliquota interna | D1: MVA (normal) | E1: MVA (simples) | F1: Ajustada (normal) | G1: Ajustada (simples) | H1: Preço | I1: ST Normal | J1: ST Simples
A2: AC | B2: 0.07 | C2: 0.07 | H2: =PREÇOS!C3 -> 3.7198452 | I2: =IF(F2=0,,H2*(1+F2)*C2-(H2*B2)) -> 0 | J2: =IF(G2=0,IF(F2=0,,H2*(1+F2)*C2-(H2*B2)),H2*(1+G2)*C2-(H2*B2)) -> 0
A3: AL | B3: 0.07 | C3: 0.19 | D3: 0.5432 | F3: 0.794 | H3: =PREÇOS!C4 -> 3.7198452 | I3: =IF(F3=0,,H3*(1+F3)*C3-(H3*B3)) -> 1.0075573 | J3: =IF(G3=0,IF(F3=0,,H3*(1+F3)*C3-(H3*B3)),H3*(1+G3)*C3-(H3*B3)) -> 1.0075573
A4: AM | B4: 0.07 | C4: 0.18 | H4: =PREÇOS!C5 -> 3.7198452 | I4: =IF(F4=0,,H4*(1+F4)*C4-(H4*B4)) -> 0 | J4: =IF(G4=0,IF(F4=0,,H4*(1+F4)*C4-(H4*B4)),H4*(1+G4)*C4-(H4*B4)) -> 0
A5: AP | B5: 0.07 | C5: 0.18 | D5: 0.41 | F5: 0.5991 | H5: =PREÇOS!C6 -> 3.7198452 | I5: =IF(F5=0,,H5*(1+F5)*C5-(H5*B5)) -> 0.81032363 | J5: =IF(G5=0,IF(F5=0,,H5*(1+F5)*C5-(H5*B5)),H5*(1+G5)*C5-(H5*B5)) -> 0.81032363
A6: BA | B6: 0.07 | C6: 0.07 | H6: =PREÇOS!C7 -> 3.7198452 | I6: =IF(F6=0,,H6*(1+F6)*C6-(H6*B6)) -> 0 | J6: =IF(G6=0,IF(F6=0,,H6*(1+F6)*C6-(H6*B6)),H6*(1+G6)*C6-(H6*B6)) -> 0
A7: CE | B7: 0.07 | C7: 0.07 | H7: =PREÇOS!C8 -> 3.7198452 | I7: =IF(F7=0,,H7*(1+F7)*C7-(H7*B7)) -> 0 | J7: =IF(G7=0,IF(F7=0,,H7*(1+F7)*C7-(H7*B7)),H7*(1+G7)*C7-(H7*B7)) -> 0
A8: DF | B8: 0.07 | C8: 0.07 | H8: =PREÇOS!C9 -> 3.7198452 | I8: =IF(F8=0,,H8*(1+F8)*C8-(H8*B8)) -> 0 | J8: =IF(G8=0,IF(F8=0,,H8*(1+F8)*C8-(H8*B8)),H8*(1+G8)*C8-(H8*B8)) -> 0
A9: ES | B9: 0.07 | C9: 0.07 | H9: =PREÇOS!C10 -> 3.7198452 | I9: =IF(F9=0,,H9*(1+F9)*C9-(H9*B9)) -> 0 | J9: =IF(G9=0,IF(F9=0,,H9*(1+F9)*C9-(H9*B9)),H9*(1+G9)*C9-(H9*B9)) -> 0
A10: GO | B10: 0.07 | C10: 0.07 | H10: =PREÇOS!C11 -> 3.7198452 | I10: =IF(F10=0,,H10*(1+F10)*C10-(H10*B10)) -> 0 | J10: =IF(G10=0,IF(F10=0,,H10*(1+F10)*C10-(H10*B10)),H10*(1+G10)*C10-(H10*B10)) -> 0
A11: MA | B11: 0.07 | C11: 0.07 | H11: =PREÇOS!C12 -> 3.7198452 | I11: =IF(F11=0,,H11*(1+F11)*C11-(H11*B11)) -> 0 | J11: =IF(G11=0,IF(F11=0,,H11*(1+F11)*C11-(H11*B11)),H11*(1+G11)*C11-(H11*B11)) -> 0
A12: MG | B12: 0.12 | C12: 0.18 | D12: 0.4 | F12: 0.5024 | H12: =PREÇOS!C13 -> 3.9312 | I12: =IF(F12=0,,H12*(1+F12)*C12-(H12*B12)) -> 0.59137828 | J12: =IF(G12=0,IF(F12=0,,H12*(1+F12)*C12-(H12*B12)),H12*(1+G12)*C12-(H12*B12)) -> 0.59137828
A13: MS | B13: 0.07 | C13: 0.07 | H13: =PREÇOS!C14 -> 3.7198452 | I13: =IF(F13=0,,H13*(1+F13)*C13-(H13*B13)) -> 0 | J13: =IF(G13=0,IF(F13=0,,H13*(1+F13)*C13-(H13*B13)),H13*(1+G13)*C13-(H13*B13)) -> 0
A14: MT | B14: 0.07 | C14: 0.17 | D14: 0.4552 | F14: 0.6305 | H14: =PREÇOS!C15 -> 3.7198452 | I14: =IF(F14=0,,H14*(1+F14)*C14-(H14*B14)) -> 0.77069612 | J14: =IF(G14=0,IF(F14=0,,H14*(1+F14)*C14-(H14*B14)),H14*(1+G14)*C14-(H14*B14)) -> 0.77069612
A15: PA | B15: 0.07 | C15: 0.07 | H15: =PREÇOS!C16 -> 3.7198452 | I15: =IF(F15=0,,H15*(1+F15)*C15-(H15*B15)) -> 0 | J15: =IF(G15=0,IF(F15=0,,H15*(1+F15)*C15-(H15*B15)),H15*(1+G15)*C15-(H15*B15)) -> 0
A16: PB | B16: 0.07 | C16: 0.07 | H16: =PREÇOS!C17 -> 3.7198452 | I16: =IF(F16=0,,H16*(1+F16)*C16-(H16*B16)) -> 0 | J16: =IF(G16=0,IF(F16=0,,H16*(1+F16)*C16-(H16*B16)),H16*(1+G16)*C16-(H16*B16)) -> 0
A17: PE | B17: 0.07 | C17: 0.07 | H17: =PREÇOS!C18 -> 3.7198452 | I17: =IF(F17=0,,H17*(1+F17)*C17-(H17*B17)) -> 0 | J17: =IF(G17=0,IF(F17=0,,H17*(1+F17)*C17-(H17*B17)),H17*(1+G17)*C17-(H17*B17)) -> 0
A18: PI | B18: 0.07 | C18: 0.07 | H18: =PREÇOS!C19 -> 3.7198452 | I18: =IF(F18=0,,H18*(1+F18)*C18-(H18*B18)) -> 0 | J18: =IF(G18=0,IF(F18=0,,H18*(1+F18)*C18-(H18*B18)),H18*(1+G18)*C18-(H18*B18)) -> 0
A19: PR | B19: 0.12 | C19: 0.195 | D19: 0.5432 | E19: 0.163 | F19: 0.687 | G19: 0.1968 | H19: =PREÇOS!C20 -> 3.9312 | I19: =IF(F19=0,,H19*(1+F19)*C19-(H19*B19)) -> 0.82148321 | J19: =IF(G19=0,IF(F19=0,,H19*(1+F19)*C19-(H19*B19)),H19*(1+G19)*C19-(H19*B19)) -> 0.44570373
A20: RJ | B20: 0.12 | C20: 0.22 | D20: 0.4698 | F20: 0.6582 | H20: =PREÇOS!C21 -> 3.9312 | I20: =IF(F20=0,,H20*(1+F20)*C20-(H20*B20)) -> 0.96237348 | J20: =IF(G20=0,IF(F20=0,,H20*(1+F20)*C20-(H20*B20)),H20*(1+G20)*C20-(H20*B20)) -> 0.96237348
A21: RN | B21: 0.07 | C21: 0.07 | H21: =PREÇOS!C22 -> 3.7198452 | I21: =IF(F21=0,,H21*(1+F21)*C21-(H21*B21)) -> 0 | J21: =IF(G21=0,IF(F21=0,,H21*(1+F21)*C21-(H21*B21)),H21*(1+G21)*C21-(H21*B21)) -> 0
A22: RO | B22: 0.07 | C22: 0.07 | H22: =PREÇOS!C23 -> 3.7198452 | I22: =IF(F22=0,,H22*(1+F22)*C22-(H22*B22)) -> 0 | J22: =IF(G22=0,IF(F22=0,,H22*(1+F22)*C22-(H22*B22)),H22*(1+G22)*C22-(H22*B22)) -> 0
A23: RR | B23: 0.07 | C23: 0.07 | H23: =PREÇOS!C24 -> 3.7198452 | I23: =IF(F23=0,,H23*(1+F23)*C23-(H23*B23)) -> 0 | J23: =IF(G23=0,IF(F23=0,,H23*(1+F23)*C23-(H23*B23)),H23*(1+G23)*C23-(H23*B23)) -> 0
A24: RS | B24: 0.12 | C24: 0.12 | H24: =PREÇOS!C25 -> 3.9312 | I24: =IF(F24=0,,H24*(1+F24)*C24-(H24*B24)) -> 0 | J24: =IF(G24=0,IF(F24=0,,H24*(1+F24)*C24-(H24*B24)),H24*(1+G24)*C24-(H24*B24)) -> 0
A25: SC | B25: 0.12 | C25: 0.12 | H25: =PREÇOS!C26 -> 3.9312 | I25: =IF(F25=0,,H25*(1+F25)*C25-(H25*B25)) -> 0 | J25: =IF(G25=0,IF(F25=0,,H25*(1+F25)*C25-(H25*B25)),H25*(1+G25)*C25-(H25*B25)) -> 0
A26: SE | B26: 0.07 | C26: 0.07 | H26: =PREÇOS!C27 -> 3.7198452 | I26: =IF(F26=0,,H26*(1+F26)*C26-(H26*B26)) -> 0 | J26: =IF(G26=0,IF(F26=0,,H26*(1+F26)*C26-(H26*B26)),H26*(1+G26)*C26-(H26*B26)) -> 0
A27: SP | B27: 0.12 | C27: 0.18 | H27: =PREÇOS!C28 -> 3.9312 | I27: =IF(F27=0,,H27*(1+F27)*C27-(H27*B27)) -> 0 | J27: =IF(G27=0,IF(F27=0,,H27*(1+F27)*C27-(H27*B27)),H27*(1+G27)*C27-(H27*B27)) -> 0 | K27: comunicado enviado 1/26 - suspensão da ST para palitinhos
A28: SP/Atacado | B28: =B27 -> 0.12 | C28: =C27 -> 0.18 | D28: =D27 -> 0 | E28: =E27 -> 0 | F28: =F27 -> 0 | G28: =G27 -> 0 | H28: =PREÇOS!C29 -> 3.9312 | I28: =IF(F28=0,,H28*(1+F28)*C28-(H28*B28)) -> 0 | J28: =IF(G28=0,IF(F28=0,,H28*(1+F28)*C28-(H28*B28)),H28*(1+G28)*C28-(H28*B28)) -> 0
A29: TO | B29: 0.07 | C29: 0.07 | H29: =PREÇOS!C30 -> 3.7198452 | I29: =IF(F29=0,,H29*(1+F29)*C29-(H29*B29)) -> 0 | J29: =IF(G29=0,IF(F29=0,,H29*(1+F29)*C29-(H29*B29)),H29*(1+G29)*C29-(H29*B29)) -> 0
A30: EX | H30: =PREÇOS!C31 -> 2.9293781 | I30: =IF(F30=0,,H30*(1+F30)*C30-(H30*B30)) -> 0 | J30: =IF(G30=0,IF(F30=0,,H30*(1+F30)*C30-(H30*B30)),H30*(1+G30)*C30-(H30*B30)) -> 0

Sheet ST EXTRUSADOS
A1: Estado | B1: Aliquota interestadual | C1: Aliquota interna | D1: MVA (normal) | E1: MVA (simples) | F1: Ajustada (normal) | G1: Ajustada (simples) | H1: Preço | I1: ST Normal | J1: ST Simples
A2: AC | B2: 0.07 | C2: 0.07 | H2: =PREÇOS!O3 -> 4.8258065 | I2: =IF(F2=0,,H2*(1+F2)*C2-(H2*B2)) -> 0 | J2: =IF(G2=0,IF(F2=0,,H2*(1+F2)*C2-(H2*B2)),H2*(1+G2)*C2-(H2*B2)) -> 0
A3: AL | B3: 0.07 | C3: 0.19 | D3: 0.5432 | F3: 0.794 | H3: =PREÇOS!O4 -> 4.8258065 | I3: =IF(F3=0,,H3*(1+F3)*C3-(H3*B3)) -> 1.3071179 | J3: =IF(G3=0,IF(F3=0,,H3*(1+F3)*C3-(H3*B3)),H3*(1+G3)*C3-(H3*B3)) -> 1.3071179
A4: AM | B4: 0.07 | C4: 0.18 | H4: =PREÇOS!O5 -> 4.8258065 | I4: =IF(F4=0,,H4*(1+F4)*C4-(H4*B4)) -> 0 | J4: =IF(G4=0,IF(F4=0,,H4*(1+F4)*C4-(H4*B4)),H4*(1+G4)*C4-(H4*B4)) -> 0
A5: AP | B5: 0.07 | C5: 0.18 | D5: 0.41 | F5: 0.5991 | H5: =PREÇOS!O6 -> 4.8258065 | I5: =IF(F5=0,,H5*(1+F5)*C5-(H5*B5)) -> 1.051244 | J5: =IF(G5=0,IF(F5=0,,H5*(1+F5)*C5-(H5*B5)),H5*(1+G5)*C5-(H5*B5)) -> 1.051244
A6: BA | B6: 0.07 | C6: 0.07 | H6: =PREÇOS!O7 -> 4.8258065 | I6: =IF(F6=0,,H6*(1+F6)*C6-(H6*B6)) -> 0 | J6: =IF(G6=0,IF(F6=0,,H6*(1+F6)*C6-(H6*B6)),H6*(1+G6)*C6-(H6*B6)) -> 0
A7: CE | B7: 0.07 | C7: 0.07 | H7: =PREÇOS!O8 -> 4.8258065 | I7: =IF(F7=0,,H7*(1+F7)*C7-(H7*B7)) -> 0 | J7: =IF(G7=0,IF(F7=0,,H7*(1+F7)*C7-(H7*B7)),H7*(1+G7)*C7-(H7*B7)) -> 0
A8: DF | B8: 0.07 | C8: 0.07 | H8: =PREÇOS!O9 -> 4.8258065 | I8: =IF(F8=0,,H8*(1+F8)*C8-(H8*B8)) -> 0 | J8: =IF(G8=0,IF(F8=0,,H8*(1+F8)*C8-(H8*B8)),H8*(1+G8)*C8-(H8*B8)) -> 0
A9: ES | B9: 0.07 | C9: 0.07 | H9: =PREÇOS!O10 -> 4.8258065 | I9: =IF(F9=0,,H9*(1+F9)*C9-(H9*B9)) -> 0 | J9: =IF(G9=0,IF(F9=0,,H9*(1+F9)*C9-(H9*B9)),H9*(1+G9)*C9-(H9*B9)) -> 0
A10: GO | B10: 0.07 | C10: 0.07 | H10: =PREÇOS!O11 -> 4.8258065 | I10: =IF(F10=0,,H10*(1+F10)*C10-(H10*B10)) -> 0 | J10: =IF(G10=0,IF(F10=0,,H10*(1+F10)*C10-(H10*B10)),H10*(1+G10)*C10-(H10*B10)) -> 0
A11: MA | B11: 0.07 | C11: 0.07 | H11: =PREÇOS!O12 -> 4.8258065 | I11: =IF(F11=0,,H11*(1+F11)*C11-(H11*B11)) -> 0 | J11: =IF(G11=0,IF(F11=0,,H11*(1+F11)*C11-(H11*B11)),H11*(1+G11)*C11-(H11*B11)) -> 0
A12: MG | B12: 0.12 | C12: 0.18 | D12: 0.4 | F12: 0.5024 | H12: =PREÇOS!O13 -> 5.1 | I12: =IF(F12=0,,H12*(1+F12)*C12-(H12*B12)) -> 0.7672032 | J12: =IF(G12=0,IF(F12=0,,H12*(1+F12)*C12-(H12*B12)),H12*(1+G12)*C12-(H12*B12)) -> 0.7672032
A13: MS | B13: 0.07 | C13: 0.07 | H13: =PREÇOS!O14 -> 4.8258065 | I13: =IF(F13=0,,H13*(1+F13)*C13-(H13*B13)) -> 0 | J13: =IF(G13=0,IF(F13=0,,H13*(1+F13)*C13-(H13*B13)),H13*(1+G13)*C13-(H13*B13)) -> 0
A14: MT | B14: 0.07 | C14: 0.17 | D14: 0.4552 | F14: 0.6305 | H14: =PREÇOS!O15 -> 4.8258065 | I14: =IF(F14=0,,H14*(1+F14)*C14-(H14*B14)) -> 0.99983471 | J14: =IF(G14=0,IF(F14=0,,H14*(1+F14)*C14-(H14*B14)),H14*(1+G14)*C14-(H14*B14)) -> 0.99983471
A15: PA | B15: 0.07 | C15: 0.07 | H15: =PREÇOS!O16 -> 4.8258065 | I15: =IF(F15=0,,H15*(1+F15)*C15-(H15*B15)) -> 0 | J15: =IF(G15=0,IF(F15=0,,H15*(1+F15)*C15-(H15*B15)),H15*(1+G15)*C15-(H15*B15)) -> 0
A16: PB | B16: 0.07 | C16: 0.07 | H16: =PREÇOS!O17 -> 4.8258065 | I16: =IF(F16=0,,H16*(1+F16)*C16-(H16*B16)) -> 0 | J16: =IF(G16=0,IF(F16=0,,H16*(1+F16)*C16-(H16*B16)),H16*(1+G16)*C16-(H16*B16)) -> 0
A17: PE | B17: 0.07 | C17: 0.07 | H17: =PREÇOS!O18 -> 4.8258065 | I17: =IF(F17=0,,H17*(1+F17)*C17-(H17*B17)) -> 0 | J17: =IF(G17=0,IF(F17=0,,H17*(1+F17)*C17-(H17*B17)),H17*(1+G17)*C17-(H17*B17)) -> 0
A18: PI | B18: 0.07 | C18: 0.07 | H18: =PREÇOS!O19 -> 4.8258065 | I18: =IF(F18=0,,H18*(1+F18)*C18-(H18*B18)) -> 0 | J18: =IF(G18=0,IF(F18=0,,H18*(1+F18)*C18-(H18*B18)),H18*(1+G18)*C18-(H18*B18)) -> 0
A19: PR | B19: 0.12 | C19: 0.195 | D19: 0.5432 | E19: 0.163 | F19: 0.687 | G19: 0.1968 | H19: =PREÇOS!O20 -> 5.1 | I19: =IF(F19=0,,H19*(1+F19)*C19-(H19*B19)) -> 1.0657215 | J19: =IF(G19=0,IF(F19=0,,H19*(1+F19)*C19-(H19*B19)),H19*(1+G19)*C19-(H19*B19)) -> 0.5782176
A20: RJ | B20: 0.12 | C20: 0.22 | D20: 0.4698 | F20: 0.6582 | H20: =PREÇOS!O21 -> 5.1 | I20: =IF(F20=0,,H20*(1+F20)*C20-(H20*B20)) -> 1.2485004 | J20: =IF(G20=0,IF(F20=0,,H20*(1+F20)*C20-(H20*B20)),H20*(1+G20)*C20-(H20*B20)) -> 1.2485004
A21: RN | B21: 0.07 | C21: 0.07 | H21: =PREÇOS!O22 -> 4.8258065 | I21: =IF(F21=0,,H21*(1+F21)*C21-(H21*B21)) -> 0 | J21: =IF(G21=0,IF(F21=0,,H21*(1+F21)*C21-(H21*B21)),H21*(1+G21)*C21-(H21*B21)) -> 0
A22: RO | B22: 0.07 | C22: 0.07 | H22: =PREÇOS!O23 -> 4.8258065 | I22: =IF(F22=0,,H22*(1+F22)*C22-(H22*B22)) -> 0 | J22: =IF(G22=0,IF(F22=0,,H22*(1+F22)*C22-(H22*B22)),H22*(1+G22)*C22-(H22*B22)) -> 0
A23: RR | B23: 0.07 | C23: 0.07 | H23: =PREÇOS!O24 -> 4.8258065 | I23: =IF(F23=0,,H23*(1+F23)*C23-(H23*B23)) -> 0 | J23: =IF(G23=0,IF(F23=0,,H23*(1+F23)*C23-(H23*B23)),H23*(1+G23)*C23-(H23*B23)) -> 0
A24: RS | B24: 0.12 | C24: 0.12 | H24: =PREÇOS!O25 -> 5.1 | I24: =IF(F24=0,,H24*(1+F24)*C24-(H24*B24)) -> 0 | J24: =IF(G24=0,IF(F24=0,,H24*(1+F24)*C24-(H24*B24)),H24*(1+G24)*C24-(H24*B24)) -> 0
A25: SC | B25: 0.12 | C25: 0.12 | H25: =PREÇOS!O26 -> 5.1 | I25: =IF(F25=0,,H25*(1+F25)*C25-(H25*B25)) -> 0 | J25: =IF(G25=0,IF(F25=0,,H25*(1+F25)*C25-(H25*B25)),H25*(1+G25)*C25-(H25*B25)) -> 0
A26: SE | B26: 0.07 | C26: 0.07 | H26: =PREÇOS!O27 -> 4.8258065 | I26: =IF(F26=0,,H26*(1+F26)*C26-(H26*B26)) -> 0 | J26: =IF(G26=0,IF(F26=0,,H26*(1+F26)*C26-(H26*B26)),H26*(1+G26)*C26-(H26*B26)) -> 0
A27: SP | B27: 0.12 | C27: 0.18 | H27: =PREÇOS!O28 -> 5.1 | I27: =IF(F27=0,,H27*(1+F27)*C27-(H27*B27)) -> 0 | J27: =IF(G27=0,IF(F27=0,,H27*(1+F27)*C27-(H27*B27)),H27*(1+G27)*C27-(H27*B27)) -> 0 | K27: comunicado enviado 1/26 - suspensão da ST para palitinhos
A28: SP/Atacado | B28: =B27 -> 0.12 | C28: =C27 -> 0.18 | D28: =D27 -> 0 | E28: =E27 -> 0 | F28: =F27 -> 0 | G28: =G27 -> 0 | H28: =PREÇOS!O29 -> 5.1 | I28: =IF(F28=0,,H28*(1+F28)*C28-(H28*B28)) -> 0 | J28: =IF(G28=0,IF(F28=0,,H28*(1+F28)*C28-(H28*B28)),H28*(1+G28)*C28-(H28*B28)) -> 0
A29: TO | B29: 0.07 | C29: 0.07 | H29: =PREÇOS!O30 -> 4.8258065 | I29: =IF(F29=0,,H29*(1+F29)*C29-(H29*B29)) -> 0 | J29: =IF(G29=0,IF(F29=0,,H29*(1+F29)*C29-(H29*B29)),H29*(1+G29)*C29-(H29*B29)) -> 0
A30: EX | H30: =PREÇOS!O31 -> 3.8003226 | I30: =IF(F30=0,,H30*(1+F30)*C30-(H30*B30)) -> 0 | J30: =IF(G30=0,IF(F30=0,,H30*(1+F30)*C30-(H30*B30)),H30*(1+G30)*C30-(H30*B30)) -> 0

Sheet ST BISCOTTI
A1: Estado | B1: Aliquota interestadual | C1: Aliquota interna | D1: MVA (normal) | E1: MVA (simples) | F1: Ajustada (normal) | G1: Ajustada (simples) | H1: Preço | I1: ST Normal | J1: ST Simples
A2: AC | B2: 0.07 | C2: 0.19 | H2: =PREÇOS!H3 -> 8.5047742 | I2: =IF(F2=0,,H2*(1+F2)*C2-(H2*B2)) -> 0 | J2: =IF(G2=0,IF(F2=0,,H2*(1+F2)*C2-(H2*B2)),H2*(1+G2)*C2-(H2*B2)) -> 0
A3: AL | B3: 0.07 | C3: 0.2 | F3: 0.5113 | H3: =PREÇOS!H4 -> 8.5047742 | I3: =IF(F3=0,,H3*(1+F3)*C3-(H3*B3)) -> 1.9753189 | J3: =IF(G3=0,IF(F3=0,,H3*(1+F3)*C3-(H3*B3)),H3*(1+G3)*C3-(H3*B3)) -> 1.9753189
A4: AM | B4: 0.07 | C4: 0.2 | H4: =PREÇOS!H5 -> 8.5047742 | I4: =IF(F4=0,,H4*(1+F4)*C4-(H4*B4)) -> 0 | J4: =IF(G4=0,IF(F4=0,,H4*(1+F4)*C4-(H4*B4)),H4*(1+G4)*C4-(H4*B4)) -> 0
A5: AP | B5: 0.07 | C5: 0.18 | F5: 0.5198 | H5: =PREÇOS!H6 -> 8.5047742 | I5: =IF(F5=0,,H5*(1+F5)*C5-(H5*B5)) -> 1.7312659 | J5: =IF(G5=0,IF(F5=0,,H5*(1+F5)*C5-(H5*B5)),H5*(1+G5)*C5-(H5*B5)) -> 1.7312659
A6: BA | B6: 0.07 | C6: 0.19 | H6: =PREÇOS!H7 -> 8.5047742 | I6: =IF(F6=0,,H6*(1+F6)*C6-(H6*B6)) -> 0 | J6: =IF(G6=0,IF(F6=0,,H6*(1+F6)*C6-(H6*B6)),H6*(1+G6)*C6-(H6*B6)) -> 0
A7: CE | B7: 0.07 | C7: 0.2 | H7: =PREÇOS!H8 -> 8.5047742 | I7: =IF(F7=0,,H7*(1+F7)*C7-(H7*B7)) -> 0 | J7: =IF(G7=0,IF(F7=0,,H7*(1+F7)*C7-(H7*B7)),H7*(1+G7)*C7-(H7*B7)) -> 0
A8: DF | B8: 0.07 | C8: 0.18 | H8: =PREÇOS!H9 -> 8.5047742 | I8: =IF(F8=0,,H8*(1+F8)*C8-(H8*B8)) -> 0 | J8: =IF(G8=0,IF(F8=0,,H8*(1+F8)*C8-(H8*B8)),H8*(1+G8)*C8-(H8*B8)) -> 0
A9: ES | B9: 0.07 | C9: 0.17 | H9: =PREÇOS!H10 -> 8.5047742 | I9: =IF(F9=0,,H9*(1+F9)*C9-(H9*B9)) -> 0 | J9: =IF(G9=0,IF(F9=0,,H9*(1+F9)*C9-(H9*B9)),H9*(1+G9)*C9-(H9*B9)) -> 0
A10: GO | B10: 0.07 | C10: 0.17 | H10: =PREÇOS!H11 -> 8.5047742 | I10: =IF(F10=0,,H10*(1+F10)*C10-(H10*B10)) -> 0 | J10: =IF(G10=0,IF(F10=0,,H10*(1+F10)*C10-(H10*B10)),H10*(1+G10)*C10-(H10*B10)) -> 0
A11: MA | B11: 0.07 | C11: 0.2 | H11: =PREÇOS!H12 -> 8.5047742 | I11: =IF(F11=0,,H11*(1+F11)*C11-(H11*B11)) -> 0 | J11: =IF(G11=0,IF(F11=0,,H11*(1+F11)*C11-(H11*B11)),H11*(1+G11)*C11-(H11*B11)) -> 0
A12: MG | B12: 0.12 | C12: 0.12 | F12: 0.25 | H12: =PREÇOS!H13 -> 8.988 | I12: =IF(F12=0,,H12*(1+F12)*C12-(H12*B12)) -> 0.26964 | J12: =IF(G12=0,IF(F12=0,,H12*(1+F12)*C12-(H12*B12)),H12*(1+G12)*C12-(H12*B12)) -> 0.26964
A13: MS | B13: 0.07 | C13: 0.17 | H13: =PREÇOS!H14 -> 8.5047742 | I13: =IF(F13=0,,H13*(1+F13)*C13-(H13*B13)) -> 0 | J13: =IF(G13=0,IF(F13=0,,H13*(1+F13)*C13-(H13*B13)),H13*(1+G13)*C13-(H13*B13)) -> 0
A14: MT | B14: 0.07 | C14: 0.17 | F14: 0.3978 | H14: =PREÇOS!H15 -> 8.5047742 | I14: =IF(F14=0,,H14*(1+F14)*C14-(H14*B14)) -> 1.4256213 | J14: =IF(G14=0,IF(F14=0,,H14*(1+F14)*C14-(H14*B14)),H14*(1+G14)*C14-(H14*B14)) -> 1.4256213
A15: PA | B15: 0.07 | C15: 0.19 | H15: =PREÇOS!H16 -> 8.5047742 | I15: =IF(F15=0,,H15*(1+F15)*C15-(H15*B15)) -> 0 | J15: =IF(G15=0,IF(F15=0,,H15*(1+F15)*C15-(H15*B15)),H15*(1+G15)*C15-(H15*B15)) -> 0
A16: PB | B16: 0.07 | C16: 0.18 | H16: =PREÇOS!H17 -> 8.5047742 | I16: =IF(F16=0,,H16*(1+F16)*C16-(H16*B16)) -> 0 | J16: =IF(G16=0,IF(F16=0,,H16*(1+F16)*C16-(H16*B16)),H16*(1+G16)*C16-(H16*B16)) -> 0
A17: PE | B17: 0.07 | C17: 0.18 | H17: =PREÇOS!H18 -> 8.5047742 | I17: =IF(F17=0,,H17*(1+F17)*C17-(H17*B17)) -> 0 | J17: =IF(G17=0,IF(F17=0,,H17*(1+F17)*C17-(H17*B17)),H17*(1+G17)*C17-(H17*B17)) -> 0
A18: PI | B18: 0.07 | C18: 0.21 | H18: =PREÇOS!H19 -> 8.5047742 | I18: =IF(F18=0,,H18*(1+F18)*C18-(H18*B18)) -> 0 | J18: =IF(G18=0,IF(F18=0,,H18*(1+F18)*C18-(H18*B18)),H18*(1+G18)*C18-(H18*B18)) -> 0
A19: PR | B19: 0.12 | C19: 0.12 | H19: =PREÇOS!H20 -> 8.988 | I19: =IF(F19=0,,H19*(1+F19)*C19-(H19*B19)) -> 0 | J19: =IF(G19=0,IF(F19=0,,H19*(1+F19)*C19-(H19*B19)),H19*(1+G19)*C19-(H19*B19)) -> 0
A20: RJ | B20: 0.12 | C20: 0.22 | F20: 0.5253 | H20: =PREÇOS!H21 -> 8.988 | I20: =IF(F20=0,,H20*(1+F20)*C20-(H20*B20)) -> 1.9375072 | J20: =IF(G20=0,IF(F20=0,,H20*(1+F20)*C20-(H20*B20)),H20*(1+G20)*C20-(H20*B20)) -> 1.9375072
A21: RN | B21: 0.07 | C21: 0.2 | H21: =PREÇOS!H22 -> 8.5047742 | I21: =IF(F21=0,,H21*(1+F21)*C21-(H21*B21)) -> 0 | J21: =IF(G21=0,IF(F21=0,,H21*(1+F21)*C21-(H21*B21)),H21*(1+G21)*C21-(H21*B21)) -> 0
A22: RO | B22: 0.07 | C22: 0.175 | H22: =PREÇOS!H23 -> 8.5047742 | I22: =IF(F22=0,,H22*(1+F22)*C22-(H22*B22)) -> 0 | J22: =IF(G22=0,IF(F22=0,,H22*(1+F22)*C22-(H22*B22)),H22*(1+G22)*C22-(H22*B22)) -> 0
A23: RR | B23: 0.07 | C23: 0.2 | H23: =PREÇOS!H24 -> 8.5047742 | I23: =IF(F23=0,,H23*(1+F23)*C23-(H23*B23)) -> 0 | J23: =IF(G23=0,IF(F23=0,,H23*(1+F23)*C23-(H23*B23)),H23*(1+G23)*C23-(H23*B23)) -> 0
A24: RS | B24: 0.12 | C24: 0.17 | H24: =PREÇOS!H25 -> 8.988 | I24: =IF(F24=0,,H24*(1+F24)*C24-(H24*B24)) -> 0 | J24: =IF(G24=0,IF(F24=0,,H24*(1+F24)*C24-(H24*B24)),H24*(1+G24)*C24-(H24*B24)) -> 0
A25: SC | B25: 0.12 | C25: 0.17 | H25: =PREÇOS!H26 -> 8.988 | I25: =IF(F25=0,,H25*(1+F25)*C25-(H25*B25)) -> 0 | J25: =IF(G25=0,IF(F25=0,,H25*(1+F25)*C25-(H25*B25)),H25*(1+G25)*C25-(H25*B25)) -> 0
A26: SE | B26: 0.07 | C26: 0.2 | H26: =PREÇOS!H27 -> 8.5047742 | I26: =IF(F26=0,,H26*(1+F26)*C26-(H26*B26)) -> 0 | J26: =IF(G26=0,IF(F26=0,,H26*(1+F26)*C26-(H26*B26)),H26*(1+G26)*C26-(H26*B26)) -> 0
A27: SP | B27: 0.12 | C27: 0.18 | D27: 0.6077 | F27: 0.6077 | H27: =PREÇOS!H28 -> 8.988 | I27: =IF(F27=0,,H27*(1+F27)*C27-(H27*B27)) -> 1.5224414 | J27: =IF(G27=0,IF(F27=0,,H27*(1+F27)*C27-(H27*B27)),H27*(1+G27)*C27-(H27*B27)) -> 1.5224414 | K27: =J27/H27 -> 0.169386
A28: SP/Atacado | B28: =B27 -> 0.12 | C28: =C27 -> 0.18 | D28: 0.6077 | E28: =E27 -> 0 | F28: 0.6077 | G28: =G27 -> 0 | H28: =PREÇOS!H29 -> 8.988 | I28: =IF(F28=0,,H28*(1+F28)*C28-(H28*B28)) -> 1.5224414 | J28: =IF(G28=0,IF(F28=0,,H28*(1+F28)*C28-(H28*B28)),H28*(1+G28)*C28-(H28*B28)) -> 1.5224414
A29: TO | B29: 0.07 | C29: 0.2 | H29: =PREÇOS!H30 -> 8.5047742 | I29: =IF(F29=0,,H29*(1+F29)*C29-(H29*B29)) -> 0 | J29: =IF(G29=0,IF(F29=0,,H29*(1+F29)*C29-(H29*B29)),H29*(1+G29)*C29-(H29*B29)) -> 0
A30: EX

Sheet ST CEREAL
A1: Estado | B1: Aliquota interestadual | C1: Aliquota interna | D1: MVA (normal) | E1: MVA (simples) | F1: Ajustada (normal) | G1: Ajustada (simples) | H1: Preço | I1: ST Normal | J1: ST Simples
A2: AC | B2: 0.07 | C2: 0.17 | H2: =PREÇOS!G3 -> 7.05 | I2: =IF(F2=0,,H2*(1+F2)*C2-(H2*B2)) -> 0 | J2: =IF(G2=0,IF(F2=0,,H2*(1+F2)*C2-(H2*B2)),H2*(1+G2)*C2-(H2*B2)) -> 0
A3: AL | B3: 0.07 | C3: 0.2 | F3: 0.71 | H3: =PREÇOS!G4 -> 7.05 | I3: =IF(F3=0,,H3*(1+F3)*C3-(H3*B3)) -> 1.9176 | J3: =IF(G3=0,IF(F3=0,,H3*(1+F3)*C3-(H3*B3)),H3*(1+G3)*C3-(H3*B3)) -> 1.9176
A4: AM | B4: 0.07 | C4: 0.2 | F4: 0.5538 | H4: =PREÇOS!G5 -> 7.05 | I4: =IF(F4=0,,H4*(1+F4)*C4-(H4*B4)) -> 1.697358 | J4: =IF(G4=0,IF(F4=0,,H4*(1+F4)*C4-(H4*B4)),H4*(1+G4)*C4-(H4*B4)) -> 1.697358
A5: AP | B5: 0.07 | C5: 0.18 | H5: =PREÇOS!G6 -> 7.05 | I5: =IF(F5=0,,H5*(1+F5)*C5-(H5*B5)) -> 0 | J5: =IF(G5=0,IF(F5=0,,H5*(1+F5)*C5-(H5*B5)),H5*(1+G5)*C5-(H5*B5)) -> 0
A6: BA | B6: 0.07 | C6: 0.19 | H6: =PREÇOS!G7 -> 7.05 | I6: =IF(F6=0,,H6*(1+F6)*C6-(H6*B6)) -> 0 | J6: =IF(G6=0,IF(F6=0,,H6*(1+F6)*C6-(H6*B6)),H6*(1+G6)*C6-(H6*B6)) -> 0
A7: CE | B7: 0.07 | C7: 0.2 | H7: =PREÇOS!G8 -> 7.05 | I7: =IF(F7=0,,H7*(1+F7)*C7-(H7*B7)) -> 0 | J7: =IF(G7=0,IF(F7=0,,H7*(1+F7)*C7-(H7*B7)),H7*(1+G7)*C7-(H7*B7)) -> 0
A8: DF | B8: 0.07 | C8: 0.18 | H8: =PREÇOS!G9 -> 7.05 | I8: =IF(F8=0,,H8*(1+F8)*C8-(H8*B8)) -> 0 | J8: =IF(G8=0,IF(F8=0,,H8*(1+F8)*C8-(H8*B8)),H8*(1+G8)*C8-(H8*B8)) -> 0
A9: ES | B9: 0.07 | C9: 0.17 | H9: =PREÇOS!G10 -> 7.05 | I9: =IF(F9=0,,H9*(1+F9)*C9-(H9*B9)) -> 0 | J9: =IF(G9=0,IF(F9=0,,H9*(1+F9)*C9-(H9*B9)),H9*(1+G9)*C9-(H9*B9)) -> 0
A10: GO | B10: 0.07 | C10: 0.17 | H10: =PREÇOS!G11 -> 7.05 | I10: =IF(F10=0,,H10*(1+F10)*C10-(H10*B10)) -> 0 | J10: =IF(G10=0,IF(F10=0,,H10*(1+F10)*C10-(H10*B10)),H10*(1+G10)*C10-(H10*B10)) -> 0
A11: MA | B11: 0.07 | C11: 0.2 | H11: =PREÇOS!G12 -> 7.05 | I11: =IF(F11=0,,H11*(1+F11)*C11-(H11*B11)) -> 0 | J11: =IF(G11=0,IF(F11=0,,H11*(1+F11)*C11-(H11*B11)),H11*(1+G11)*C11-(H11*B11)) -> 0
A12: MG | B12: 0.12 | C12: 0.18 | F12: 0.4488 | H12: =PREÇOS!G13 -> 7.5 | I12: =IF(F12=0,,H12*(1+F12)*C12-(H12*B12)) -> 1.05588 | J12: =IF(G12=0,IF(F12=0,,H12*(1+F12)*C12-(H12*B12)),H12*(1+G12)*C12-(H12*B12)) -> 1.05588
A13: MS | B13: 0.07 | C13: 0.17 | H13: =PREÇOS!G14 -> 7.05 | I13: =IF(F13=0,,H13*(1+F13)*C13-(H13*B13)) -> 0 | J13: =IF(G13=0,IF(F13=0,,H13*(1+F13)*C13-(H13*B13)),H13*(1+G13)*C13-(H13*B13)) -> 0
A14: MT | B14: 0.07 | C14: 0.17 | F14: 0.4552 | H14: =PREÇOS!G15 -> 7.05 | I14: =IF(F14=0,,H14*(1+F14)*C14-(H14*B14)) -> 1.2505572 | J14: =IF(G14=0,IF(F14=0,,H14*(1+F14)*C14-(H14*B14)),H14*(1+G14)*C14-(H14*B14)) -> 1.2505572
A15: PA | B15: 0.07 | C15: 0.19 | H15: =PREÇOS!G16 -> 7.05 | I15: =IF(F15=0,,H15*(1+F15)*C15-(H15*B15)) -> 0 | J15: =IF(G15=0,IF(F15=0,,H15*(1+F15)*C15-(H15*B15)),H15*(1+G15)*C15-(H15*B15)) -> 0
A16: PB | B16: 0.07 | C16: 0.18 | H16: =PREÇOS!G17 -> 7.05 | I16: =IF(F16=0,,H16*(1+F16)*C16-(H16*B16)) -> 0 | J16: =IF(G16=0,IF(F16=0,,H16*(1+F16)*C16-(H16*B16)),H16*(1+G16)*C16-(H16*B16)) -> 0
A17: PE | B17: 0.07 | C17: 0.18 | H17: =PREÇOS!G18 -> 7.05 | I17: =IF(F17=0,,H17*(1+F17)*C17-(H17*B17)) -> 0 | J17: =IF(G17=0,IF(F17=0,,H17*(1+F17)*C17-(H17*B17)),H17*(1+G17)*C17-(H17*B17)) -> 0
A18: PI | B18: 0.07 | C18: 0.21 | H18: =PREÇOS!G19 -> 7.05 | I18: =IF(F18=0,,H18*(1+F18)*C18-(H18*B18)) -> 0 | J18: =IF(G18=0,IF(F18=0,,H18*(1+F18)*C18-(H18*B18)),H18*(1+G18)*C18-(H18*B18)) -> 0
A19: PR | B19: 0.12 | C19: 0.195 | F19: 0.608 | H19: =PREÇOS!G20 -> 7.5 | I19: =IF(F19=0,,H19*(1+F19)*C19-(H19*B19)) -> 1.4517 | J19: =IF(G19=0,IF(F19=0,,H19*(1+F19)*C19-(H19*B19)),H19*(1+G19)*C19-(H19*B19)) -> 1.4517
A20: RJ | B20: 0.12 | C20: 0.22 | F20: 0.5473 | H20: =PREÇOS!G21 -> 7.5 | I20: =IF(F20=0,,H20*(1+F20)*C20-(H20*B20)) -> 1.653045 | J20: =IF(G20=0,IF(F20=0,,H20*(1+F20)*C20-(H20*B20)),H20*(1+G20)*C20-(H20*B20)) -> 1.653045
A21: RN | B21: 0.07 | C21: 0.2 | H21: =PREÇOS!G22 -> 7.05 | I21: =IF(F21=0,,H21*(1+F21)*C21-(H21*B21)) -> 0 | J21: =IF(G21=0,IF(F21=0,,H21*(1+F21)*C21-(H21*B21)),H21*(1+G21)*C21-(H21*B21)) -> 0
A22: RO | B22: 0.07 | C22: 0.175 | H22: =PREÇOS!G23 -> 7.05 | I22: =IF(F22=0,,H22*(1+F22)*C22-(H22*B22)) -> 0 | J22: =IF(G22=0,IF(F22=0,,H22*(1+F22)*C22-(H22*B22)),H22*(1+G22)*C22-(H22*B22)) -> 0
A23: RR | B23: 0.07 | C23: 0.2 | H23: =PREÇOS!G24 -> 7.05 | I23: =IF(F23=0,,H23*(1+F23)*C23-(H23*B23)) -> 0 | J23: =IF(G23=0,IF(F23=0,,H23*(1+F23)*C23-(H23*B23)),H23*(1+G23)*C23-(H23*B23)) -> 0
A24: RS | B24: 0.12 | C24: 0.17 | H24: =PREÇOS!G25 -> 7.5 | I24: =IF(F24=0,,H24*(1+F24)*C24-(H24*B24)) -> 0 | J24: =IF(G24=0,IF(F24=0,,H24*(1+F24)*C24-(H24*B24)),H24*(1+G24)*C24-(H24*B24)) -> 0
A25: SC | B25: 0.12 | C25: 0.17 | H25: =PREÇOS!G26 -> 7.5 | I25: =IF(F25=0,,H25*(1+F25)*C25-(H25*B25)) -> 0 | J25: =IF(G25=0,IF(F25=0,,H25*(1+F25)*C25-(H25*B25)),H25*(1+G25)*C25-(H25*B25)) -> 0
A26: SE | B26: 0.07 | C26: 0.2 | H26: =PREÇOS!G27 -> 7.05 | I26: =IF(F26=0,,H26*(1+F26)*C26-(H26*B26)) -> 0 | J26: =IF(G26=0,IF(F26=0,,H26*(1+F26)*C26-(H26*B26)),H26*(1+G26)*C26-(H26*B26)) -> 0
A27: SP | B27: 0.12 | C27: 0.18 | F27: 0.463 | H27: =PREÇOS!G28 -> 7.5 | I27: =IF(F27=0,,H27*(1+F27)*C27-(H27*B27)) -> 1.07505 | J27: =IF(G27=0,IF(F27=0,,H27*(1+F27)*C27-(H27*B27)),H27*(1+G27)*C27-(H27*B27)) -> 1.07505
A28: SP/Atacado | B28: =B27 -> 0.12 | C28: =C27 -> 0.18 | D28: =D27 -> 0 | E28: =E27 -> 0 | F28: =F27 -> 0.463 | G28: =G27 -> 0 | H28: =PREÇOS!G29 -> 7.5 | I28: =IF(F28=0,,H28*(1+F28)*C28-(H28*B28)) -> 1.07505 | J28: =IF(G28=0,IF(F28=0,,H28*(1+F28)*C28-(H28*B28)),H28*(1+G28)*C28-(H28*B28)) -> 1.07505
A29: TO | B29: 0.07 | C29: 0.2 | H29: =PREÇOS!G30 -> 7.05 | I29: =IF(F29=0,,H29*(1+F29)*C29-(H29*B29)) -> 0 | J29: =IF(G29=0,IF(F29=0,,H29*(1+F29)*C29-(H29*B29)),H29*(1+G29)*C29-(H29*B29)) -> 0
A30: EX | H30: =PREÇOS!G31 -> 5.9 | I30: =IF(F30=0,,H30*(1+F30)*C30-(H30*B30)) -> 0 | J30: =IF(G30=0,IF(F30=0,,H30*(1+F30)*C30-(H30*B30)),H30*(1+G30)*C30-(H30*B30)) -> 0

Sheet ST CEREAL SABOR POUCH 170
A1: Estado | B1: Aliquota interestadual | C1: Aliquota interna | D1: MVA (normal) | E1: MVA (simples) | F1: Ajustada (normal) | G1: Ajustada (simples) | H1: Preço | I1: ST Normal | J1: ST Simples
A2: AC | B2: 0.07 | C2: 0.17 | H2: =PREÇOS!J3 -> 6.4012903 | I2: =IF(F2=0,,H2*(1+F2)*C2-(H2*B2)) -> 0 | J2: =IF(G2=0,IF(F2=0,,H2*(1+F2)*C2-(H2*B2)),H2*(1+G2)*C2-(H2*B2)) -> 0
A3: AL | B3: 0.07 | C3: 0.2 | F3: 0.71 | H3: =PREÇOS!J4 -> 6.4012903 | I3: =IF(F3=0,,H3*(1+F3)*C3-(H3*B3)) -> 1.741151 | J3: =IF(G3=0,IF(F3=0,,H3*(1+F3)*C3-(H3*B3)),H3*(1+G3)*C3-(H3*B3)) -> 1.741151
A4: AM | B4: 0.07 | C4: 0.2 | F4: 0.5538 | H4: =PREÇOS!J5 -> 6.4012903 | I4: =IF(F4=0,,H4*(1+F4)*C4-(H4*B4)) -> 1.5411747 | J4: =IF(G4=0,IF(F4=0,,H4*(1+F4)*C4-(H4*B4)),H4*(1+G4)*C4-(H4*B4)) -> 1.5411747
A5: AP | B5: 0.07 | C5: 0.18 | H5: =PREÇOS!J6 -> 6.4012903 | I5: =IF(F5=0,,H5*(1+F5)*C5-(H5*B5)) -> 0 | J5: =IF(G5=0,IF(F5=0,,H5*(1+F5)*C5-(H5*B5)),H5*(1+G5)*C5-(H5*B5)) -> 0
A6: BA | B6: 0.07 | C6: 0.19 | H6: =PREÇOS!J7 -> 6.4012903 | I6: =IF(F6=0,,H6*(1+F6)*C6-(H6*B6)) -> 0 | J6: =IF(G6=0,IF(F6=0,,H6*(1+F6)*C6-(H6*B6)),H6*(1+G6)*C6-(H6*B6)) -> 0
A7: CE | B7: 0.07 | C7: 0.2 | H7: =PREÇOS!J8 -> 6.4012903 | I7: =IF(F7=0,,H7*(1+F7)*C7-(H7*B7)) -> 0 | J7: =IF(G7=0,IF(F7=0,,H7*(1+F7)*C7-(H7*B7)),H7*(1+G7)*C7-(H7*B7)) -> 0
A8: DF | B8: 0.07 | C8: 0.18 | H8: =PREÇOS!J9 -> 6.4012903 | I8: =IF(F8=0,,H8*(1+F8)*C8-(H8*B8)) -> 0 | J8: =IF(G8=0,IF(F8=0,,H8*(1+F8)*C8-(H8*B8)),H8*(1+G8)*C8-(H8*B8)) -> 0
A9: ES | B9: 0.07 | C9: 0.17 | H9: =PREÇOS!J10 -> 6.4012903 | I9: =IF(F9=0,,H9*(1+F9)*C9-(H9*B9)) -> 0 | J9: =IF(G9=0,IF(F9=0,,H9*(1+F9)*C9-(H9*B9)),H9*(1+G9)*C9-(H9*B9)) -> 0
A10: GO | B10: 0.07 | C10: 0.17 | H10: =PREÇOS!J11 -> 6.4012903 | I10: =IF(F10=0,,H10*(1+F10)*C10-(H10*B10)) -> 0 | J10: =IF(G10=0,IF(F10=0,,H10*(1+F10)*C10-(H10*B10)),H10*(1+G10)*C10-(H10*B10)) -> 0
A11: MA | B11: 0.07 | C11: 0.2 | H11: =PREÇOS!J12 -> 6.4012903 | I11: =IF(F11=0,,H11*(1+F11)*C11-(H11*B11)) -> 0 | J11: =IF(G11=0,IF(F11=0,,H11*(1+F11)*C11-(H11*B11)),H11*(1+G11)*C11-(H11*B11)) -> 0
A12: MG | B12: 0.12 | C12: 0.18 | F12: 0.4488 | H12: =PREÇOS!J13 -> 6.765 | I12: =IF(F12=0,,H12*(1+F12)*C12-(H12*B12)) -> 0.95240376 | J12: =IF(G12=0,IF(F12=0,,H12*(1+F12)*C12-(H12*B12)),H12*(1+G12)*C12-(H12*B12)) -> 0.95240376
A13: MS | B13: 0.07 | C13: 0.17 | H13: =PREÇOS!J14 -> 6.4012903 | I13: =IF(F13=0,,H13*(1+F13)*C13-(H13*B13)) -> 0 | J13: =IF(G13=0,IF(F13=0,,H13*(1+F13)*C13-(H13*B13)),H13*(1+G13)*C13-(H13*B13)) -> 0
A14: MT | B14: 0.07 | C14: 0.17 | F14: 0.4552 | H14: =PREÇOS!J15 -> 6.4012903 | I14: =IF(F14=0,,H14*(1+F14)*C14-(H14*B14)) -> 1.1354865 | J14: =IF(G14=0,IF(F14=0,,H14*(1+F14)*C14-(H14*B14)),H14*(1+G14)*C14-(H14*B14)) -> 1.1354865
A15: PA | B15: 0.07 | C15: 0.19 | H15: =PREÇOS!J16 -> 6.4012903 | I15: =IF(F15=0,,H15*(1+F15)*C15-(H15*B15)) -> 0 | J15: =IF(G15=0,IF(F15=0,,H15*(1+F15)*C15-(H15*B15)),H15*(1+G15)*C15-(H15*B15)) -> 0
A16: PB | B16: 0.07 | C16: 0.18 | H16: =PREÇOS!J17 -> 6.4012903 | I16: =IF(F16=0,,H16*(1+F16)*C16-(H16*B16)) -> 0 | J16: =IF(G16=0,IF(F16=0,,H16*(1+F16)*C16-(H16*B16)),H16*(1+G16)*C16-(H16*B16)) -> 0
A17: PE | B17: 0.07 | C17: 0.18 | H17: =PREÇOS!J18 -> 6.4012903 | I17: =IF(F17=0,,H17*(1+F17)*C17-(H17*B17)) -> 0 | J17: =IF(G17=0,IF(F17=0,,H17*(1+F17)*C17-(H17*B17)),H17*(1+G17)*C17-(H17*B17)) -> 0
A18: PI | B18: 0.07 | C18: 0.21 | H18: =PREÇOS!J19 -> 6.4012903 | I18: =IF(F18=0,,H18*(1+F18)*C18-(H18*B18)) -> 0 | J18: =IF(G18=0,IF(F18=0,,H18*(1+F18)*C18-(H18*B18)),H18*(1+G18)*C18-(H18*B18)) -> 0
A19: PR | B19: 0.12 | C19: 0.195 | F19: 0.608 | H19: =PREÇOS!J20 -> 6.765 | I19: =IF(F19=0,,H19*(1+F19)*C19-(H19*B19)) -> 1.3094334 | J19: =IF(G19=0,IF(F19=0,,H19*(1+F19)*C19-(H19*B19)),H19*(1+G19)*C19-(H19*B19)) -> 1.3094334
A20: RJ | B20: 0.12 | C20: 0.22 | F20: 0.5473 | H20: =PREÇOS!J21 -> 6.765 | I20: =IF(F20=0,,H20*(1+F20)*C20-(H20*B20)) -> 1.4910466 | J20: =IF(G20=0,IF(F20=0,,H20*(1+F20)*C20-(H20*B20)),H20*(1+G20)*C20-(H20*B20)) -> 1.4910466
A21: RN | B21: 0.07 | C21: 0.2 | H21: =PREÇOS!J22 -> 6.4012903 | I21: =IF(F21=0,,H21*(1+F21)*C21-(H21*B21)) -> 0 | J21: =IF(G21=0,IF(F21=0,,H21*(1+F21)*C21-(H21*B21)),H21*(1+G21)*C21-(H21*B21)) -> 0
A22: RO | B22: 0.07 | C22: 0.175 | H22: =PREÇOS!J23 -> 6.4012903 | I22: =IF(F22=0,,H22*(1+F22)*C22-(H22*B22)) -> 0 | J22: =IF(G22=0,IF(F22=0,,H22*(1+F22)*C22-(H22*B22)),H22*(1+G22)*C22-(H22*B22)) -> 0
A23: RR | B23: 0.07 | C23: 0.2 | H23: =PREÇOS!J24 -> 6.4012903 | I23: =IF(F23=0,,H23*(1+F23)*C23-(H23*B23)) -> 0 | J23: =IF(G23=0,IF(F23=0,,H23*(1+F23)*C23-(H23*B23)),H23*(1+G23)*C23-(H23*B23)) -> 0
A24: RS | B24: 0.12 | C24: 0.17 | H24: =PREÇOS!J25 -> 6.765 | I24: =IF(F24=0,,H24*(1+F24)*C24-(H24*B24)) -> 0 | J24: =IF(G24=0,IF(F24=0,,H24*(1+F24)*C24-(H24*B24)),H24*(1+G24)*C24-(H24*B24)) -> 0
A25: SC | B25: 0.12 | C25: 0.17 | H25: =PREÇOS!J26 -> 6.765 | I25: =IF(F25=0,,H25*(1+F25)*C25-(H25*B25)) -> 0 | J25: =IF(G25=0,IF(F25=0,,H25*(1+F25)*C25-(H25*B25)),H25*(1+G25)*C25-(H25*B25)) -> 0
A26: SE | B26: 0.07 | C26: 0.2 | H26: =PREÇOS!J27 -> 6.4012903 | I26: =IF(F26=0,,H26*(1+F26)*C26-(H26*B26)) -> 0 | J26: =IF(G26=0,IF(F26=0,,H26*(1+F26)*C26-(H26*B26)),H26*(1+G26)*C26-(H26*B26)) -> 0
A27: SP | B27: 0.12 | C27: 0.18 | F27: 0.463 | H27: =PREÇOS!J28 -> 6.765 | I27: =IF(F27=0,,H27*(1+F27)*C27-(H27*B27)) -> 0.9696951 | J27: =IF(G27=0,IF(F27=0,,H27*(1+F27)*C27-(H27*B27)),H27*(1+G27)*C27-(H27*B27)) -> 0.9696951
A28: SP/Atacado | B28: =B27 -> 0.12 | C28: =C27 -> 0.18 | D28: =D27 -> 0 | E28: =E27 -> 0 | F28: =F27 -> 0.463 | G28: =G27 -> 0 | H28: =PREÇOS!J29 -> 6.765 | I28: =IF(F28=0,,H28*(1+F28)*C28-(H28*B28)) -> 0.9696951 | J28: =IF(G28=0,IF(F28=0,,H28*(1+F28)*C28-(H28*B28)),H28*(1+G28)*C28-(H28*B28)) -> 0.9696951
A29: TO | B29: 0.07 | C29: 0.2 | H29: =PREÇOS!J30 -> 6.4012903 | I29: =IF(F29=0,,H29*(1+F29)*C29-(H29*B29)) -> 0 | J29: =IF(G29=0,IF(F29=0,,H29*(1+F29)*C29-(H29*B29)),H29*(1+G29)*C29-(H29*B29)) -> 0
A30: EX | H30: =PREÇOS!J31 -> 5.0410161 | I30: =IF(F30=0,,H30*(1+F30)*C30-(H30*B30)) -> 0 | J30: =IF(G30=0,IF(F30=0,,H30*(1+F30)*C30-(H30*B30)),H30*(1+G30)*C30-(H30*B30)) -> 0

Sheet ST MULTI 170 POUCH
A1: Estado | B1: Aliquota interestadual | C1: Aliquota interna | D1: MVA (normal) | E1: MVA (simples) | F1: Ajustada (normal) | G1: Ajustada (simples) | H1: Preço | I1: ST Normal | J1: ST Simples
A2: AC | B2: 0.07 | C2: 0.17 | H2: =PREÇOS!K3 -> 6.4012903 | I2: =IF(F2=0,,H2*(1+F2)*C2-(H2*B2)) -> 0 | J2: =IF(G2=0,IF(F2=0,,H2*(1+F2)*C2-(H2*B2)),H2*(1+G2)*C2-(H2*B2)) -> 0
A3: AL | B3: 0.07 | C3: 0.2 | F3: 0.71 | H3: =PREÇOS!K4 -> 6.4012903 | I3: =IF(F3=0,,H3*(1+F3)*C3-(H3*B3)) -> 1.741151 | J3: =IF(G3=0,IF(F3=0,,H3*(1+F3)*C3-(H3*B3)),H3*(1+G3)*C3-(H3*B3)) -> 1.741151
A4: AM | B4: 0.07 | C4: 0.2 | F4: 0.5538 | H4: =PREÇOS!K5 -> 6.4012903 | I4: =IF(F4=0,,H4*(1+F4)*C4-(H4*B4)) -> 1.5411747 | J4: =IF(G4=0,IF(F4=0,,H4*(1+F4)*C4-(H4*B4)),H4*(1+G4)*C4-(H4*B4)) -> 1.5411747
A5: AP | B5: 0.07 | C5: 0.18 | H5: =PREÇOS!K6 -> 6.4012903 | I5: =IF(F5=0,,H5*(1+F5)*C5-(H5*B5)) -> 0 | J5: =IF(G5=0,IF(F5=0,,H5*(1+F5)*C5-(H5*B5)),H5*(1+G5)*C5-(H5*B5)) -> 0
A6: BA | B6: 0.07 | C6: 0.19 | H6: =PREÇOS!K7 -> 6.4012903 | I6: =IF(F6=0,,H6*(1+F6)*C6-(H6*B6)) -> 0 | J6: =IF(G6=0,IF(F6=0,,H6*(1+F6)*C6-(H6*B6)),H6*(1+G6)*C6-(H6*B6)) -> 0
A7: CE | B7: 0.07 | C7: 0.2 | H7: =PREÇOS!K8 -> 6.4012903 | I7: =IF(F7=0,,H7*(1+F7)*C7-(H7*B7)) -> 0 | J7: =IF(G7=0,IF(F7=0,,H7*(1+F7)*C7-(H7*B7)),H7*(1+G7)*C7-(H7*B7)) -> 0
A8: DF | B8: 0.07 | C8: 0.18 | H8: =PREÇOS!K9 -> 6.4012903 | I8: =IF(F8=0,,H8*(1+F8)*C8-(H8*B8)) -> 0 | J8: =IF(G8=0,IF(F8=0,,H8*(1+F8)*C8-(H8*B8)),H8*(1+G8)*C8-(H8*B8)) -> 0
A9: ES | B9: 0.07 | C9: 0.17 | H9: =PREÇOS!K10 -> 6.4012903 | I9: =IF(F9=0,,H9*(1+F9)*C9-(H9*B9)) -> 0 | J9: =IF(G9=0,IF(F9=0,,H9*(1+F9)*C9-(H9*B9)),H9*(1+G9)*C9-(H9*B9)) -> 0
A10: GO | B10: 0.07 | C10: 0.17 | H10: =PREÇOS!K11 -> 6.4012903 | I10: =IF(F10=0,,H10*(1+F10)*C10-(H10*B10)) -> 0 | J10: =IF(G10=0,IF(F10=0,,H10*(1+F10)*C10-(H10*B10)),H10*(1+G10)*C10-(H10*B10)) -> 0
A11: MA | B11: 0.07 | C11: 0.2 | H11: =PREÇOS!K12 -> 6.4012903 | I11: =IF(F11=0,,H11*(1+F11)*C11-(H11*B11)) -> 0 | J11: =IF(G11=0,IF(F11=0,,H11*(1+F11)*C11-(H11*B11)),H11*(1+G11)*C11-(H11*B11)) -> 0
A12: MG | B12: 0.12 | C12: 0.18 | F12: 0.4488 | H12: =PREÇOS!K13 -> 6.765 | I12: =IF(F12=0,,H12*(1+F12)*C12-(H12*B12)) -> 0.95240376 | J12: =IF(G12=0,IF(F12=0,,H12*(1+F12)*C12-(H12*B12)),H12*(1+G12)*C12-(H12*B12)) -> 0.95240376
A13: MS | B13: 0.07 | C13: 0.17 | H13: =PREÇOS!K14 -> 6.4012903 | I13: =IF(F13=0,,H13*(1+F13)*C13-(H13*B13)) -> 0 | J13: =IF(G13=0,IF(F13=0,,H13*(1+F13)*C13-(H13*B13)),H13*(1+G13)*C13-(H13*B13)) -> 0
A14: MT | B14: 0.07 | C14: 0.17 | F14: 0.4552 | H14: =PREÇOS!K15 -> 6.4012903 | I14: =IF(F14=0,,H14*(1+F14)*C14-(H14*B14)) -> 1.1354865 | J14: =IF(G14=0,IF(F14=0,,H14*(1+F14)*C14-(H14*B14)),H14*(1+G14)*C14-(H14*B14)) -> 1.1354865
A15: PA | B15: 0.07 | C15: 0.19 | H15: =PREÇOS!K16 -> 6.4012903 | I15: =IF(F15=0,,H15*(1+F15)*C15-(H15*B15)) -> 0 | J15: =IF(G15=0,IF(F15=0,,H15*(1+F15)*C15-(H15*B15)),H15*(1+G15)*C15-(H15*B15)) -> 0
A16: PB | B16: 0.07 | C16: 0.18 | H16: =PREÇOS!K17 -> 6.4012903 | I16: =IF(F16=0,,H16*(1+F16)*C16-(H16*B16)) -> 0 | J16: =IF(G16=0,IF(F16=0,,H16*(1+F16)*C16-(H16*B16)),H16*(1+G16)*C16-(H16*B16)) -> 0
A17: PE | B17: 0.07 | C17: 0.18 | H17: =PREÇOS!K18 -> 6.4012903 | I17: =IF(F17=0,,H17*(1+F17)*C17-(H17*B17)) -> 0 | J17: =IF(G17=0,IF(F17=0,,H17*(1+F17)*C17-(H17*B17)),H17*(1+G17)*C17-(H17*B17)) -> 0
A18: PI | B18: 0.07 | C18: 0.21 | H18: =PREÇOS!K19 -> 6.4012903 | I18: =IF(F18=0,,H18*(1+F18)*C18-(H18*B18)) -> 0 | J18: =IF(G18=0,IF(F18=0,,H18*(1+F18)*C18-(H18*B18)),H18*(1+G18)*C18-(H18*B18)) -> 0
A19: PR | B19: 0.12 | C19: 0.195 | F19: 0.608 | H19: =PREÇOS!K20 -> 6.765 | I19: =IF(F19=0,,H19*(1+F19)*C19-(H19*B19)) -> 1.3094334 | J19: =IF(G19=0,IF(F19=0,,H19*(1+F19)*C19-(H19*B19)),H19*(1+G19)*C19-(H19*B19)) -> 1.3094334
A20: RJ | B20: 0.12 | C20: 0.22 | F20: 0.5473 | H20: =PREÇOS!K21 -> 6.765 | I20: =IF(F20=0,,H20*(1+F20)*C20-(H20*B20)) -> 1.4910466 | J20: =IF(G20=0,IF(F20=0,,H20*(1+F20)*C20-(H20*B20)),H20*(1+G20)*C20-(H20*B20)) -> 1.4910466
A21: RN | B21: 0.07 | C21: 0.2 | H21: =PREÇOS!K22 -> 6.4012903 | I21: =IF(F21=0,,H21*(1+F21)*C21-(H21*B21)) -> 0 | J21: =IF(G21=0,IF(F21=0,,H21*(1+F21)*C21-(H21*B21)),H21*(1+G21)*C21-(H21*B21)) -> 0
A22: RO | B22: 0.07 | C22: 0.175 | H22: =PREÇOS!K23 -> 6.4012903 | I22: =IF(F22=0,,H22*(1+F22)*C22-(H22*B22)) -> 0 | J22: =IF(G22=0,IF(F22=0,,H22*(1+F22)*C22-(H22*B22)),H22*(1+G22)*C22-(H22*B22)) -> 0
A23: RR | B23: 0.07 | C23: 0.2 | H23: =PREÇOS!K24 -> 6.4012903 | I23: =IF(F23=0,,H23*(1+F23)*C23-(H23*B23)) -> 0 | J23: =IF(G23=0,IF(F23=0,,H23*(1+F23)*C23-(H23*B23)),H23*(1+G23)*C23-(H23*B23)) -> 0
A24: RS | B24: 0.12 | C24: 0.17 | H24: =PREÇOS!K25 -> 6.765 | I24: =IF(F24=0,,H24*(1+F24)*C24-(H24*B24)) -> 0 | J24: =IF(G24=0,IF(F24=0,,H24*(1+F24)*C24-(H24*B24)),H24*(1+G24)*C24-(H24*B24)) -> 0
A25: SC | B25: 0.12 | C25: 0.17 | H25: =PREÇOS!K26 -> 6.765 | I25: =IF(F25=0,,H25*(1+F25)*C25-(H25*B25)) -> 0 | J25: =IF(G25=0,IF(F25=0,,H25*(1+F25)*C25-(H25*B25)),H25*(1+G25)*C25-(H25*B25)) -> 0
A26: SE | B26: 0.07 | C26: 0.2 | H26: =PREÇOS!K27 -> 6.4012903 | I26: =IF(F26=0,,H26*(1+F26)*C26-(H26*B26)) -> 0 | J26: =IF(G26=0,IF(F26=0,,H26*(1+F26)*C26-(H26*B26)),H26*(1+G26)*C26-(H26*B26)) -> 0
A27: SP | B27: 0.12 | C27: 0.18 | F27: 0.463 | H27: =PREÇOS!K28 -> 6.765 | I27: =IF(F27=0,,H27*(1+F27)*C27-(H27*B27)) -> 0.9696951 | J27: =IF(G27=0,IF(F27=0,,H27*(1+F27)*C27-(H27*B27)),H27*(1+G27)*C27-(H27*B27)) -> 0.9696951
A28: SP/Atacado | B28: =B27 -> 0.12 | C28: =C27 -> 0.18 | D28: =D27 -> 0 | E28: =E27 -> 0 | F28: =F27 -> 0.463 | G28: =G27 -> 0 | H28: =PREÇOS!K29 -> 6.765 | I28: =IF(F28=0,,H28*(1+F28)*C28-(H28*B28)) -> 0.9696951 | J28: =IF(G28=0,IF(F28=0,,H28*(1+F28)*C28-(H28*B28)),H28*(1+G28)*C28-(H28*B28)) -> 0.9696951
A29: TO | B29: 0.07 | C29: 0.2 | H29: =PREÇOS!K30 -> 6.4012903 | I29: =IF(F29=0,,H29*(1+F29)*C29-(H29*B29)) -> 0 | J29: =IF(G29=0,IF(F29=0,,H29*(1+F29)*C29-(H29*B29)),H29*(1+G29)*C29-(H29*B29)) -> 0
A30: EX | H30: =PREÇOS!K31 -> 5.0410161 | I30: =IF(F30=0,,H30*(1+F30)*C30-(H30*B30)) -> 0 | J30: =IF(G30=0,IF(F30=0,,H30*(1+F30)*C30-(H30*B30)),H30*(1+G30)*C30-(H30*B30)) -> 0

Sheet ST MULTI 500 POUCH
A1: Estado | B1: Aliquota interestadual | C1: Aliquota interna | D1: MVA (normal) | E1: MVA (simples) | F1: Ajustada (normal) | G1: Ajustada (simples) | H1: Preço | I1: ST Normal | J1: ST Simples
A2: AC | B2: 0.07 | C2: 0.17 | H2: =PREÇOS!L3 -> 15.318813 | I2: =IF(F2=0,,H2*(1+F2)*C2-(H2*B2)) -> 0 | J2: =IF(G2=0,IF(F2=0,,H2*(1+F2)*C2-(H2*B2)),H2*(1+G2)*C2-(H2*B2)) -> 0
A3: AL | B3: 0.07 | C3: 0.2 | F3: 0.71 | H3: =PREÇOS!L4 -> 15.318813 | I3: =IF(F3=0,,H3*(1+F3)*C3-(H3*B3)) -> 4.1667171 | J3: =IF(G3=0,IF(F3=0,,H3*(1+F3)*C3-(H3*B3)),H3*(1+G3)*C3-(H3*B3)) -> 4.1667171
A4: AM | B4: 0.07 | C4: 0.2 | F4: 0.5538 | H4: =PREÇOS!L5 -> 15.318813 | I4: =IF(F4=0,,H4*(1+F4)*C4-(H4*B4)) -> 3.6881574 | J4: =IF(G4=0,IF(F4=0,,H4*(1+F4)*C4-(H4*B4)),H4*(1+G4)*C4-(H4*B4)) -> 3.6881574
A5: AP | B5: 0.07 | C5: 0.18 | H5: =PREÇOS!L6 -> 15.318813 | I5: =IF(F5=0,,H5*(1+F5)*C5-(H5*B5)) -> 0 | J5: =IF(G5=0,IF(F5=0,,H5*(1+F5)*C5-(H5*B5)),H5*(1+G5)*C5-(H5*B5)) -> 0
A6: BA | B6: 0.07 | C6: 0.19 | H6: =PREÇOS!L7 -> 15.318813 | I6: =IF(F6=0,,H6*(1+F6)*C6-(H6*B6)) -> 0 | J6: =IF(G6=0,IF(F6=0,,H6*(1+F6)*C6-(H6*B6)),H6*(1+G6)*C6-(H6*B6)) -> 0
A7: CE | B7: 0.07 | C7: 0.2 | H7: =PREÇOS!L8 -> 15.318813 | I7: =IF(F7=0,,H7*(1+F7)*C7-(H7*B7)) -> 0 | J7: =IF(G7=0,IF(F7=0,,H7*(1+F7)*C7-(H7*B7)),H7*(1+G7)*C7-(H7*B7)) -> 0
A8: DF | B8: 0.07 | C8: 0.18 | H8: =PREÇOS!L9 -> 15.318813 | I8: =IF(F8=0,,H8*(1+F8)*C8-(H8*B8)) -> 0 | J8: =IF(G8=0,IF(F8=0,,H8*(1+F8)*C8-(H8*B8)),H8*(1+G8)*C8-(H8*B8)) -> 0
A9: ES | B9: 0.07 | C9: 0.17 | H9: =PREÇOS!L10 -> 15.318813 | I9: =IF(F9=0,,H9*(1+F9)*C9-(H9*B9)) -> 0 | J9: =IF(G9=0,IF(F9=0,,H9*(1+F9)*C9-(H9*B9)),H9*(1+G9)*C9-(H9*B9)) -> 0
A10: GO | B10: 0.07 | C10: 0.17 | H10: =PREÇOS!L11 -> 15.318813 | I10: =IF(F10=0,,H10*(1+F10)*C10-(H10*B10)) -> 0 | J10: =IF(G10=0,IF(F10=0,,H10*(1+F10)*C10-(H10*B10)),H10*(1+G10)*C10-(H10*B10)) -> 0
A11: MA | B11: 0.07 | C11: 0.2 | H11: =PREÇOS!L12 -> 15.318813 | I11: =IF(F11=0,,H11*(1+F11)*C11-(H11*B11)) -> 0 | J11: =IF(G11=0,IF(F11=0,,H11*(1+F11)*C11-(H11*B11)),H11*(1+G11)*C11-(H11*B11)) -> 0
A12: MG | B12: 0.12 | C12: 0.18 | F12: 0.4488 | H12: =PREÇOS!L13 -> 16.1892 | I12: =IF(F12=0,,H12*(1+F12)*C12-(H12*B12)) -> 2.2791803 | J12: =IF(G12=0,IF(F12=0,,H12*(1+F12)*C12-(H12*B12)),H12*(1+G12)*C12-(H12*B12)) -> 2.2791803
A13: MS | B13: 0.07 | C13: 0.17 | H13: =PREÇOS!L14 -> 15.318813 | I13: =IF(F13=0,,H13*(1+F13)*C13-(H13*B13)) -> 0 | J13: =IF(G13=0,IF(F13=0,,H13*(1+F13)*C13-(H13*B13)),H13*(1+G13)*C13-(H13*B13)) -> 0
A14: MT | B14: 0.07 | C14: 0.17 | F14: 0.4552 | H14: =PREÇOS!L15 -> 15.318813 | I14: =IF(F14=0,,H14*(1+F14)*C14-(H14*B14)) -> 2.7173123 | J14: =IF(G14=0,IF(F14=0,,H14*(1+F14)*C14-(H14*B14)),H14*(1+G14)*C14-(H14*B14)) -> 2.7173123
A15: PA | B15: 0.07 | C15: 0.19 | H15: =PREÇOS!L16 -> 15.318813 | I15: =IF(F15=0,,H15*(1+F15)*C15-(H15*B15)) -> 0 | J15: =IF(G15=0,IF(F15=0,,H15*(1+F15)*C15-(H15*B15)),H15*(1+G15)*C15-(H15*B15)) -> 0
A16: PB | B16: 0.07 | C16: 0.18 | H16: =PREÇOS!L17 -> 15.318813 | I16: =IF(F16=0,,H16*(1+F16)*C16-(H16*B16)) -> 0 | J16: =IF(G16=0,IF(F16=0,,H16*(1+F16)*C16-(H16*B16)),H16*(1+G16)*C16-(H16*B16)) -> 0
A17: PE | B17: 0.07 | C17: 0.18 | H17: =PREÇOS!L18 -> 15.318813 | I17: =IF(F17=0,,H17*(1+F17)*C17-(H17*B17)) -> 0 | J17: =IF(G17=0,IF(F17=0,,H17*(1+F17)*C17-(H17*B17)),H17*(1+G17)*C17-(H17*B17)) -> 0
A18: PI | B18: 0.07 | C18: 0.21 | H18: =PREÇOS!L19 -> 15.318813 | I18: =IF(F18=0,,H18*(1+F18)*C18-(H18*B18)) -> 0 | J18: =IF(G18=0,IF(F18=0,,H18*(1+F18)*C18-(H18*B18)),H18*(1+G18)*C18-(H18*B18)) -> 0
A19: PR | B19: 0.12 | C19: 0.195 | F19: 0.608 | H19: =PREÇOS!L20 -> 16.1892 | I19: =IF(F19=0,,H19*(1+F19)*C19-(H19*B19)) -> 3.1335816 | J19: =IF(G19=0,IF(F19=0,,H19*(1+F19)*C19-(H19*B19)),H19*(1+G19)*C19-(H19*B19)) -> 3.1335816
A20: RJ | B20: 0.12 | C20: 0.22 | F20: 0.5473 | H20: =PREÇOS!L21 -> 16.1892 | I20: =IF(F20=0,,H20*(1+F20)*C20-(H20*B20)) -> 3.5681968 | J20: =IF(G20=0,IF(F20=0,,H20*(1+F20)*C20-(H20*B20)),H20*(1+G20)*C20-(H20*B20)) -> 3.5681968
A21: RN | B21: 0.07 | C21: 0.2 | H21: =PREÇOS!L22 -> 15.318813 | I21: =IF(F21=0,,H21*(1+F21)*C21-(H21*B21)) -> 0 | J21: =IF(G21=0,IF(F21=0,,H21*(1+F21)*C21-(H21*B21)),H21*(1+G21)*C21-(H21*B21)) -> 0
A22: RO | B22: 0.07 | C22: 0.175 | H22: =PREÇOS!L23 -> 15.318813 | I22: =IF(F22=0,,H22*(1+F22)*C22-(H22*B22)) -> 0 | J22: =IF(G22=0,IF(F22=0,,H22*(1+F22)*C22-(H22*B22)),H22*(1+G22)*C22-(H22*B22)) -> 0
A23: RR | B23: 0.07 | C23: 0.2 | H23: =PREÇOS!L24 -> 15.318813 | I23: =IF(F23=0,,H23*(1+F23)*C23-(H23*B23)) -> 0 | J23: =IF(G23=0,IF(F23=0,,H23*(1+F23)*C23-(H23*B23)),H23*(1+G23)*C23-(H23*B23)) -> 0
A24: RS | B24: 0.12 | C24: 0.17 | H24: =PREÇOS!L25 -> 16.1892 | I24: =IF(F24=0,,H24*(1+F24)*C24-(H24*B24)) -> 0 | J24: =IF(G24=0,IF(F24=0,,H24*(1+F24)*C24-(H24*B24)),H24*(1+G24)*C24-(H24*B24)) -> 0
A25: SC | B25: 0.12 | C25: 0.17 | H25: =PREÇOS!L26 -> 16.1892 | I25: =IF(F25=0,,H25*(1+F25)*C25-(H25*B25)) -> 0 | J25: =IF(G25=0,IF(F25=0,,H25*(1+F25)*C25-(H25*B25)),H25*(1+G25)*C25-(H25*B25)) -> 0
A26: SE | B26: 0.07 | C26: 0.2 | H26: =PREÇOS!L27 -> 15.318813 | I26: =IF(F26=0,,H26*(1+F26)*C26-(H26*B26)) -> 0 | J26: =IF(G26=0,IF(F26=0,,H26*(1+F26)*C26-(H26*B26)),H26*(1+G26)*C26-(H26*B26)) -> 0
A27: SP | B27: 0.12 | C27: 0.18 | F27: 0.463 | H27: =PREÇOS!L28 -> 16.1892 | I27: =IF(F27=0,,H27*(1+F27)*C27-(H27*B27)) -> 2.3205599 | J27: =IF(G27=0,IF(F27=0,,H27*(1+F27)*C27-(H27*B27)),H27*(1+G27)*C27-(H27*B27)) -> 2.3205599
A28: SP/Atacado | B28: =B27 -> 0.12 | C28: =C27 -> 0.18 | D28: =D27 -> 0 | E28: =E27 -> 0 | F28: =F27 -> 0.463 | G28: =G27 -> 0 | H28: =PREÇOS!L29 -> 16.1892 | I28: =IF(F28=0,,H28*(1+F28)*C28-(H28*B28)) -> 2.3205599 | J28: =IF(G28=0,IF(F28=0,,H28*(1+F28)*C28-(H28*B28)),H28*(1+G28)*C28-(H28*B28)) -> 2.3205599
A29: TO | B29: 0.07 | C29: 0.2 | H29: =PREÇOS!L30 -> 15.318813 | I29: =IF(F29=0,,H29*(1+F29)*C29-(H29*B29)) -> 0 | J29: =IF(G29=0,IF(F29=0,,H29*(1+F29)*C29-(H29*B29)),H29*(1+G29)*C29-(H29*B29)) -> 0
A30: EX | H30: =PREÇOS!L31 -> 12.063565 | I30: =IF(F30=0,,H30*(1+F30)*C30-(H30*B30)) -> 0 | J30: =IF(G30=0,IF(F30=0,,H30*(1+F30)*C30-(H30*B30)),H30*(1+G30)*C30-(H30*B30)) -> 0

Sheet ST RECHEADOS
A1: Estado | B1: Aliquota interestadual | C1: Aliquota interna | D1: MVA (normal) | E1: MVA (simples) | F1: Ajustada (normal) | G1: Ajustada (simples) | H1: Preço | I1: ST Normal | J1: ST Simples
A2: AC | B2: 0.07 | C2: 0.19 | H2: =PREÇOS!P3 -> 4.7311828 | I2: =IF(F2=0,,H2*(1+F2)*C2-(H2*B2)) -> 0 | J2: =IF(G2=0,IF(F2=0,,H2*(1+F2)*C2-(H2*B2)),H2*(1+G2)*C2-(H2*B2)) -> 0
A3: AL | B3: 0.07 | C3: 0.2 | F3: 0.5113 | H3: =PREÇOS!P4 -> 4.7311828 | I3: =IF(F3=0,,H3*(1+F3)*C3-(H3*B3)) -> 1.0988645 | J3: =IF(G3=0,IF(F3=0,,H3*(1+F3)*C3-(H3*B3)),H3*(1+G3)*C3-(H3*B3)) -> 1.0988645
A4: AM | B4: 0.07 | C4: 0.2 | H4: =PREÇOS!P5 -> 4.7311828 | I4: =IF(F4=0,,H4*(1+F4)*C4-(H4*B4)) -> 0 | J4: =IF(G4=0,IF(F4=0,,H4*(1+F4)*C4-(H4*B4)),H4*(1+G4)*C4-(H4*B4)) -> 0
A5: AP | B5: 0.07 | C5: 0.18 | F5: 0.5198 | H5: =PREÇOS!P6 -> 4.7311828 | I5: =IF(F5=0,,H5*(1+F5)*C5-(H5*B5)) -> 0.96309849 | J5: =IF(G5=0,IF(F5=0,,H5*(1+F5)*C5-(H5*B5)),H5*(1+G5)*C5-(H5*B5)) -> 0.96309849
A6: BA | B6: 0.07 | C6: 0.19 | H6: =PREÇOS!P7 -> 4.7311828 | I6: =IF(F6=0,,H6*(1+F6)*C6-(H6*B6)) -> 0 | J6: =IF(G6=0,IF(F6=0,,H6*(1+F6)*C6-(H6*B6)),H6*(1+G6)*C6-(H6*B6)) -> 0
A7: CE | B7: 0.07 | C7: 0.2 | H7: =PREÇOS!P8 -> 4.7311828 | I7: =IF(F7=0,,H7*(1+F7)*C7-(H7*B7)) -> 0 | J7: =IF(G7=0,IF(F7=0,,H7*(1+F7)*C7-(H7*B7)),H7*(1+G7)*C7-(H7*B7)) -> 0
A8: DF | B8: 0.07 | C8: 0.18 | H8: =PREÇOS!P9 -> 4.7311828 | I8: =IF(F8=0,,H8*(1+F8)*C8-(H8*B8)) -> 0 | J8: =IF(G8=0,IF(F8=0,,H8*(1+F8)*C8-(H8*B8)),H8*(1+G8)*C8-(H8*B8)) -> 0
A9: ES | B9: 0.07 | C9: 0.17 | H9: =PREÇOS!P10 -> 4.7311828 | I9: =IF(F9=0,,H9*(1+F9)*C9-(H9*B9)) -> 0 | J9: =IF(G9=0,IF(F9=0,,H9*(1+F9)*C9-(H9*B9)),H9*(1+G9)*C9-(H9*B9)) -> 0
A10: GO | B10: 0.07 | C10: 0.17 | H10: =PREÇOS!P11 -> 4.7311828 | I10: =IF(F10=0,,H10*(1+F10)*C10-(H10*B10)) -> 0 | J10: =IF(G10=0,IF(F10=0,,H10*(1+F10)*C10-(H10*B10)),H10*(1+G10)*C10-(H10*B10)) -> 0
A11: MA | B11: 0.07 | C11: 0.2 | H11: =PREÇOS!P12 -> 4.7311828 | I11: =IF(F11=0,,H11*(1+F11)*C11-(H11*B11)) -> 0 | J11: =IF(G11=0,IF(F11=0,,H11*(1+F11)*C11-(H11*B11)),H11*(1+G11)*C11-(H11*B11)) -> 0
A12: MG | B12: 0.12 | C12: 0.12 | F12: 0.25 | H12: =PREÇOS!P13 -> 5 | I12: =IF(F12=0,,H12*(1+F12)*C12-(H12*B12)) -> 0.15 | J12: =IF(G12=0,IF(F12=0,,H12*(1+F12)*C12-(H12*B12)),H12*(1+G12)*C12-(H12*B12)) -> 0.15
A13: MS | B13: 0.07 | C13: 0.17 | H13: =PREÇOS!P14 -> 4.7311828 | I13: =IF(F13=0,,H13*(1+F13)*C13-(H13*B13)) -> 0 | J13: =IF(G13=0,IF(F13=0,,H13*(1+F13)*C13-(H13*B13)),H13*(1+G13)*C13-(H13*B13)) -> 0
A14: MT | B14: 0.07 | C14: 0.17 | F14: 0.3978 | H14: =PREÇOS!P15 -> 4.7311828 | I14: =IF(F14=0,,H14*(1+F14)*C14-(H14*B14)) -> 0.79306925 | J14: =IF(G14=0,IF(F14=0,,H14*(1+F14)*C14-(H14*B14)),H14*(1+G14)*C14-(H14*B14)) -> 0.79306925
A15: PA | B15: 0.07 | C15: 0.19 | H15: =PREÇOS!P16 -> 4.7311828 | I15: =IF(F15=0,,H15*(1+F15)*C15-(H15*B15)) -> 0 | J15: =IF(G15=0,IF(F15=0,,H15*(1+F15)*C15-(H15*B15)),H15*(1+G15)*C15-(H15*B15)) -> 0
A16: PB | B16: 0.07 | C16: 0.18 | H16: =PREÇOS!P17 -> 4.7311828 | I16: =IF(F16=0,,H16*(1+F16)*C16-(H16*B16)) -> 0 | J16: =IF(G16=0,IF(F16=0,,H16*(1+F16)*C16-(H16*B16)),H16*(1+G16)*C16-(H16*B16)) -> 0
A17: PE | B17: 0.07 | C17: 0.18 | H17: =PREÇOS!P18 -> 4.7311828 | I17: =IF(F17=0,,H17*(1+F17)*C17-(H17*B17)) -> 0 | J17: =IF(G17=0,IF(F17=0,,H17*(1+F17)*C17-(H17*B17)),H17*(1+G17)*C17-(H17*B17)) -> 0
A18: PI | B18: 0.07 | C18: 0.21 | H18: =PREÇOS!P19 -> 4.7311828 | I18: =IF(F18=0,,H18*(1+F18)*C18-(H18*B18)) -> 0 | J18: =IF(G18=0,IF(F18=0,,H18*(1+F18)*C18-(H18*B18)),H18*(1+G18)*C18-(H18*B18)) -> 0
A19: PR | B19: 0.12 | C19: 0.12 | H19: =PREÇOS!P20 -> 5 | I19: =IF(F19=0,,H19*(1+F19)*C19-(H19*B19)) -> 0 | J19: =IF(G19=0,IF(F19=0,,H19*(1+F19)*C19-(H19*B19)),H19*(1+G19)*C19-(H19*B19)) -> 0
A20: RJ | B20: 0.12 | C20: 0.22 | F20: 0.5253 | H20: =PREÇOS!P21 -> 5 | I20: =IF(F20=0,,H20*(1+F20)*C20-(H20*B20)) -> 1.07783 | J20: =IF(G20=0,IF(F20=0,,H20*(1+F20)*C20-(H20*B20)),H20*(1+G20)*C20-(H20*B20)) -> 1.07783
A21: RN | B21: 0.07 | C21: 0.2 | H21: =PREÇOS!P22 -> 4.7311828 | I21: =IF(F21=0,,H21*(1+F21)*C21-(H21*B21)) -> 0 | J21: =IF(G21=0,IF(F21=0,,H21*(1+F21)*C21-(H21*B21)),H21*(1+G21)*C21-(H21*B21)) -> 0
A22: RO | B22: 0.07 | C22: 0.175 | H22: =PREÇOS!P23 -> 4.7311828 | I22: =IF(F22=0,,H22*(1+F22)*C22-(H22*B22)) -> 0 | J22: =IF(G22=0,IF(F22=0,,H22*(1+F22)*C22-(H22*B22)),H22*(1+G22)*C22-(H22*B22)) -> 0
A23: RR | B23: 0.07 | C23: 0.2 | H23: =PREÇOS!P24 -> 4.7311828 | I23: =IF(F23=0,,H23*(1+F23)*C23-(H23*B23)) -> 0 | J23: =IF(G23=0,IF(F23=0,,H23*(1+F23)*C23-(H23*B23)),H23*(1+G23)*C23-(H23*B23)) -> 0
A24: RS | B24: 0.12 | C24: 0.17 | H24: =PREÇOS!P25 -> 5 | I24: =IF(F24=0,,H24*(1+F24)*C24-(H24*B24)) -> 0 | J24: =IF(G24=0,IF(F24=0,,H24*(1+F24)*C24-(H24*B24)),H24*(1+G24)*C24-(H24*B24)) -> 0
A25: SC | B25: 0.12 | C25: 0.17 | H25: =PREÇOS!P26 -> 5 | I25: =IF(F25=0,,H25*(1+F25)*C25-(H25*B25)) -> 0 | J25: =IF(G25=0,IF(F25=0,,H25*(1+F25)*C25-(H25*B25)),H25*(1+G25)*C25-(H25*B25)) -> 0
A26: SE | B26: 0.07 | C26: 0.2 | H26: =PREÇOS!P27 -> 4.7311828 | I26: =IF(F26=0,,H26*(1+F26)*C26-(H26*B26)) -> 0 | J26: =IF(G26=0,IF(F26=0,,H26*(1+F26)*C26-(H26*B26)),H26*(1+G26)*C26-(H26*B26)) -> 0
A27: SP | B27: 0.12 | C27: 0.18 | D27: 0.6077 | F27: 0.6077 | H27: =PREÇOS!P28 -> 5 | I27: =IF(F27=0,,H27*(1+F27)*C27-(H27*B27)) -> 0.84693 | J27: =IF(G27=0,IF(F27=0,,H27*(1+F27)*C27-(H27*B27)),H27*(1+G27)*C27-(H27*B27)) -> 0.84693 | K27: =J27/H27 -> 0.169386
A28: SP/Atacado | B28: =B27 -> 0.12 | C28: =C27 -> 0.18 | D28: 0.6077 | F28: 0.6077 | G28: =G27 -> 0 | H28: =PREÇOS!P29 -> 5 | I28: =IF(F28=0,,H28*(1+F28)*C28-(H28*B28)) -> 0.84693 | J28: =IF(G28=0,IF(F28=0,,H28*(1+F28)*C28-(H28*B28)),H28*(1+G28)*C28-(H28*B28)) -> 0.84693
A29: TO | B29: 0.07 | C29: 0.2 | H29: =PREÇOS!P30 -> 4.7311828 | I29: =IF(F29=0,,H29*(1+F29)*C29-(H29*B29)) -> 0 | J29: =IF(G29=0,IF(F29=0,,H29*(1+F29)*C29-(H29*B29)),H29*(1+G29)*C29-(H29*B29)) -> 0
A30: EX

Sheet PREÇOS
I1: 1.1 | N1: 1.05
A2: Estado | B2: Papinhas | C2: Palitinhos | D2: Biscoitinhos | E2: Papapasta | F2: La Chef | G2: Linha Cerais | H2: Biscotti | I2: Pouch Carne | J2: P. Cereal 170g Sache sabores | K2: P. Cereal 170g Sache MULTI | L2: MULTI sache 500 g | M2: Yoguzinho | N2: Bowl | O2: Salgadinhos | P2: Bisc. Recheados | Q2: Sucos | R2: Achocolatado | S2: Puer. Talheres | T2: Puer. Babador | U2: Puer. Bolw | V2: Puer. Pratinho
A3: AC | B3: =B$26 -> 6.24 | C3: =C$26*0.88/0.93 -> 3.7198452 | D3: =D$26 -> 13.3488 | E3: =E$26*0.88/0.93 -> 8.1556129 | F3: =F$26*0.88/0.93 -> 11.723871 | G3: 7.05 | H3: =H$26*0.88/0.93 -> 8.5047742 | I3: =I$26 -> 8.9 | J3: =J$26*0.88/0.93 -> 6.4012903 | K3: =K$26*0.88/0.93 -> 6.4012903 | L3: =L$26*0.88/0.93 -> 15.318813 | M3: =M$26 -> 6.24 | N3: =N$26*0.88/0.93 -> 12.244301 | O3: =O$26*0.88/0.93 -> 4.8258065 | P3: =P$26*0.88/0.93 -> 4.7311828 | Q3: =Q$26*0.88/0.93 -> 3.1225806 | R3: =R$26*0.88/0.93 -> 3.7470968 | S3: =S$26 -> 17 | T3: =T$26 -> 15 | U3: =U$26 -> 19 | V3: =V$26 -> 28.29
A4: AL | B4: =B$26 -> 6.24 | C4: =C$26*0.88/0.93 -> 3.7198452 | D4: =D$26 -> 13.3488 | E4: =E$26*0.88/0.93 -> 8.1556129 | F4: =F$26*0.88/0.93 -> 11.723871 | G4: 7.05 | H4: =H$26*0.88/0.93 -> 8.5047742 | I4: =I$26 -> 8.9 | J4: =J$26*0.88/0.93 -> 6.4012903 | K4: =K$26*0.88/0.93 -> 6.4012903 | L4: =L$26*0.88/0.93 -> 15.318813 | M4: =M$26 -> 6.24 | N4: =N$26*0.88/0.93 -> 12.244301 | O4: =O$26*0.88/0.93 -> 4.8258065 | P4: =P$26*0.88/0.93 -> 4.7311828 | Q4: =Q$26*0.88/0.93 -> 3.1225806 | R4: =R$26*0.88/0.93 -> 3.7470968 | S4: =S$26 -> 17 | T4: =T$26 -> 15 | U4: =U$26 -> 19 | V4: =V$26 -> 28.29
A5: AM | B5: =B$26 -> 6.24 | C5: =C$26*0.88/0.93 -> 3.7198452 | D5: =D$26 -> 13.3488 | E5: =E$26*0.88/0.93 -> 8.1556129 | F5: =F$26*0.88/0.93 -> 11.723871 | G5: 7.05 | H5: =H$26*0.88/0.93 -> 8.5047742 | I5: =I$26 -> 8.9 | J5: =J$26*0.88/0.93 -> 6.4012903 | K5: =K$26*0.88/0.93 -> 6.4012903 | L5: =L$26*0.88/0.93 -> 15.318813 | M5: =M$26 -> 6.24 | N5: =N$26*0.88/0.93 -> 12.244301 | O5: =O$26*0.88/0.93 -> 4.8258065 | P5: =P$26*0.88/0.93 -> 4.7311828 | Q5: =Q$26*0.88/0.93 -> 3.1225806 | R5: =R$26*0.88/0.93 -> 3.7470968 | S5: =S$26 -> 17 | T5: =T$26 -> 15 | U5: =U$26 -> 19 | V5: =V$26 -> 28.29
A6: AP | B6: =B$26 -> 6.24 | C6: =C$26*0.88/0.93 -> 3.7198452 | D6: =D$26 -> 13.3488 | E6: =E$26*0.88/0.93 -> 8.1556129 | F6: =F$26*0.88/0.93 -> 11.723871 | G6: 7.05 | H6: =H$26*0.88/0.93 -> 8.5047742 | I6: =I$26 -> 8.9 | J6: =J$26*0.88/0.93 -> 6.4012903 | K6: =K$26*0.88/0.93 -> 6.4012903 | L6: =L$26*0.88/0.93 -> 15.318813 | M6: =M$26 -> 6.24 | N6: =N$26*0.88/0.93 -> 12.244301 | O6: =O$26*0.88/0.93 -> 4.8258065 | P6: =P$26*0.88/0.93 -> 4.7311828 | Q6: =Q$26*0.88/0.93 -> 3.1225806 | R6: =R$26*0.88/0.93 -> 3.7470968 | S6: =S$26 -> 17 | T6: =T$26 -> 15 | U6: =U$26 -> 19 | V6: =V$26 -> 28.29
A7: BA | B7: =B$26 -> 6.24 | C7: =C$26*0.88/0.93 -> 3.7198452 | D7: =D$26 -> 13.3488 | E7: =E$26*0.88/0.93 -> 8.1556129 | F7: =F$26*0.88/0.93 -> 11.723871 | G7: 7.05 | H7: =H$26*0.88/0.93 -> 8.5047742 | I7: =I$26 -> 8.9 | J7: =J$26*0.88/0.93 -> 6.4012903 | K7: =K$26*0.88/0.93 -> 6.4012903 | L7: =L$26*0.88/0.93 -> 15.318813 | M7: =M$26 -> 6.24 | N7: =N$26*0.88/0.93 -> 12.244301 | O7: =O$26*0.88/0.93 -> 4.8258065 | P7: =P$26*0.88/0.93 -> 4.7311828 | Q7: =Q$26*0.88/0.93 -> 3.1225806 | R7: =R$26*0.88/0.93 -> 3.7470968 | S7: =S$26 -> 17 | T7: =T$26 -> 15 | U7: =U$26 -> 19 | V7: =V$26 -> 28.29
A8: CE | B8: =B$26 -> 6.24 | C8: =C$26*0.88/0.93 -> 3.7198452 | D8: =D$26 -> 13.3488 | E8: =E$26*0.88/0.93 -> 8.1556129 | F8: =F$26*0.88/0.93 -> 11.723871 | G8: 7.05 | H8: =H$26*0.88/0.93 -> 8.5047742 | I8: =I$26 -> 8.9 | J8: =J$26*0.88/0.93 -> 6.4012903 | K8: =K$26*0.88/0.93 -> 6.4012903 | L8: =L$26*0.88/0.93 -> 15.318813 | M8: =M$26 -> 6.24 | N8: =N$26*0.88/0.93 -> 12.244301 | O8: =O$26*0.88/0.93 -> 4.8258065 | P8: =P$26*0.88/0.93 -> 4.7311828 | Q8: =Q$26*0.88/0.93 -> 3.1225806 | R8: =R$26*0.88/0.93 -> 3.7470968 | S8: =S$26 -> 17 | T8: =T$26 -> 15 | U8: =U$26 -> 19 | V8: =V$26 -> 28.29
A9: DF | B9: =B$26 -> 6.24 | C9: =C$26*0.88/0.93 -> 3.7198452 | D9: =D$26 -> 13.3488 | E9: =E$26*0.88/0.93 -> 8.1556129 | F9: =F$26*0.88/0.93 -> 11.723871 | G9: 7.05 | H9: =H$26*0.88/0.93 -> 8.5047742 | I9: =I$26 -> 8.9 | J9: =J$26*0.88/0.93 -> 6.4012903 | K9: =K$26*0.88/0.93 -> 6.4012903 | L9: =L$26*0.88/0.93 -> 15.318813 | M9: =M$26 -> 6.24 | N9: =N$26*0.88/0.93 -> 12.244301 | O9: =O$26*0.88/0.93 -> 4.8258065 | P9: =P$26*0.88/0.93 -> 4.7311828 | Q9: =Q$26*0.88/0.93 -> 3.1225806 | R9: =R$26*0.88/0.93 -> 3.7470968 | S9: =S$26 -> 17 | T9: =T$26 -> 15 | U9: =U$26 -> 19 | V9: =V$26 -> 28.29
A10: ES | B10: =B$26 -> 6.24 | C10: =C$26*0.88/0.93 -> 3.7198452 | D10: =D$26 -> 13.3488 | E10: =E$26*0.88/0.93 -> 8.1556129 | F10: =F$26*0.88/0.93 -> 11.723871 | G10: 7.05 | H10: =H$26*0.88/0.93 -> 8.5047742 | I10: =I$26 -> 8.9 | J10: =J$26*0.88/0.93 -> 6.4012903 | K10: =K$26*0.88/0.93 -> 6.4012903 | L10: =L$26*0.88/0.93 -> 15.318813 | M10: =M$26 -> 6.24 | N10: =N$26*0.88/0.93 -> 12.244301 | O10: =O$26*0.88/0.93 -> 4.8258065 | P10: =P$26*0.88/0.93 -> 4.7311828 | Q10: =Q$26*0.88/0.93 -> 3.1225806 | R10: =R$26*0.88/0.93 -> 3.7470968 | S10: =S$26 -> 17 | T10: =T$26 -> 15 | U10: =U$26 -> 19 | V10: =V$26 -> 28.29
A11: GO | B11: =B$26 -> 6.24 | C11: =C$26*0.88/0.93 -> 3.7198452 | D11: =D$26 -> 13.3488 | E11: =E$26*0.88/0.93 -> 8.1556129 | F11: =F$26*0.88/0.93 -> 11.723871 | G11: 7.05 | H11: =H$26*0.88/0.93 -> 8.5047742 | I11: =I$26 -> 8.9 | J11: =J$26*0.88/0.93 -> 6.4012903 | K11: =K$26*0.88/0.93 -> 6.4012903 | L11: =L$26*0.88/0.93 -> 15.318813 | M11: =M$26 -> 6.24 | N11: =N$26*0.88/0.93 -> 12.244301 | O11: =O$26*0.88/0.93 -> 4.8258065 | P11: =P$26*0.88/0.93 -> 4.7311828 | Q11: =Q$26*0.88/0.93 -> 3.1225806 | R11: =R$26*0.88/0.93 -> 3.7470968 | S11: =S$26 -> 17 | T11: =T$26 -> 15 | U11: =U$26 -> 19 | V11: =V$26 -> 28.29
A12: MA | B12: =B$26 -> 6.24 | C12: =C$26*0.88/0.93 -> 3.7198452 | D12: =D$26 -> 13.3488 | E12: =E$26*0.88/0.93 -> 8.1556129 | F12: =F$26*0.88/0.93 -> 11.723871 | G12: 7.05 | H12: =H$26*0.88/0.93 -> 8.5047742 | I12: =I$26 -> 8.9 | J12: =J$26*0.88/0.93 -> 6.4012903 | K12: =K$26*0.88/0.93 -> 6.4012903 | L12: =L$26*0.88/0.93 -> 15.318813 | M12: =M$26 -> 6.24 | N12: =N$26*0.88/0.93 -> 12.244301 | O12: =O$26*0.88/0.93 -> 4.8258065 | P12: =P$26*0.88/0.93 -> 4.7311828 | Q12: =Q$26*0.88/0.93 -> 3.1225806 | R12: =R$26*0.88/0.93 -> 3.7470968 | S12: =S$26 -> 17 | T12: =T$26 -> 15 | U12: =U$26 -> 19 | V12: =V$26 -> 28.29
A13: MG | B13: =B$26 -> 6.24 | C13: =C$26 -> 3.9312 | D13: =D$26 -> 13.3488 | E13: =E$26 -> 8.619 | F13: =F$26 -> 12.39 | G13: 7.5 | H13: =H$26 -> 8.988 | I13: =I$26 -> 8.9 | J13: =J$26 -> 6.765 | K13: =K$26 -> 6.765 | L13: =L$26 -> 16.1892 | M13: =M$26 -> 6.24 | N13: =N$26 -> 12.94 | O13: =O$26 -> 5.1 | ... V13: =V$26 -> 28.29
A14: MS | B14: =B$26 -> 6.24 | C14: =C$26*0.88/0.93 -> 3.7198452 | D14: =D$26 -> 13.3488 | E14: =E$26*0.88/0.93 -> 8.1556129 | F14: =F$26*0.88/0.93 -> 11.723871 | G14: 7.05 | H14: =H$26*0.88/0.93 -> 8.5047742 | I14: =I$26 -> 8.9 | J14: =J$26*0.88/0.93 -> 6.4012903 | K14: =K$26*0.88/0.93 -> 6.4012903 | L14: =L$26*0.88/0.93 -> 15.318813 | M14: =M$26 -> 6.24 | N14: =N$26*0.88/0.93 -> 12.244301 | O14: =O$26*0.88/0.93 -> 4.8258065 | P14: =P$26*0.88/0.93 -> 4.7311828 | Q14: =Q$26*0.88/0.93 -> 3.1225806 | R14: =R$26*0.88/0.93 -> 3.7470968 | S14: =S$26 -> 17 | T14: =T$26 -> 15 | U14: =U$26 -> 19 | V14: =V$26 -> 28.29
A15: MT | B15: =B$26 -> 6.24 | C15: =C$26*0.88/0.93 -> 3.7198452 | D15: =D$26 -> 13.3488 | E15: =E$26*0.88/0.93 -> 8.1556129 | F15: =F$26*0.88/0.93 -> 11.723871 | G15: 7.05 | H15: =H$26*0.88/0.93 -> 8.5047742 | I15: =I$26 -> 8.9 | J15: =J$26*0.88/0.93 -> 6.4012903 | K15: =K$26*0.88/0.93 -> 6.4012903 | L15: =L$26*0.88/0.93 -> 15.318813 | M15: =M$26 -> 6.24 | N15: =N$26*0.88/0.93 -> 12.244301 | O15: =O$26*0.88/0.93 -> 4.8258065 | P15: =P$26*0.88/0.93 -> 4.7311828 | Q15: =Q$26*0.88/0.93 -> 3.1225806 | R15: =R$26*0.88/0.93 -> 3.7470968 | S15: =S$26 -> 17 | T15: =T$26 -> 15 | U15: =U$26 -> 19 | V15: =V$26 -> 28.29
A16: PA | B16: =B$26 -> 6.24 | C16: =C$26*0.88/0.93 -> 3.7198452 | D16: =D$26 -> 13.3488 | E16: =E$26*0.88/0.93 -> 8.1556129 | F16: =F$26*0.88/0.93 -> 11.723871 | G16: 7.05 | H16: =H$26*0.88/0.93 -> 8.5047742 | I16: =I$26 -> 8.9 | J16: =J$26*0.88/0.93 -> 6.4012903 | K16: =K$26*0.88/0.93 -> 6.4012903 | L16: =L$26*0.88/0.93 -> 15.318813 | M16: =M$26 -> 6.24 | N16: =N$26*0.88/0.93 -> 12.244301 | O16: =O$26*0.88/0.93 -> 4.8258065 | P16: =P$26*0.88/0.93 -> 4.7311828 | Q16: =Q$26*0.88/0.93 -> 3.1225806 | R16: =R$26*0.88/0.93 -> 3.7470968 | S16: =S$26 -> 17 | T16: =T$26 -> 15 | U16: =U$26 -> 19 | V16: =V$26 -> 28.29
A17: PB | B17: =B$26 -> 6.24 | C17: =C$26*0.88/0.93 -> 3.7198452 | D17: =D$26 -> 13.3488 | E17: =E$26*0.88/0.93 -> 8.1556129 | F17: =F$26*0.88/0.93 -> 11.723871 | G17: 7.05 | H17: =H$26*0.88/0.93 -> 8.5047742 | I17: =I$26 -> 8.9 | J17: =J$26*0.88/0.93 -> 6.4012903 | K17: =K$26*0.88/0.93 -> 6.4012903 | L17: =L$26*0.88/0.93 -> 15.318813 | M17: =M$26 -> 6.24 | N17: =N$26*0.88/0.93 -> 12.244301 | O17: =O$26*0.88/0.93 -> 4.8258065 | P17: =P$26*0.88/0.93 -> 4.7311828 | Q17: =Q$26*0.88/0.93 -> 3.1225806 | R17: =R$26*0.88/0.93 -> 3.7470968 | S17: =S$26 -> 17 | T17: =T$26 -> 15 | U17: =U$26 -> 19 | V17: =V$26 -> 28.29
A18: PE | B18: =B$26 -> 6.24 | C18: =C$26*0.88/0.93 -> 3.7198452 | D18: =D$26 -> 13.3488 | E18: =E$26*0.88/0.93 -> 8.1556129 | F18: =F$26*0.88/0.93 -> 11.723871 | G18: 7.05 | H18: =H$26*0.88/0.93 -> 8.5047742 | I18: =I$26 -> 8.9 | J18: =J$26*0.88/0.93 -> 6.4012903 | K18: =K$26*0.88/0.93 -> 6.4012903 | L18: =L$26*0.88/0.93 -> 15.318813 | M18: =M$26 -> 6.24 | N18: =N$26*0.88/0.93 -> 12.244301 | O18: =O$26*0.88/0.93 -> 4.8258065 | P18: =P$26*0.88/0.93 -> 4.7311828 | Q18: =Q$26*0.88/0.93 -> 3.1225806 | R18: =R$26*0.88/0.93 -> 3.7470968 | S18: =S$26 -> 17 | T18: =T$26 -> 15 | U18: =U$26 -> 19 | V18: =V$26 -> 28.29
A19: PI | B19: =B$26 -> 6.24 | C19: =C$26*0.88/0.93 -> 3.7198452 | D19: =D$26 -> 13.3488 | E19: =E$26*0.88/0.93 -> 8.1556129 | F19: =F$26*0.88/0.93 -> 11.723871 | G19: 7.05 | H19: =H$26*0.88/0.93 -> 8.5047742 | I19: =I$26 -> 8.9 | J19: =J$26*0.88/0.93 -> 6.4012903 | K19: =K$26*0.88/0.93 -> 6.4012903 | L19: =L$26*0.88/0.93 -> 15.318813 | M19: =M$26 -> 6.24 | N19: =N$26*0.88/0.93 -> 12.244301 | O19: =O$26*0.88/0.93 -> 4.8258065 | P19: =P$26*0.88/0.93 -> 4.7311828 | Q19: =Q$26*0.88/0.93 -> 3.1225806 | R19: =R$26*0.88/0.93 -> 3.7470968 | S19: =S$26 -> 17 | T19: =T$26 -> 15 | U19: =U$26 -> 19 | V19: =V$26 -> 28.29
A20: PR | B20: =B26*0.96/0.88 -> 6.8072727 | C20: =C$26 -> 3.9312 | D20: =D26*0.96/0.88 -> 14.562327 | E20: =E$26 -> 8.619 | F20: =F$26 -> 12.39 | G20: 7.5 | H20: =H$26 -> 8.988 | I20: =I26*0.96/0.88 -> 9.7090909 | J20: =J$26 -> 6.765 | K20: =K$26 -> 6.765 | L20: =L$26 -> 16.1892 | M20: =M26*0.96/0.88 -> 6.8072727 | N20: =N$26 -> 12.94 | O20: =O$26 -> 5.1 | P20: =P$26 -> 5 | Q20: =Q$26 -> 3.3 | R20: =R$26 -> 3.96 | S20: =S26*0.96/0.88 -> 18.545455 | T20: =T26*0.96/0.88 -> 16.363636 | U20: =U26*0.96/0.88 -> 20.727273 | V20: =V26*0.96/0.88 -> 30.861818
A21: RJ | B21: =B$26 -> 6.24 | C21: =C$26 -> 3.9312 | D21: =D$26 -> 13.3488 | E21: =E$26 -> 8.619 | F21: =F$26 -> 12.39 | G21: 7.5 | H21: =H$26 -> 8.988 | I21: =I$26 -> 8.9 | J21: =J$26 -> 6.765 | K21: =K$26 -> 6.765 | L21: =L$26 -> 16.1892 | M21: =M$26 -> 6.24 | N21: =N$26 -> 12.94 | O21: =O$26 -> 5.1 | ... V21: =V$26 -> 28.29
A22: RN | B22: =B$26 -> 6.24 | C22: =C$26*0.88/0.93 -> 3.7198452 | D22: =D$26 -> 13.3488 | E22: =E$26*0.88/0.93 -> 8.1556129 | F22: =F$26*0.88/0.93 -> 11.723871 | G22: 7.05 | H22: =H$26*0.88/0.93 -> 8.5047742 | I22: =I$26 -> 8.9 | J22: =J$26*0.88/0.93 -> 6.4012903 | K22: =K$26*0.88/0.93 -> 6.4012903 | L22: =L$26*0.88/0.93 -> 15.318813 | M22: =M$26 -> 6.24 | N22: =N$26*0.88/0.93 -> 12.244301 | O22: =O$26*0.88/0.93 -> 4.8258065 | P22: =P$26*0.88/0.93 -> 4.7311828 | Q22: =Q$26*0.88/0.93 -> 3.1225806 | R22: =R$26*0.88/0.93 -> 3.7470968 | S22: =S$26 -> 17 | T22: =T$26 -> 15 | U22: =U$26 -> 19 | V22: =V$26 -> 28.29
A23: RO | B23: =B$26 -> 6.24 | C23: =C$26*0.88/0.93 -> 3.7198452 | D23: =D$26 -> 13.3488 | E23: =E$26*0.88/0.93 -> 8.1556129 | F23: =F$26*0.88/0.93 -> 11.723871 | G23: 7.05 | H23: =H$26*0.88/0.93 -> 8.5047742 | I23: =I$26 -> 8.9 | J23: =J$26*0.88/0.93 -> 6.4012903 | K23: =K$26*0.88/0.93 -> 6.4012903 | L23: =L$26*0.88/0.93 -> 15.318813 | M23: =M$26 -> 6.24 | N23: =N$26*0.88/0.93 -> 12.244301 | O23: =O$26*0.88/0.93 -> 4.8258065 | P23: =P$26*0.88/0.93 -> 4.7311828 | Q23: =Q$26*0.88/0.93 -> 3.1225806 | R23: =R$26*0.88/0.93 -> 3.7470968 | S23: =S$26 -> 17 | T23: =T$26 -> 15 | U23: =U$26 -> 19 | V23: =V$26 -> 28.29
A24: RR | B24: =B$26 -> 6.24 | C24: =C$26*0.88/0.93 -> 3.7198452 | D24: =D$26 -> 13.3488 | E24: =E$26*0.88/0.93 -> 8.1556129 | F24: =F$26*0.88/0.93 -> 11.723871 | G24: 7.05 | H24: =H$26*0.88/0.93 -> 8.5047742 | I24: =I$26 -> 8.9 | J24: =J$26*0.88/0.93 -> 6.4012903 | K24: =K$26*0.88/0.93 -> 6.4012903 | L24: =L$26*0.88/0.93 -> 15.318813 | M24: =M$26 -> 6.24 | N24: =N$26*0.88/0.93 -> 12.244301 | O24: =O$26*0.88/0.93 -> 4.8258065 | P24: =P$26*0.88/0.93 -> 4.7311828 | Q24: =Q$26*0.88/0.93 -> 3.1225806 | R24: =R$26*0.88/0.93 -> 3.7470968 | S24: =S$26 -> 17 | T24: =T$26 -> 15 | U24: =U$26 -> 19 | V24: =V$26 -> 28.29
A25: RS | B25: =B$26 -> 6.24 | C25: =C$26 -> 3.9312 | D25: =D$26 -> 13.3488 | E25: =E$26 -> 8.619 | F25: =F$26 -> 12.39 | G25: 7.5 | H25: =H$26 -> 8.988 | I25: =I$26 -> 8.9 | J25: =J$26 -> 6.765 | K25: =K$26 -> 6.765 | L25: =L$26 -> 16.1892 | M25: =M$26 -> 6.24 | N25: =N$26 -> 12.94 | O25: =O$26 -> 5.1 | ... V25: =V$26 -> 28.29
A26: SC | B26: 6.24 | C26: =3.78*1.04 -> 3.9312 | D26: =12.96*1.03 -> 13.3488 | E26: =8.45*1.02 -> 8.619 | F26: =11.8*1.05 -> 12.39 | G26: 7.5 | H26: =8.4*1.07 -> 8.988 | I26: 8.9 | J26: =6.15*1.1 -> 6.765 | K26: =6.15*1.1 -> 6.765 | L26: =14.99*1.08 -> 16.1892 | M26: 6.24 | N26: 12.94 | O26: 5.1 | P26: 5 | Q26: 3.3 | R26: 3.96 | S26: 17 | T26: 15 | U26: 19 | V26: 28.29
A27: SE | B27: =B$26 -> 6.24 | C27: =C$26*0.88/0.93 -> 3.7198452 | D27: =D$26 -> 13.3488 | E27: =E$26*0.88/0.93 -> 8.1556129 | F27: =F$26*0.88/0.93 -> 11.723871 | G27: 7.05 | H27: =H$26*0.88/0.93 -> 8.5047742 | I27: =I$26 -> 8.9 | J27: =J$26*0.88/0.93 -> 6.4012903 | K27: =K$26*0.88/0.93 -> 6.4012903 | L27: =L$26*0.88/0.93 -> 15.318813 | M27: =M$26 -> 6.24 | N27: =N$26*0.88/0.93 -> 12.244301 | O27: =O$26*0.88/0.93 -> 4.8258065 | P27: =P$26*0.88/0.93 -> 4.7311828 | Q27: =Q$26*0.88/0.93 -> 3.1225806 | R27: =R$26*0.88/0.93 -> 3.7470968 | S27: =S$26 -> 17 | T27: =T$26 -> 15 | U27: =U$26 -> 19 | V27: =V$26 -> 28.29
A28: SP | B28: =B$26 -> 6.24 | C28: =C$26 -> 3.9312 | D28: =D$26 -> 13.3488 | E28: =E$26 -> 8.619 | F28: =F$26 -> 12.39 | G28: 7.5 | H28: =H$26 -> 8.988 | I28: =I$26 -> 8.9 | J28: =J$26 -> 6.765 | K28: =K$26 -> 6.765 | L28: =L$26 -> 16.1892 | M28: =M$26 -> 6.24 | N28: =N$26 -> 12.94 | O28: =O$26 -> 5.1 | ... V28: =V$26 -> 28.29
A29: SP/Atacado | B29: =B$26 -> 6.24 | C29: =C$26 -> 3.9312 | D29: =D$26 -> 13.3488 | E29: =E$26 -> 8.619 | F29: =F$26 -> 12.39 | G29: 7.5 | H29: =H$26 -> 8.988 | I29: =I$26 -> 8.9 | J29: =J$26 -> 6.765 | K29: =K$26 -> 6.765 | L29: =L$26 -> 16.1892 | M29: =M$26 -> 6.24 | N29: =N$26 -> 12.94 | O29: =O$26 -> 5.1 | ... V29: =V$26 -> 28.29
A30: TO | B30: =B$26 -> 6.24 | C30: =C$26*0.88/0.93 -> 3.7198452 | D30: =D$26 -> 13.3488 | E30: =E$26*0.88/0.93 -> 8.1556129 | F30: =F$26*0.88/0.93 -> 11.723871 | G30: 7.05 | H30: =H$26*0.88/0.93 -> 8.5047742 | I30: =I$26 -> 8.9 | J30: =J$26*0.88/0.93 -> 6.4012903 | K30: =K$26*0.88/0.93 -> 6.4012903 | L30: =L$26*0.88/0.93 -> 15.318813 | M30: =M$26 -> 6.24 | N30: =N$26*0.88/0.93 -> 12.244301 | O30: =O$26*0.88/0.93 -> 4.8258065 | P30: =P$26*0.88/0.93 -> 4.7311828 | Q30: =Q$26*0.88/0.93 -> 3.1225806 | R30: =R$26*0.88/0.93 -> 3.7470968 | S30: =S$26 -> 17 | T30: =T$26 -> 15 | U30: =U$26 -> 19 | V30: =V$26 -> 28.29
A31: EX | B31: =B30*(1-4%-9.25%) -> 5.4132 | C31: =C30*(1-12%-9.25%) -> 2.9293781 | D31: =D30*(1-4%-9.25%) -> 11.580084 | E31: =E30*(1-12%-9.25%) -> 6.4225452 | F31: =F30*(1-12%-9.25%) -> 9.2325484 | G31: 5.9 | H31: =H30*(1-12%-9.25%) -> 6.6975097 | I31: =I30*(1-4%-9.25%) -> 7.72075 | J31: =J30*(1-12%-9.25%) -> 5.0410161 | K31: =K30*(1-12%-9.25%) -> 5.0410161 | L31: =L30*(1-12%-9.25%) -> 12.063565 | M31: =M30*(1-4%-9.25%) -> 5.4132 | N31: =N30*(1-12%-9.25%) -> 9.6423871 | O31: =O30*(1-12%-9.25%) -> 3.8003226 | P31: =P30*(1-12%-9.25%) -> 3.7258065 | Q31: =Q30*(1-12%-9.25%) -> 2.4590323 | R31: =R30*(1-12%-9.25%) -> 2.9508387 | S31: =S30*(1-4%-9.25%) -> 14.7475 | T31: =T30*(1-4%-9.25%) -> 13.0125 | U31: =U30*(1-4%-9.25%) -> 16.4825 | V31: =V30*(1-4%-9.25%) -> 24.541575
A33: PSC | B33: 8.99 | C33: 5.49 | D33: 18.99 | E33: 12.99 | F33: 17.99 | G33: 13.89 | H33: 12.9 | I33: 11.99 | J33: 9.99 | K33: 9.99 | L33: 24.99 | M33: 9.49 | N33: 18.99
I34: icms 7% | J34: 8.99 | K34: 7.99 | L34: 19.99

Sheet PSC
A1: CONSUMIDOR | B1: CONSUMIDOR | C1: CONSUMIDOR | D1: CONSUMIDOR | E1: CONSUMIDOR | F1: CONSUMIDOR | G1: CONSUMIDOR | H1: CONSUMIDOR | I1: CONSUMIDOR | J1: CONSUMIDOR | K1: CONSUMIDOR | L1: CONSUMIDOR | M1: CONSUMIDOR | N1: CONSUMIDOR | O1: CONSUMIDOR | P1: CONSUMIDOR | Q1: CONSUMIDOR | R1: CONSUMIDOR | S1: CONSUMIDOR | T1: CONSUMIDOR | U1: CONSUMIDOR | V1: CONSUMIDOR
A2: Estado | B2: Papinhas | C2: Palitinhos | D2: Biscoitinhos | E2: Papapasta | F2: La Chef | G2: Linha Cerais | H2: Biscotti | I2: Pouch Carne | J2: P. Cereal 170g Sache sabores | K2: P. Cereal 170g Sache MULTI | L2: MULTI sache 500 g | M2: Yoguzinho | N2: Bowl | O2: Salgadinhos | P2: Bisc. Recheados | Q2: Sucos | R2: Achocolatado | S2: Puer. Talheres | T2: Puer. Bolw | U2: Puer. Babador | V2: Puer. Pratinho
A3: AC | B3: 9.49 | C3: 5.99 | D3: 19.99 | E3: 12.49 | F3: 18.99 | G3: 13.89 | H3: 13.49 | I3: 13.49 | J3: 9.99 | K3: 9.99 | L3: 23.99 | M3: 9.49 | N3: 18.9 | O3: 8.99 | P3: 7.6 | Q3: 5.19 | R3: 5.99 | S3: 35 | T3: 35 | U3: 26 | V3: 47
A4: AL | B4: =B3 -> 9.49 | C4: =C3 -> 5.99 | D4: =D3 -> 19.99 | E4: =E3 -> 12.49 | F4: =F3 -> 18.99 | G4: =G3 -> 13.89 | H4: =H3 -> 13.49 | I4: =I3 -> 13.49 | ... V4: =V3 -> 47
A5: AM | B5: =B4 -> 9.49 | C5: =C4 -> 5.99 | D5: =D4 -> 19.99 | E5: =E4 -> 12.49 | F5: =F4 -> 18.99 | G5: =G4 -> 13.89 | H5: =H4 -> 13.49 | I5: =I4 -> 13.49 | ... V5: =V4 -> 47
A6: AP | B6: =B5 -> 9.49 | C6: =C5 -> 5.99 | D6: =D5 -> 19.99 | E6: =E5 -> 12.49 | F6: =F5 -> 18.99 | G6: =G5 -> 13.89 | H6: =H5 -> 13.49 | I6: =I5 -> 13.49 | ... V6: =V5 -> 47
A7: BA | B7: =B6 -> 9.49 | C7: =C6 -> 5.99 | D7: =D6 -> 19.99 | E7: =E6 -> 12.49 | F7: =F6 -> 18.99 | G7: =G6 -> 13.89 | H7: =H6 -> 13.49 | I7: =I6 -> 13.49 | ... V7: =V6 -> 47
A8: CE | B8: =B7 -> 9.49 | C8: =C7 -> 5.99 | D8: =D7 -> 19.99 | E8: =E7 -> 12.49 | F8: =F7 -> 18.99 | G8: =G7 -> 13.89 | H8: =H7 -> 13.49 | I8: =I7 -> 13.49 | ... V8: =V7 -> 47
A9: DF | B9: =B8 -> 9.49 | C9: =C8 -> 5.99 | D9: =D8 -> 19.99 | E9: =E8 -> 12.49 | F9: =F8 -> 18.99 | G9: =G8 -> 13.89 | H9: =H8 -> 13.49 | I9: =I8 -> 13.49 | ... V9: =V8 -> 47
A10: ES | B10: =B9 -> 9.49 | C10: =C9 -> 5.99 | D10: =D9 -> 19.99 | E10: =E9 -> 12.49 | F10: =F9 -> 18.99 | G10: =G9 -> 13.89 | H10: =H9 -> 13.49 | I10: =I9 -> 13.49 | ... V10: =V9 -> 47
A11: GO | B11: =B10 -> 9.49 | C11: =C10 -> 5.99 | D11: =D10 -> 19.99 | E11: =E10 -> 12.49 | F11: =F10 -> 18.99 | G11: =G10 -> 13.89 | H11: =H10 -> 13.49 | I11: =I10 -> 13.49 | ... V11: =V10 -> 47
A12: MA | B12: =B11 -> 9.49 | C12: =C11 -> 5.99 | D12: =D11 -> 19.99 | E12: =E11 -> 12.49 | F12: =F11 -> 18.99 | G12: =G11 -> 13.89 | H12: =H11 -> 13.49 | I12: =I11 -> 13.49 | ... V12: =V11 -> 47
A13: MG | B13: =B12 -> 9.49 | C13: =C12 -> 5.99 | D13: =D12 -> 19.99 | E13: =E12 -> 12.49 | F13: =F12 -> 18.99 | G13: =G12 -> 13.89 | H13: =H12 -> 13.49 | I13: =I12 -> 13.49 | ... V13: =V12 -> 47
A14: MS | B14: =B13 -> 9.49 | C14: =C13 -> 5.99 | D14: =D13 -> 19.99 | E14: =E13 -> 12.49 | F14: =F13 -> 18.99 | G14: =G13 -> 13.89 | H14: =H13 -> 13.49 | I14: =I13 -> 13.49 | ... V14: =V13 -> 47
A15: MT | B15: =B14 -> 9.49 | C15: =C14 -> 5.99 | D15: =D14 -> 19.99 | E15: =E14 -> 12.49 | F15: =F14 -> 18.99 | G15: =G14 -> 13.89 | H15: =H14 -> 13.49 | I15: =I14 -> 13.49 | ... V15: =V14 -> 47
... A30: TO | B30: =B29 -> 9.49 | C30: =C29 -> 5.99 | D30: =D29 -> 19.99 | E30: =E29 -> 12.49 | F30: =F29 -> 18.99 | G30: =G29 -> 13.89 | H30: =H29 -> 13.49 | I30: =I29 -> 13.49 | ... V30: =V29 -> 47
A31: EX
A33: PSC | B33: 9.49 | C33: 5.79 | D33: 19.99 | E33: 13.69 | F33: 17.99 | G33: 13.89 | H33: 13.49 | I33: 12.49 | J33: 9.99 | K33: 9.99 | L33: 24.99 | M33: 9.49 | N33: 18.99 | O33: 0
I34: icms 7% | J34: 8.99 | K34: 7.99 | L34: 19.99
